year,pick,player,ws,ws_per_48,bpm,vorp,g,mp,seasons
1989,1,Pervis Ellison,21.8,.090,-0.5,4.4,474,11593,11
1989,2,Danny Ferry,34.8,.092,-0.9,4.9,917,18133,13
1989,3,Sean Elliott,55.7,.109,0.2,13.5,742,24502,12
1989,4,Glen Rice,88.7,.122,0.8,24.9,1000,34985,15
1989,5,J.R. Reid,22.5,.070,-2.9,-3.7,672,15370,11
1989,6,Stacey King,10.9,.071,-3.4,-2.7,438,7406,8
1989,7,George McCloud,24.6,.068,-0.8,5.3,766,17429,12
1989,8,Randy White,1.9,.017,-5.0,-4.0,281,5382,5
1989,9,Tom Hammonds,14.7,.068,-3.8,-4.7,687,10419,12
1989,10,Pooh Richardson,26.7,.066,0.2,10.5,639,19399,10
1989,11,Nick Anderson,55.3,.106,1.9,24.7,800,24922,13
1989,12,Mookie Blaylock,71.8,.111,3.0,39.2,889,31026,13
1989,13,Michael Smith,1.4,.049,-3.6,-0.5,141,1328,3
1989,14,Tim Hardaway,85.0,.133,3.1,39.6,867,30626,13
1989,15,Todd Lichti,5.6,.063,-2.5,-0.5,237,4240,5
1989,16,Dana Barros,49.6,.122,1.7,18.1,850,19480,14
1989,17,Shawn Kemp,89.5,.147,0.6,19.4,1051,29293,14
1989,18,B.J. Armstrong,45.0,.121,-0.2,8.1,747,17790,11
1989,19,Kenny Payne,-0.1,-.005,-4.9,-0.9,144,1167,4
1989,20,Jeff Sanders,-0.1,-.008,-6.3,-0.5,55,462,4
1989,21,Blue Edwards,24.2,.063,-1.6,1.9,704,18409,10
1989,22,Byron Irvin,2.1,.121,0.6,0.6,87,849,3
1989,23,Roy Marble,-0.5,-.122,-8.8,-0.3,29,194,2
1989,24,Anthony Cook,1.0,.033,-3.7,-0.7,116,1499,4
1989,25,John Morton,0.5,.013,-3.0,-0.5,128,1879,3
1989,26,Vlade Divac,96.4,.137,2.3,36.3,1134,33838,16
1989,27,Kenny Battle,3.7,.098,-0.4,0.7,134,1795,4
1989,28,Sherman Douglas,32.9,.075,-0.3,9.2,765,21148,12
1989,29,Dyron Nix,0.0,-.015,-5.8,-0.1,20,109,1
1989,30,Frank Kornet,0.0,-.004,-6.2,-0.6,89,595,2
1989,31,Jeff Martin,2.1,.038,-3.2,-0.8,143,2685,2
1989,32,Stanley Brundy,0.2,.057,-3.1,0.0,16,128,1
1989,33,Jay Edwards,0.0,.022,-4.0,0.0,4,26,1
1989,34,Gary Leonard,0.1,.029,-6.9,-0.2,31,149,3
1989,35,Pat Durham,0.7,.037,-2.0,0.0,64,930,2
1989,36,Clifford Robinson,89.7,.101,0.5,26.6,1380,42561,18
1989,37,Michael Ansley,6.4,.142,-1.0,0.6,149,2143,3
1989,38,Doug West,17.7,.051,-3.0,-4.2,676,16649,12
1989,39,Ed Horton,0.4,.050,-4.9,-0.3,45,374,1
1989,40,Dino Radja,14.3,.094,-0.4,3.0,224,7308,4
1989,41,Doug Roth,0.4,.052,-5.3,-0.3,42,412,1
1989,42,Michael Cutright,,,,,,,
1989,43,Chucky Brown,19.0,.076,-2.7,-2.0,694,11962,13
1989,44,Reggie Cross,,,,,,,
1989,45,Scott Haffner,-0.1,-.012,-5.1,-0.5,50,609,2
1989,46,Ricky Blanton,0.0,.088,-0.3,0.0,2,13,1
1989,47,Reggie Turner,,,,,,,
1989,48,Junie Lewis,,,,,,,
1989,49,Haywoode Workman,10.7,.071,-0.7,2.4,359,7202,8
1989,50,Brian Quinnett,0.9,.027,-3.7,-0.6,138,1530,3
1989,51,Mike Morrison,-0.3,-.106,-10.5,-0.3,36,153,1
1989,52,Greg Grant,1.6,.023,-2.9,-0.8,274,3350,6
1989,53,Jeff Hodge,,,,,,,
1989,54,Toney Mack,,,,,,,
1990,1,Derrick Coleman,64.3,.119,1.4,22.3,781,25903,15
1990,2,Gary Payton,145.5,.148,3.3,62.5,1335,47117,17
1990,3,Mahmoud Abdul-Rauf,25.2,.077,-0.8,4.5,586,15628,9
1990,4,Dennis Scott,33.4,.089,0.2,9.9,629,17983,10
1990,5,Kendall Gill,47.8,.078,0.1,15.8,966,29481,15
1990,6,Felton Spencer,20.9,.081,-4.3,-7.0,640,12298,12
1990,7,Lionel Simmons,16.9,.060,0.0,6.7,454,13472,7
1990,8,Bo Kimble,0.1,.004,-5.7,-1.2,105,1336,3
1990,9,Willie Burton,9.1,.065,-2.5,-0.9,316,6666,8
1990,10,Rumeal Robinson,5.2,.041,-1.5,0.8,336,6098,6
1990,11,Tyrone Hill,56.2,.120,-1.9,0.8,801,22388,14
1990,12,Alec Kessler,2.0,.033,-5.9,-2.8,210,2937,4
1990,13,Loy Vaught,35.8,.101,-1.5,2.2,689,16993,11
1990,14,Travis Mays,2.4,.039,-2.6,-0.5,115,2964,3
1990,15,Dave Jamerson,0.2,.018,-3.9,-0.3,90,594,3
1990,16,Terry Mills,33.3,.097,-0.6,5.9,678,16422,11
1990,17,Jerrod Mustaf,1.7,.043,-4.1,-1.0,179,1902,4
1990,18,Duane Causwell,15.8,.081,-2.3,-0.7,541,9409,11
1990,19,Dee Brown,33.4,.095,0.8,11.6,608,16843,12
1990,20,Gerald Glass,1.8,.025,-1.9,0.1,201,3347,4
1990,21,Jayson Williams,20.0,.098,-2.8,-2.1,475,9805,9
1990,22,Tate George,1.3,.032,-3.5,-0.8,177,2019,4
1990,23,Anthony Bonner,10.8,.070,-2.0,0.1,318,7372,6
1990,24,Dwayne Schintzius,1.0,.024,-5.0,-1.5,217,1950,8
1990,25,Alaa Abdelnaby,4.8,.072,-3.8,-1.5,256,3200,5
1990,26,Lance Blanks,0.7,.031,-3.2,-0.3,142,1045,3
1990,27,Elden Campbell,62.8,.117,-0.5,9.5,1044,25776,15
1990,28,Les Jepsen,0.1,.031,-8.0,-0.3,52,192,2
1990,29,Toni Kukoc,59.6,.129,2.8,27.2,846,22212,13
1990,30,Carl Herrera,9.0,.054,-3.7,-3.4,465,8042,8
1990,31,Negele Knight,4.2,.044,-3.0,-1.1,276,4513,6
1990,32,Brian Oliver,-0.5,-.020,-5.9,-1.2,118,1182,4
1990,33,Walter Palmer,-0.1,-.013,-6.7,-0.2,48,209,2
1990,34,Kevin Pritchard,0.4,.017,-4.0,-0.6,94,1125,4
1990,35,Greg Foster,5.6,.033,-5.5,-7.0,656,7974,13
1990,36,Trevor Wilson,0.8,.023,-3.4,-0.6,103,1609,4
1990,37,A.J. English,1.1,.017,-3.9,-1.5,151,3108,2
1990,38,Jud Buechler,16.5,.094,-0.1,4.0,720,8444,12
1990,39,Steve Scheffler,2.9,.153,-1.9,0.0,174,918,7
1990,40,Bimbo Coles,27.4,.065,-1.6,1.9,852,20319,14
1990,41,Stephen Bardo,-0.1,-.020,-4.0,-0.2,33,299,3
1990,42,Marcus Liberty,4.0,.042,-2.6,-0.7,267,4568,4
1990,43,Tony Massenburg,15.6,.061,-4.5,-7.8,683,12291,13
1990,44,Steve Henson,3.8,.079,-1.8,0.1,238,2282,7
1990,45,Antonio Davis,59.6,.110,-1.3,4.4,903,26084,13
1990,46,Kenny Williams,7.4,.122,0.1,1.5,260,2918,4
1990,47,Derek Strong,18.5,.104,-2.1,-0.3,456,8548,10
1990,48,Cedric Ceballos,40.4,.132,0.7,10.1,609,14712,11
1990,49,Phil Henderson,,,,,,,
1990,50,Milos Babic,-0.1,-.028,-5.9,-0.1,21,87,2
1990,51,Tony Smith,6.7,.044,-2.0,0.0,457,7295,9
1990,52,Stefano Rusconi,-0.1,-.104,-11.4,-0.1,7,30,1
1990,53,Abdul Shamsid-Deen,,,,,,,
1990,54,Sean Higgins,0.4,.006,-4.7,-2.3,220,3334,6
1991,1,Larry Johnson,69.7,.130,1.4,22.0,707,25685,10
1991,2,Kenny Anderson,62.5,.116,1.4,21.9,858,25868,14
1991,3,Billy Owens,28.6,.078,-0.2,7.8,600,17619,10
1991,4,Dikembe Mutombo,117.0,.153,1.7,33.9,1196,36791,18
1991,5,Steven Smith,83.7,.139,1.4,24.6,942,28855,14
1991,6,Doug Smith,3.0,.024,-3.6,-2.4,296,5833,5
1991,7,Luc Longley,17.5,.070,-2.6,-1.9,567,12006,10
1991,8,Mark Macon,0.1,.001,-3.7,-2.2,251,5018,6
1991,9,Stacey Augmon,43.8,.097,-0.2,9.8,1001,21658,15
1991,10,Bison Dele,22.8,.109,-0.6,3.4,413,10004,8
1991,11,Terrell Brandon,65.9,.147,3.6,30.3,724,21545,11
1991,12,Greg Anthony,35.9,.109,1.3,13.3,757,15850,11
1991,13,Dale Davis,86.9,.141,0.5,18.4,1094,29606,16
1991,14,Rich King,0.2,.036,-6.9,-0.4,72,309,4
1991,15,Anthony Avent,0.3,.002,-5.7,-6.4,352,6729,6
1991,16,Chris Gatling,32.1,.112,-1.1,3.2,700,13760,11
1991,17,Victor Alexander,8.8,.073,-2.2,-0.3,286,5755,5
1991,18,Kevin Brooks,-0.1,-.004,-5.9,-1.0,126,1031,3
1991,19,Labradford Smith,1.5,.024,-3.6,-1.2,183,3131,3
1991,20,John Turner,-0.1,-.021,-7.9,-0.5,42,345,1
1991,21,Eric Murdock,25.6,.103,2.0,12.1,508,11882,9
1991,22,LeRon Ellis,1.2,.069,-3.5,-0.3,91,857,3
1991,23,Stanley Roberts,8.1,.066,-3.4,-2.0,300,5869,8
1991,24,Rick Fox,44.7,.090,0.0,11.7,930,23723,13
1991,25,Shaun Vandiver,,,,,,,
1991,26,Mark Randall,1.0,.054,-3.3,-0.3,127,883,4
1991,27,Pete Chilcutt,10.6,.060,-1.8,0.3,584,8394,9
1991,28,Kevin Lynch,0.4,.016,-4.4,-0.7,95,1143,2
1991,29,George Ackles,,,,,,,
1991,30,Rodney Monroe,-0.2,-.035,-5.3,-0.3,38,313,1
1991,31,Randy Brown,11.0,.046,-1.9,0.2,655,11533,12
1991,32,Chad Gallagher,0.1,1.442,30.1,0.0,2,3,1
1991,33,Donald Hodge,1.8,.025,-4.2,-1.9,249,3501,5
1991,34,Myron Brown,0.0,.032,-1.8,0.0,4,23,1
1991,35,Mike Iuzzolino,3.7,.058,-1.9,0.1,122,3049,2
1991,36,Chris Corchiani,1.6,.058,-1.8,0.1,112,1313,3
1991,37,Elliot Perry,14.0,.071,-0.5,3.6,549,9501,10
1991,38,Joe Wylie,,,,,,,
1991,39,Jimmy Oliver,0.3,.018,-4.7,-0.6,78,856,5
1991,40,Doug Overton,2.5,.016,-3.9,-3.5,499,7275,11
1991,41,Sean Green,-1.3,-.095,-7.0,-0.8,84,671,3
1991,42,Steve Hood,,,,,,,
1991,43,Lamont Strothers,-0.5,-.142,-7.7,-0.2,13,155,2
1991,44,Alvaro Teheran,,,,,,,
1991,45,Bobby Phills,27.2,.097,0.2,7.5,467,13426,9
1991,46,Richard Dumas,4.5,.097,-0.2,1.0,102,2226,3
1991,47,Keith Hughes,,,,,,,
1991,48,Ike Austin,9.2,.053,-2.5,-1.0,432,8350,9
1991,49,Greg Sutton,1.0,.024,-3.6,-0.8,168,1946,3
1991,50,Joey Wright,,,,,,,
1991,51,Zan Tabak,2.4,.032,-4.9,-2.7,247,3607,6
1991,52,Anthony Jones,,,,,,,
1991,53,Von McDade,,,,,,,
1991,54,Marcus Kennedy,,,,,,,
1992,1,Shaquille O'Neal,181.7,.208,5.1,75.5,1207,41918,19
1992,2,Alonzo Mourning,89.7,.166,2.2,27.4,838,25975,15
1992,3,Christian Laettner,64.9,.121,1.0,19.5,868,25760,13
1992,4,Jim Jackson,35.8,.059,-0.9,8.2,885,29067,14
1992,5,LaPhonso Ellis,32.8,.089,-1.0,4.6,624,17616,11
1992,6,Tom Gugliotta,40.2,.082,0.6,15.3,763,23556,13
1992,7,Walt Williams,33.9,.087,0.5,11.8,708,18818,11
1992,8,Todd Day,17.5,.069,-0.9,3.4,483,12214,8
1992,9,Clar. Weatherspoon,58.4,.101,-0.3,11.8,915,27736,13
1992,10,Adam Keefe,24.9,.115,-1.3,1.7,617,10334,9
1992,11,Robert Horry,66.3,.118,1.9,26.4,1107,27069,16
1992,12,Harold Miner,4.2,.053,-3.0,-0.9,200,3748,4
1992,13,Bryant Stith,29.5,.086,-0.8,4.9,586,16417,10
1992,14,Malik Sealy,17.1,.070,-1.2,2.2,493,11720,8
1992,15,Anthony Peeler,30.7,.072,-0.7,6.6,827,20464,13
1992,16,Randy Woods,0.6,.026,-1.5,0.1,151,1093,4
1992,17,Doug Christie,55.7,.102,1.1,20.7,827,26079,15
1992,18,Tracy Murray,24.1,.096,-0.1,5.8,659,12103,12
1992,19,Don MacLean,9.4,.067,-2.5,-0.9,319,6679,9
1992,20,Hubert Davis,27.7,.088,-0.9,4.2,685,15143,12
1992,21,Jon Barry,37.2,.129,1.8,13.4,821,13880,14
1992,22,Oliver Miller,21.1,.089,0.6,7.4,493,11338,9
1992,23,Lee Mayberry,7.9,.036,-2.9,-2.3,496,10337,7
1992,24,Latrell Sprewell,56.3,.077,0.4,21.0,913,35270,13
1992,25,Elmore Spencer,0.0,.001,-4.6,-1.7,157,2641,5
1992,26,Dave Johnson,-0.3,-.032,-8.2,-0.7,59,475,2
1992,27,Byron Houston,3.9,.069,-3.9,-1.3,214,2674,4
1992,28,Marlon Maxey,2.6,.109,-3.0,-0.3,98,1146,2
1992,29,P.J. Brown,89.8,.128,0.0,17.4,1089,33823,15
1992,30,Sean Rooks,16.2,.057,-2.9,-3.1,749,13560,12
1992,31,Reggie Smith,0.4,.051,-5.1,-0.3,66,384,2
1992,32,Brent Price,12.0,.082,-0.8,2.2,418,7007,9
1992,33,Corey Williams,0.2,.037,-5.6,-0.3,39,288,2
1992,34,Chris Smith,3.2,.039,-2.3,-0.3,224,3956,3
1992,35,Tony Bennett,1.6,.041,-2.7,-0.3,152,1886,3
1992,36,Duane Cooper,-0.5,-.032,-6.1,-0.8,88,781,2
1992,37,Isaiah Morris,0.0,-.022,-5.7,-0.1,25,102,1
1992,38,Elmer Bennett,-0.3,-.095,-6.9,-0.2,21,159,3
1992,39,Litterial Green,1.6,.066,-2.4,-0.1,148,1189,5
1992,40,Steve Rogers,,,,,,,
1992,41,Popeye Jones,22.0,.084,-2.7,-2.1,535,12579,11
1992,42,Matt Geiger,28.4,.112,-1.8,0.6,552,12221,10
1992,43,Sasha Danilovic,4.2,.087,-0.7,0.8,75,2331,2
1992,44,Henry Williams,,,,,,,
1992,45,Chris King,1.0,.023,-2.8,-0.4,103,2058,3
1992,46,Robert Werdann,0.1,.026,-6.3,-0.3,47,273,3
1992,47,Darren Morningstar,0.4,.048,-4.5,-0.2,23,367,1
1992,48,Brian Davis,0.0,.000,-4.7,-0.3,68,374,1
1992,49,Ron Ellis,,,,,,,
1992,50,Matt Fish,0.6,.058,-3.1,-0.1,50,512,3
1992,51,Tim Burroughs,,,,,,,
1992,52,Matt Steigenga,0.0,-.126,-8.5,0.0,2,12,1
1992,53,Curtis Blair,,,,,,,
1992,54,Brett Roberts,,,,,,,
1993,1,Chris Webber,84.7,.132,3.4,42.1,831,30847,15
1993,2,Shawn Bradley,40.7,.100,-0.2,8.9,832,19531,12
1993,3,Anfernee Hardaway,61.9,.125,2.5,26.9,704,23711,14
1993,4,Jamal Mashburn,43.7,.092,0.3,13.4,611,22762,11
1993,5,Isaiah Rider,22.8,.061,-1.0,4.5,563,17851,9
1993,6,Calbert Cheaney,23.1,.050,-2.5,-2.9,825,22007,13
1993,7,Bobby Hurley,-1.2,-.014,-5.4,-3.5,269,4170,5
1993,8,Vin Baker,47.0,.088,-1.2,5.3,791,25737,13
1993,9,Rodney Rogers,38.8,.085,-0.3,9.7,866,21873,12
1993,10,Lindsey Hunter,32.9,.068,-0.4,9.4,937,23253,17
1993,11,Allan Houston,55.3,.094,0.1,15.0,839,28311,12
1993,12,George Lynch,32.3,.088,-0.4,7.3,774,17683,12
1993,13,Terry Dehere,7.3,.048,-2.6,-1.1,402,7305,6
1993,14,Scott Haskin,0.3,.087,-2.8,0.0,27,186,1
1993,15,Doug Edwards,0.2,.013,-4.8,-0.6,85,838,3
1993,16,Rex Walters,6.3,.066,-2.0,0.0,335,4602,7
1993,17,Greg Graham,1.3,.025,-3.8,-1.2,207,2530,5
1993,18,Luther Wright,-0.1,-.064,-12.3,-0.2,15,92,1
1993,19,Acie Earl,0.3,.005,-5.9,-2.5,193,2512,4
1993,20,Scott Burrell,16.4,.104,0.7,5.2,383,7592,8
1993,21,James Robinson,5.8,.040,-2.0,0.0,381,6935,7
1993,22,Chris Mills,37.7,.105,-0.5,6.8,568,17282,10
1993,23,Ervin Johnson,37.8,.107,-1.4,2.6,845,16989,13
1993,24,Sam Cassell,87.5,.141,1.8,28.8,993,29812,15
1993,25,Corie Blount,18.2,.088,-2.5,-1.1,644,9925,11
1993,26,Geert Hammink,0.1,.089,-3.7,0.0,8,27,3
1993,27,Malcolm Mackey,0.1,.036,-8.7,-0.1,22,69,1
1993,28,Lucious Harris,28.7,.088,-0.9,4.5,800,15701,12
1993,29,Sherron Mills,,,,,,,
1993,30,Gheorghe Muresan,19.0,.136,-0.3,2.9,307,6729,6
1993,31,Evers Burns,0.1,.020,-5.5,-0.1,23,143,1
1993,32,Alphonso Ford,-0.4,-.153,-8.4,-0.2,11,114,2
1993,33,Eric Riley,2.5,.066,-3.8,-0.9,186,1844,5
1993,34,Darnell Mee,-0.1,-.020,-2.8,-0.1,40,293,2
1993,35,Ed Stokes,0.0,-.078,-7.6,0.0,4,17,1
1993,36,John Best,,,,,,,
1993,37,Nick Van Exel,55.9,.093,0.4,17.7,880,28969,13
1993,38,Conrad McRae,,,,,,,
1993,39,Thomas Hill,,,,,,,
1993,40,Richard Manning,-0.3,-.028,-8.3,-0.8,55,512,2
1993,41,Anthony Reed,,,,,,,
1993,42,Adonis Jordan,0.0,-.015,-2.9,0.0,10,97,2
1993,43,Josh Grant,0.5,.060,-2.3,0.0,53,382,1
1993,44,Alex Holcombe,,,,,,,
1993,45,Bryon Russell,47.4,.115,0.4,11.8,841,19805,13
1993,46,Richard Petruska,0.0,-.014,-8.2,-0.1,22,92,1
1993,47,Chris Whitney,21.2,.101,-0.2,4.6,579,10052,11
1993,48,Kevin Thompson,0.0,-.016,-8.1,-0.1,14,58,1
1993,49,Mark Buford,,,,,,,
1993,50,Marcelo Nicola,,,,,,,
1993,51,Spencer Dunkley,,,,,,,
1993,52,Mike Peplowski,1.0,.067,-4.5,-0.4,68,705,3
1993,53,Leonard White,,,,,,,
1993,54,Byron Wilson,,,,,,,
1994,1,Glenn Robinson,39.8,.075,0.1,13.5,688,25346,11
1994,2,Jason Kidd,138.6,.133,3.8,73.5,1391,50111,19
1994,3,Grant Hill,99.9,.138,3.0,43.6,1026,34776,18
1994,4,Donyell Marshall,59.0,.113,1.1,19.9,957,25027,15
1994,5,Juwan Howard,59.4,.078,-1.6,3.8,1208,36654,19
1994,6,Sharone Wright,1.4,.015,-4.8,-3.2,203,4531,4
1994,7,Lamond Murray,19.8,.052,-1.2,4.0,736,18477,11
1994,8,Brian Grant,54.5,.122,-0.8,6.2,756,21417,12
1994,9,Eric Montross,8.5,.048,-4.4,-5.2,465,8479,8
1994,10,Eddie Jones,100.6,.147,3.1,42.3,954,32778,14
1994,11,Carlos Rogers,11.1,.095,-1.0,1.5,298,5654,8
1994,12,Khalid Reeves,8.4,.069,-1.3,1.0,277,5837,6
1994,13,Jalen Rose,47.2,.081,-0.2,12.3,923,27925,13
1994,14,Yinka Dare,-0.7,-.033,-8.4,-1.6,110,1002,4
1994,15,Eric Piatkowski,31.0,.102,0.2,7.9,789,14613,14
1994,16,Clifford Rozier,3.9,.063,-3.5,-1.1,173,2984,4
1994,17,Aaron McKie,40.0,.100,0.7,12.9,793,19156,13
1994,18,Eric Mobley,1.1,.034,-4.3,-0.9,113,1570,3
1994,19,Tony Dumas,1.3,.027,-3.3,-0.7,156,2222,4
1994,20,B.J. Tyler,-0.7,-.039,-5.0,-0.6,55,809,1
1994,21,Dickey Simpkins,4.7,.044,-4.5,-3.3,327,5201,7
1994,22,Bill Curley,1.6,.047,-5.3,-1.3,147,1614,5
1994,23,Wesley Person,44.0,.102,0.9,15.2,733,20727,11
1994,24,Monty Williams,11.4,.072,-1.8,0.3,456,7624,9
1994,25,Greg Minor,8.2,.077,-1.5,0.7,277,5144,5
1994,26,Charlie Ward,33.0,.113,2.1,14.5,630,14080,11
1994,27,Brooks Thompson,2.0,.057,-1.5,0.2,168,1714,4
1994,28,Deon Thomas,,,,,,,
1994,29,Antonio Lang,1.7,.057,-3.8,-0.6,143,1395,6
1994,30,Howard Eisley,19.5,.058,-1.7,1.3,786,16013,12
1994,31,Rodney Dent,,,,,,,
1994,32,Jim McIlvaine,9.4,.076,-2.2,-0.3,401,5927,7
1994,33,Derrick Alston,2.6,.047,-2.8,-0.5,139,2657,3
1994,34,Gaylon Nickerson,0.1,.076,-1.2,0.0,4,42,1
1994,35,Michael Smith,23.4,.107,-0.1,5.1,449,10552,7
1994,36,Andrei Fetisov,,,,,,,
1994,37,Dontonio Wingfield,1.8,.074,-2.6,-0.2,114,1146,4
1994,38,Darrin Hancock,1.1,.038,-3.3,-0.5,133,1395,3
1994,39,Anthony Miller,3.8,.110,-2.6,-0.2,181,1637,8
1994,40,Jeff Webster,0.0,-.030,-4.9,0.0,11,58,1
1994,41,William Njoku,,,,,,,
1994,42,Gary Collier,,,,,,,
1994,43,Shawnelle Scott,1.3,.101,-3.8,-0.3,105,634,4
1994,44,Damon Bailey,,,,,,,
1994,45,Dwayne Morton,0.2,.025,-3.5,-0.1,41,395,1
1994,46,Voshon Lenard,29.6,.093,0.0,7.9,565,15349,11
1994,47,Jamie Watson,1.2,.045,-1.5,0.2,102,1248,4
1994,48,Jevon Crudup,,,,,,,
1994,49,Kris Bruton,,,,,,,
1994,50,Charles Claxton,0.0,-.179,-18.9,0.0,3,7,1
1994,51,Lawrence Funderburke,12.9,.131,-0.5,1.8,318,4726,7
1994,52,Anthony Goldwire,6.4,.062,-1.8,0.3,266,4951,8
1994,53,Albert Burditt,,,,,,,
1994,54,Zeljko Rebraca,8.3,.121,-2.2,-0.2,215,3280,5
1995,1,Joe Smith,60.3,.107,-1.5,3.0,1030,27022,16
1995,2,Antonio McDyess,69.8,.119,-0.1,13.2,1015,28053,15
1995,3,Jerry Stackhouse,52.4,.083,0.3,17.4,970,30222,18
1995,4,Rasheed Wallace,105.1,.139,2.2,38.3,1109,36243,16
1995,5,Kevin Garnett,191.4,.182,5.6,96.9,1462,50418,21
1995,6,Bryant Reeves,13.0,.052,-3.4,-4.3,395,12071,6
1995,7,Damon Stoudamire,55.4,.091,0.3,16.8,878,29106,13
1995,8,Shawn Respert,2.1,.043,-2.3,-0.2,172,2350,4
1995,9,Ed O'Bannon,1.1,.025,-3.5,-0.7,128,2062,2
1995,10,Kurt Thomas,64.2,.114,-0.8,8.6,1110,27160,18
1995,11,Gary Trent,23.2,.113,-1.0,2.4,506,9866,9
1995,12,Cherokee Parks,11.8,.076,-2.4,-0.7,472,7459,9
1995,13,Corliss Williamson,34.7,.089,-2.0,-0.1,822,18749,12
1995,14,Eric Williams,23.2,.071,-2.4,-1.5,658,15731,12
1995,15,Brent Barry,70.5,.143,2.6,27.7,912,23643,14
1995,16,Alan Henderson,28.0,.097,-1.8,0.6,652,13780,12
1995,17,Bob Sura,28.3,.087,0.4,9.4,657,15597,10
1995,18,Theo Ratliff,47.9,.112,0.0,10.3,810,20500,16
1995,19,Randolph Childress,-0.2,-.026,-5.7,-0.4,51,405,2
1995,20,Jason Caffey,13.5,.072,-3.6,-3.6,462,9045,8
1995,21,Michael Finley,85.2,.108,1.0,28.8,1103,37996,15
1995,22,George Zidek,0.8,.029,-7.5,-1.8,135,1328,3
1995,23,Travis Best,30.9,.098,-0.4,6.0,708,15150,10
1995,24,Loren Meyer,0.5,.012,-7.2,-2.7,140,2044,3
1995,25,David Vaughn,0.6,.026,-6.4,-1.3,118,1156,4
1995,26,Sherell Ford,0.4,.124,-5.2,-0.1,28,139,1
1995,27,Mario Bennett,1.9,.153,-0.8,0.2,68,606,4
1995,28,Greg Ostertag,33.8,.110,-0.6,5.1,756,14753,11
1995,29,Cory Alexander,3.0,.030,-1.7,0.4,307,4847,7
1995,30,Lou Roe,0.0,-.001,-4.9,-0.4,66,479,2
1995,31,Dragan Tarlac,-0.2,-.016,-7.3,-0.8,43,598,1
1995,32,Terrence Rencher,-0.2,-.021,-4.0,-0.2,36,405,1
1995,33,Junior Burrough,-0.2,-.018,-7.5,-0.7,61,495,1
1995,34,Andrew DeClercq,19.4,.094,-2.9,-2.4,587,9847,10
1995,35,Jimmy King,0.0,.001,-4.6,-0.6,64,890,2
1995,36,Lawrence Moten,0.0,.001,-2.1,0.0,119,1814,3
1995,37,Frankie King,0.0,.025,-4.7,-0.1,13,79,2
1995,38,Rashard Griffith,,,,,,,
1995,39,Donny Marshall,0.9,.045,-3.8,-0.4,119,919,5
1995,40,Dwayne Whitfield,0.0,.010,-7.2,-0.2,8,122,1
1995,41,Erik Meek,,,,,,,
1995,42,Donnie Boyce,-0.3,-.064,-4.9,-0.1,30,195,2
1995,43,Eric Snow,43.4,.090,-1.0,5.9,846,23132,13
1995,44,Anthony Pelle,,,,,,,
1995,45,Troy Brown,,,,,,,
1995,46,George Banks,,,,,,,
1995,47,Tyus Edney,6.8,.069,-1.5,0.7,226,4743,4
1995,48,Mark Davis,2.3,.030,-2.4,-0.4,230,3681,5
1995,49,Jerome Allen,0.2,.006,-3.2,-0.4,117,1305,2
1995,50,Martin Lewis,0.1,.026,-5.0,-0.2,25,239,2
1995,51,Dejan Bodiroga,,,,,,,
1995,52,Fred Hoiberg,27.6,.133,1.2,8.0,541,9978,10
1995,53,Constantin Popa,,,,,,,
1995,54,Aurelijius Zukauskas,,,,,,,
1995,55,Michael McDonald,-0.1,-.638,-32.4,0.0,1,4,1
1995,56,Chris Carr,3.9,.042,-3.0,-1.1,297,4505,6
1995,57,Cuonzo Martin,-0.1,-.151,-6.3,0.0,7,32,2
1995,58,Don Reid,13.7,.123,-2.1,-0.2,403,5374,8
1996,1,Allen Iverson,99.0,.126,3.2,49.6,914,37584,14
1996,2,Marcus Camby,81.6,.137,2.3,31.3,973,28684,17
1996,3,Shareef Abdur-Rahim,71.2,.118,1.0,21.9,830,28882,12
1996,4,Stephon Marbury,77.5,.117,1.8,30.7,846,31891,13
1996,5,Ray Allen,145.1,.150,2.9,57.6,1300,46344,18
1996,6,Antoine Walker,38.1,.058,0.3,18.0,893,31531,12
1996,7,Lorenzen Wright,30.5,.079,-2.6,-3.0,778,18535,13
1996,8,Kerry Kittles,44.8,.127,2.2,18.0,507,16929,8
1996,9,Samaki Walker,14.2,.089,-2.6,-1.1,445,7612,10
1996,10,Erick Dampier,52.7,.105,-1.3,4.1,987,24003,16
1996,11,Todd Fuller,2.2,.041,-5.7,-2.3,225,2500,5
1996,12,Vitaly Potapenko,15.5,.064,-4.0,-5.9,610,11608,11
1996,13,Kobe Bryant,172.7,.170,4.6,80.1,1346,48637,20
1996,14,Peja Stojakovic,82.6,.147,1.9,26.2,804,26966,13
1996,15,Steve Nash,129.7,.164,3.0,48.2,1217,38069,18
1996,16,Tony Delk,19.5,.080,-0.4,4.8,545,11702,10
1996,17,Jermaine O'Neal,66.0,.116,0.3,15.6,1011,27364,18
1996,18,John Wallace,6.4,.050,-2.7,-1.0,381,6143,7
1996,19,Walter McCarty,13.8,.064,-1.7,0.8,593,10374,10
1996,20,Zydrunas Ilgauskas,66.3,.139,-0.2,10.2,843,22965,13
1996,21,Dontae' Jones,-0.3,-.175,-10.9,-0.2,15,91,1
1996,22,Roy Rogers,1.7,.035,-3.7,-1.0,137,2309,3
1996,23,Efthimios Rentzias,0.2,.058,-3.8,-0.1,35,144,1
1996,24,Derek Fisher,62.3,.091,-0.9,8.9,1287,32719,18
1996,25,Martin Muursepp,2.0,.100,-1.6,0.1,83,951,2
1996,26,Jerome Williams,37.9,.143,0.3,7.4,587,12755,9
1996,27,Brian Evans,1.7,.076,-0.8,0.3,102,1097,3
1996,28,Priest Lauderdale,-0.8,-.074,-7.9,-0.8,74,525,2
1996,29,Travis Knight,7.9,.083,-3.0,-1.1,371,4566,7
1996,30,Othella Harrington,23.1,.080,-3.4,-4.9,709,13924,12
1996,31,Mark Hendrickson,2.1,.067,-3.8,-0.7,114,1508,4
1996,32,Ryan Minor,,,,,,,
1996,33,Moochie Norris,10.0,.063,-1.4,1.2,445,7640,9
1996,34,Shawn Harvey,,,,,,,
1996,35,Joseph Blair,,,,,,,
1996,36,Doron Sheffer,,,,,,,
1996,37,Jeff McInnis,23.1,.070,-2.1,-0.3,576,15927,11
1996,38,Steve Hamer,0.2,.031,-6.5,-0.3,35,268,1
1996,39,Russ Millard,,,,,,,
1996,40,Marcus Mann,,,,,,,
1996,41,Jason Sasser,0.0,-.014,-5.7,-0.1,14,108,2
1996,42,Randy Livingston,2.3,.041,-2.5,-0.3,203,2684,11
1996,43,Ben Davis,0.1,.040,-5.5,-0.1,40,154,4
1996,44,Malik Rose,26.5,.095,-2.1,-0.4,813,13404,13
1996,45,Joe Vogel,,,,,,,
1996,46,Marcus Brown,0.3,.066,-2.6,0.0,27,229,2
1996,47,Ron Riley,,,,,,,
1996,48,Jamie Feick,8.2,.091,-2.7,-0.7,201,4316,5
1996,49,Amal McCaskill,0.5,.024,-4.7,-0.7,114,968,4
1996,50,Terrell Bell,,,,,,,
1996,51,Chris Robinson,-0.1,-.003,-4.0,-0.6,76,1095,2
1996,52,Mark Pope,1.3,.038,-4.3,-0.9,153,1634,6
1996,53,Jeff Nordgaard,0.0,.043,-3.7,0.0,13,48,1
1996,54,Shandon Anderson,23.6,.071,-1.3,3.0,719,15946,10
1996,55,Ronnie Henderson,,,,,,,
1996,56,Reggie Geary,0.6,.032,-2.5,-0.1,101,931,2
1996,57,Drew Barry,0.6,.051,-3.5,-0.2,60,598,3
1996,58,Darnell Robinson,,,,,,,
1997,1,Tim Duncan,206.4,.209,5.6,91.1,1392,47368,19
1997,2,Keith Van Horn,41.7,.110,0.1,9.6,575,18150,9
1997,3,Chauncey Billups,120.8,.176,3.2,43.5,1043,33008,17
1997,4,Antonio Daniels,47.0,.115,0.0,10.1,872,19671,13
1997,5,Tony Battie,36.4,.099,-1.8,0.8,837,17649,14
1997,6,Ron Mercer,9.4,.034,-2.7,-2.5,432,13418,8
1997,7,Tim Thomas,35.2,.079,-0.8,6.4,824,21336,13
1997,8,Adonal Foyle,18.7,.069,-1.7,1.1,733,13060,12
1997,9,Tracy McGrady,97.3,.152,5.2,55.7,938,30658,15
1997,10,Danny Fortson,22.3,.121,-3.2,-2.6,440,8832,10
1997,11,Tariq Abdul-Wahad,3.5,.035,-3.0,-1.2,236,4807,6
1997,12,Austin Croshere,27.6,.115,-0.1,5.6,659,11480,12
1997,13,Derek Anderson,43.9,.117,1.0,13.5,615,17975,11
1997,14,Maurice Taylor,9.9,.036,-3.6,-5.3,534,13324,9
1997,15,Kelvin Cato,28.6,.129,-0.3,4.4,541,10617,10
1997,16,Brevin Knight,32.6,.086,0.3,10.5,729,18176,12
1997,17,Johnny Taylor,0.1,.007,-4.0,-0.4,54,866,3
1997,18,Chris Anstey,2.8,.062,-2.9,-0.5,155,2157,3
1997,19,Scot Pollard,26.6,.153,-0.6,2.9,506,8372,11
1997,20,Paul Grant,-0.1,-.043,-8.7,-0.2,16,111,2
1997,21,Anthony Parker,24.5,.085,-0.2,6.1,494,13752,9
1997,22,Ed Gray,0.1,.009,-4.0,-0.4,60,809,2
1997,23,Bobby Jackson,31.4,.090,0.4,10.0,755,16790,12
1997,24,Rodrick Rhodes,-1.6,-.064,-6.3,-1.3,72,1234,3
1997,25,John Thomas,3.2,.067,-4.4,-1.4,208,2253,5
1997,26,Charles Smith,1.5,.036,-1.1,0.4,142,1973,5
1997,27,Jacque Vaughn,15.4,.058,-3.4,-4.5,776,12658,12
1997,28,Keith Booth,-0.8,-.080,-6.1,-0.5,45,449,2
1997,29,Serge Zwikker,,,,,,,
1997,30,Mark Sanford,,,,,,,
1997,31,Charles O'Bannon,0.6,.070,-2.0,0.0,48,399,2
1997,32,James Cotton,0.0,.008,-6.6,-0.1,19,92,2
1997,33,Marko Milic,0.2,.047,-2.4,0.0,44,216,2
1997,34,Bubba Wells,0.1,.013,-3.5,-0.2,39,395,1
1997,35,Kebu Stewart,0.2,.098,-1.4,0.0,15,110,1
1997,36,James Collins,0.0,.008,-1.0,0.0,23,103,1
1997,37,Marc Jackson,13.0,.082,-2.7,-1.4,387,7572,7
1997,38,Jerald Honeycutt,0.3,.020,-3.3,-0.2,54,632,2
1997,39,Anthony Johnson,23.2,.072,-1.5,2.0,793,15552,13
1997,40,Eddie Elisma,,,,,,,
1997,41,Jason Lawson,0.5,.280,4.8,0.1,17,80,1
1997,42,Stephen Jackson,36.1,.063,-0.4,11.2,858,27398,14
1997,43,Gordon Malone,,,,,,,
1997,44,Cedric Henderson,3.3,.026,-2.8,-1.3,260,6182,5
1997,45,God Shammgod,-0.1,-.049,-6.2,-0.2,20,146,1
1997,46,Eric Washington,0.1,.002,-3.5,-0.9,104,2300,2
1997,47,Alvin Williams,21.7,.082,-0.4,4.9,460,12610,9
1997,48,Predrag Drobnjak,5.6,.048,-3.0,-1.3,278,5542,4
1997,49,Alain Digbeau,,,,,,,
1997,50,Chris Crawford,6.5,.078,-2.6,-0.6,252,3985,7
1997,51,DeJuan Wheat,0.5,.034,-1.9,0.0,80,740,2
1997,52,C.J. Bruton,,,,,,,
1997,53,Paul Rogers,,,,,,,
1997,54,Mark Blount,18.8,.065,-2.7,-2.5,605,13981,9
1997,55,Ben Pepper,,,,,,,
1997,56,Nate Erdmann,,,,,,,
1997,57,Roberto Duenas,,,,,,,
1998,1,Michael Olowokandi,2.5,.009,-4.6,-8.5,500,13129,9
1998,2,Mike Bibby,73.2,.104,0.8,23.8,1001,33962,14
1998,3,Raef LaFrentz,39.4,.130,0.7,9.8,563,14545,10
1998,4,Antawn Jamison,87.8,.112,0.6,24.5,1083,37638,16
1998,5,Vince Carter,125.3,.130,3.0,57.9,1541,46367,22
1998,6,Robert Traylor,13.3,.102,-1.6,0.7,438,6243,7
1998,7,Jason Williams,38.5,.080,0.2,12.9,788,23188,12
1998,8,Larry Hughes,32.3,.069,-0.1,10.7,727,22368,13
1998,9,Dirk Nowitzki,206.3,.193,4.5,84.8,1522,51368,21
1998,10,Paul Pierce,150.0,.157,3.7,65.5,1343,45880,19
1998,11,Bonzi Wells,29.4,.093,0.2,8.3,591,15133,10
1998,12,Michael Doleac,12.7,.070,-3.7,-3.7,587,8789,10
1998,13,Keon Clark,18.2,.110,-0.7,2.6,353,7971,6
1998,14,Michael Dickerson,9.6,.061,-1.3,1.3,212,7490,5
1998,15,Matt Harpring,41.9,.114,-0.6,6.2,665,17584,11
1998,16,Bryce Drew,2.4,.030,-3.1,-1.1,243,3970,6
1998,17,Rasho Nesterovic,39.9,.107,-0.9,5.0,811,17983,12
1998,18,Mirsad Turkcan,0.0,-.019,-6.3,-0.1,17,90,1
1998,19,Pat Garrity,18.7,.081,-1.8,0.5,552,11062,10
1998,20,Roshown McLeod,0.2,.004,-4.4,-1.3,113,2130,3
1998,21,Ricky Davis,28.0,.061,-0.8,6.3,736,21927,12
1998,22,Brian Skinner,15.8,.070,-2.5,-1.5,608,10910,14
1998,23,Tyronn Lue,19.7,.075,-1.8,0.6,554,12564,11
1998,24,Felipe Lopez,3.1,.036,-2.5,-0.5,249,4145,4
1998,25,Al Harrington,42.5,.073,-1.5,3.7,981,28009,16
1998,26,Sam Jacobson,1.1,.071,-3.9,-0.4,68,752,3
1998,27,Vladimir Stepania,5.2,.067,-3.3,-1.2,270,3726,6
1998,28,Corey Benjamin,-0.9,-.019,-4.8,-1.6,153,2191,4
1998,29,Nazr Mohammed,34.3,.104,-2.6,-2.2,1005,15891,18
1998,30,Ansu Sesay,1.4,.051,-3.3,-0.4,127,1301,4
1998,31,Ruben Patterson,35.1,.106,0.7,10.8,649,15955,10
1998,32,Rashard Lewis,90.9,.130,1.9,33.1,1049,33541,16
1998,33,Jelani McCoy,5.1,.064,-2.9,-0.9,260,3824,8
1998,34,Shammond Williams,8.8,.079,-0.7,1.7,325,5351,7
1998,35,Bruno Sundov,-0.7,-.062,-8.9,-0.9,102,524,7
1998,36,Jerome James,2.9,.029,-4.9,-3.5,358,4771,9
1998,37,Casey Shaw,-0.1,-.498,-29.8,-0.1,9,14,1
1998,38,DeMarco Johnson,-0.1,-.091,-10.3,-0.1,5,37,1
1998,39,Rafer Alston,32.9,.081,0.0,9.6,671,19392,11
1998,40,Korleone Young,0.1,.280,9.4,0.0,3,15,1
1998,41,Cuttino Mobley,52.2,.091,-0.1,12.9,747,27618,11
1998,42,Miles Simon,-0.1,-.289,-17.4,-0.1,5,19,1
1998,43,Jahidi White,10.4,.085,-3.2,-1.8,334,5913,7
1998,44,Sean Marks,2.6,.055,-5.0,-1.7,230,2275,11
1998,45,Toby Bailey,1.0,.072,-3.5,-0.3,73,698,2
1998,46,Andrae Patterson,0.7,.114,-1.9,0.0,40,304,2
1998,47,Tyson Wheeler,0.1,1.367,51.1,0.0,1,3,1
1998,48,Ryan Stack,0.2,.028,-6.7,-0.5,43,397,2
1998,49,Cory Carr,-1.2,-.089,-8.2,-1.0,42,624,1
1998,50,Andrew Betts,,,,,,,
1998,51,Corey Brewer,,,,,,,
1998,52,Derrick Dial,0.6,.045,-2.2,0.0,82,687,4
1998,53,Greg Buckner,20.9,.092,-0.9,3.0,570,10895,10
1998,54,Tremaine Fowlkes,2.1,.080,-2.0,0.0,103,1233,4
1998,55,Ryan Bowen,12.4,.092,-0.8,2.0,507,6502,10
1998,56,J.R. Henderson,-0.2,-.025,-4.8,-0.2,30,331,1
1998,57,Torraye Braggs,0.3,.071,-4.9,-0.1,22,178,2
1998,58,Maceo Baston,2.3,.134,-1.2,0.2,105,831,4
1999,1,Elton Brand,109.6,.151,2.2,37.3,1058,34910,17
1999,2,Steve Francis,54.1,.120,2.2,22.7,576,21632,9
1999,3,Baron Davis,63.1,.106,2.6,33.1,835,28592,13
1999,4,Lamar Odom,77.0,.115,1.9,31.4,961,32131,14
1999,5,Jonathan Bender,3.8,.047,-2.6,-0.6,262,3847,8
1999,6,Wally Szczerbiak,53.3,.127,0.7,13.6,651,20052,10
1999,7,Richard Hamilton,62.8,.102,-0.2,13.2,921,29559,14
1999,8,Andre Miller,100.8,.120,1.3,33.4,1304,40268,17
1999,9,Shawn Marion,124.9,.150,2.7,47.6,1163,40097,16
1999,10,Jason Terry,102.0,.116,1.5,37.4,1410,42034,19
1999,11,Trajan Langdon,2.9,.079,-1.1,0.4,119,1738,3
1999,12,Aleksandar Radojevic,-0.4,-.130,-11.6,-0.4,15,152,2
1999,13,Corey Maggette,62.2,.128,0.3,13.3,827,23358,14
1999,14,William Avery,-0.9,-.034,-5.6,-1.1,142,1205,3
1999,15,Frederic Weis,,,,,,,
1999,16,Metta World Peace,61.1,.093,1.2,25.4,991,31440,17
1999,17,Cal Bowdler,1.8,.061,-3.2,-0.4,142,1383,3
1999,18,James Posey,51.6,.107,0.3,13.7,864,23260,12
1999,19,Quincy Lewis,0.8,.020,-4.9,-1.4,159,1853,4
1999,20,Dion Glover,5.8,.045,-1.8,0.3,294,6132,6
1999,21,Jeff Foster,47.5,.145,-0.4,6.3,764,15750,13
1999,22,Kenny Thomas,31.2,.086,-1.3,3.1,632,17306,11
1999,23,Devean George,18.2,.075,-1.5,1.4,630,11682,11
1999,24,Andrei Kirilenko,75.4,.151,4.9,41.7,797,23916,13
1999,25,Tim James,0.0,-.003,-7.0,-0.3,43,261,3
1999,26,Vonteego Cummings,2.2,.028,-2.4,-0.3,199,3789,3
1999,27,Jumaine Jones,15.1,.074,-1.2,2.1,471,9780,8
1999,28,Scott Padgett,13.2,.113,-0.4,2.3,448,5613,8
1999,29,Leon Smith,0.2,.112,-2.9,0.0,15,104,2
1999,30,John Celestand,-0.1,-.038,-7.6,-0.3,16,185,1
1999,31,Rico Hill,,,,,,,
1999,32,Michael Ruffin,6.8,.055,-3.3,-2.0,414,5966,9
1999,33,Chris Herren,0.5,.025,-4.5,-0.6,70,1005,2
1999,34,Evan Eschmeyer,4.0,.090,-3.0,-0.5,153,2138,4
1999,35,Calvin Booth,8.0,.086,-1.8,0.3,366,4477,10
1999,36,Wang Zhi-zhi,2.1,.078,-1.6,0.1,137,1256,5
1999,37,Obinna Ekezie,1.7,.054,-5.4,-1.3,143,1516,4
1999,38,Laron Profit,0.7,.021,-2.1,0.0,135,1537,4
1999,39,A.J. Bramlett,-0.2,-.129,-15.9,-0.2,8,61,1
1999,40,Gordan Giricek,8.0,.044,-2.5,-1.1,384,8824,6
1999,41,Francisco Elson,11.7,.078,-2.7,-1.3,472,7207,9
1999,42,Louis Bullock,,,,,,,
1999,43,Lee Nailon,8.0,.066,-2.0,0.0,306,5820,6
1999,44,Tyrone Washington,,,,,,,
1999,45,Ryan Robertson,0.0,-.022,-5.4,0.0,1,25,1
1999,46,J.R. Koch,,,,,,,
1999,47,Todd MacCulloch,11.9,.166,0.3,2.0,223,3439,4
1999,48,Galen Young,,,,,,,
1999,49,Lari Ketner,0.0,-.015,-7.4,-0.2,25,139,2
1999,50,Venson Hamilton,,,,,,,
1999,51,Antwain Smith,,,,,,,
1999,52,Roberto Bergersen,,,,,,,
1999,53,Rodney Buford,2.9,.033,-3.8,-1.9,230,4182,5
1999,54,Melvin Levett,,,,,,,
1999,55,Kris Clack,,,,,,,
1999,56,Tim Young,0.2,.058,-4.9,-0.1,25,137,1
1999,57,Manu Ginobili,106.4,.190,5.0,47.6,1057,26859,16
1999,58,Eddie Lucas,,,,,,,
2000,1,Kenyon Martin,48.0,.100,0.1,12.1,757,23134,15
2000,2,Stromile Swift,21.3,.095,-1.6,1.1,547,10804,9
2000,3,Darius Miles,9.5,.039,-1.0,3.0,446,11730,7
2000,4,Marcus Fizer,2.7,.022,-3.7,-2.6,289,6032,6
2000,5,Mike Miller,60.7,.105,0.8,19.8,1032,27812,17
2000,6,DerMarr Johnson,6.4,.052,-1.6,0.6,344,5930,7
2000,7,Chris Mihm,13.3,.073,-3.9,-4.3,436,8758,8
2000,8,Jamal Crawford,60.7,.075,-0.1,18.4,1327,38994,20
2000,9,Joel Przybilla,23.0,.094,-1.7,0.8,592,11733,13
2000,10,Keyon Dooling,18.5,.063,-2.0,-0.2,728,14134,13
2000,11,Jerome Moiso,2.1,.074,-2.9,-0.3,145,1392,5
2000,12,Etan Thomas,14.9,.101,-2.1,-0.2,409,7084,9
2000,13,Courtney Alexander,4.1,.048,-3.7,-1.7,187,4067,3
2000,14,Mateen Cleaves,-0.8,-.021,-5.6,-1.7,167,1863,6
2000,15,Jason Collier,1.9,.042,-5.4,-1.9,151,2178,5
2000,16,Hedo Turkoglu,63.3,.114,0.9,19.6,997,26695,15
2000,17,Desmond Mason,23.1,.056,-2.4,-2.1,643,19641,10
2000,18,Quentin Richardson,32.8,.076,-0.4,8.5,783,20785,13
2000,19,Jamaal Magloire,27.7,.091,-2.9,-3.1,680,14621,12
2000,20,Speedy Claxton,14.2,.080,-0.3,3.6,334,8548,7
2000,21,Morris Peterson,35.7,.089,-0.4,7.6,711,19366,11
2000,22,Donnell Harvey,4.7,.069,-2.6,-0.5,205,3318,5
2000,23,DeShawn Stevenson,12.1,.032,-2.7,-3.5,824,18396,13
2000,24,Dalibor Bagaric,-0.9,-.043,-7.9,-1.5,95,973,3
2000,25,Jake Tsakalidis,9.9,.095,-3.1,-1.4,315,5005,7
2000,26,Mamadou N'diaye,1.8,.101,-4.2,-0.5,69,858,5
2000,27,Primoz Brezec,10.8,.084,-3.1,-1.7,342,6192,8
2000,28,Erick Barkley,0.2,.027,-3.7,-0.1,27,266,2
2000,29,Mark Madsen,8.2,.074,-4.1,-2.9,453,5335,9
2000,30,Marko Jaric,12.1,.052,-0.7,3.8,447,11246,7
2000,31,Dan Langhi,0.3,.012,-4.6,-0.8,133,1253,4
2000,32,A.J. Guyton,0.3,.010,-2.9,-0.3,80,1246,3
2000,33,Jake Voskuhl,11.6,.087,-3.8,-3.0,450,6443,9
2000,34,Khalid El-Amin,0.6,.030,-2.4,-0.1,50,936,1
2000,35,Mike Smith,-0.1,-.033,-4.2,-0.1,17,180,1
2000,36,Soumaila Samake,0.3,.046,-3.7,-0.1,47,303,2
2000,37,Eddie House,20.0,.077,0.0,6.1,717,12405,11
2000,38,Eduardo Najera,24.7,.106,-0.9,3.0,619,11213,12
2000,39,Lavor Postell,-0.2,-.025,-5.0,-0.3,61,446,3
2000,40,Hanno Mottola,0.9,.019,-5.9,-2.3,155,2360,2
2000,41,Chris Carrawell,,,,,,,
2000,42,Olumide Oyedeji,1.2,.095,-4.3,-0.3,93,587,3
2000,43,Michael Redd,55.9,.134,2.2,21.4,629,20104,12
2000,44,Brian Cardinal,15.4,.114,-0.1,3.2,456,6477,12
2000,45,Jabari Smith,1.3,.058,-4.3,-0.6,108,1063,4
2000,46,DeeAndre Hulett,,,,,,,
2000,47,Josip Sesar,,,,,,,
2000,48,Mark Karcher,,,,,,,
2000,49,Jason Hart,8.6,.078,-1.2,1.0,341,5289,9
2000,50,Kaniel Dickens,0.1,.055,-3.0,0.0,19,85,3
2000,51,Igor Rakocevic,0.1,.022,-4.9,-0.2,42,244,1
2000,52,Ernest Brown,-0.2,-.349,-18.2,-0.1,3,21,1
2000,53,Dan McClintock,0.0,.007,-7.9,-0.1,6,58,1
2000,54,Cory Hightower,,,,,,,
2000,55,Chris Porter,0.2,.008,-4.5,-0.7,51,1147,1
2000,56,Jaquay Walls,,,,,,,
2000,57,Scoonie Penn,,,,,,,
2000,58,Pete Mickeal,,,,,,,
2001,1,Kwame Brown,20.8,.074,-2.4,-1.3,607,13389,12
2001,2,Tyson Chandler,102.1,.155,0.1,16.9,1160,31617,19
2001,3,Pau Gasol,144.1,.169,3.6,57.5,1226,41001,18
2001,4,Eddy Curry,21.7,.080,-2.4,-1.3,527,13109,11
2001,5,Jason Richardson,59.1,.097,1.2,23.8,857,29241,13
2001,6,Shane Battier,75.7,.121,1.7,28.2,977,30004,13
2001,7,Eddie Griffin,10.9,.078,-0.4,2.8,303,6729,5
2001,8,DeSagana Diop,12.8,.073,-1.9,0.2,601,8403,12
2001,9,Rodney White,1.8,.026,-2.2,-0.1,218,3354,4
2001,10,Joe Johnson,82.9,.090,0.4,26.5,1277,44236,18
2001,11,Kedrick Brown,3.0,.074,-1.1,0.4,143,1935,4
2001,12,Vladimir Radmanovic,26.5,.079,-0.1,7.6,737,16164,12
2001,13,Richard Jefferson,83.0,.116,0.2,19.4,1181,34293,17
2001,14,Troy Murphy,50.3,.121,0.1,10.6,729,19921,12
2001,15,Steven Hunter,10.6,.085,-2.3,-0.5,400,5993,8
2001,16,Kirk Haston,-0.5,-.197,-13.3,-0.4,27,134,2
2001,17,Michael Bradley,2.0,.047,-4.0,-1.0,173,2016,5
2001,18,Jason Collins,20.1,.064,-3.7,-6.5,735,14974,13
2001,19,Zach Randolph,81.1,.112,0.2,18.8,1116,34616,17
2001,20,Brendan Haywood,43.8,.113,-1.4,2.9,816,18680,13
2001,21,Joseph Forte,-0.4,-.166,-8.6,-0.2,25,125,2
2001,22,Jeryl Sasser,0.7,.032,-2.5,-0.1,82,1061,2
2001,23,Brandon Armstrong,-0.6,-.039,-8.0,-1.0,108,699,3
2001,24,Raul Lopez,2.1,.047,-2.4,-0.2,113,2135,2
2001,25,Gerald Wallace,59.7,.116,1.8,23.5,832,24731,14
2001,26,Samuel Dalembert,51.3,.114,-1.1,4.6,886,21646,13
2001,27,Jamaal Tinsley,17.2,.057,0.0,7.1,547,14443,11
2001,28,Tony Parker,111.3,.140,1.1,30.1,1254,38279,18
2001,29,Trenton Hassell,13.8,.041,-2.9,-3.7,644,16278,9
2001,30,Gilbert Arenas,51.3,.127,2.6,22.3,552,19351,11
2001,31,Omar Cook,-0.1,-.021,-2.7,0.0,22,213,2
2001,32,Will Solomon,0.0,.000,-3.3,-0.5,115,1584,2
2001,33,Terence Morris,1.0,.025,-2.8,-0.4,139,1934,3
2001,34,Brian Scalabrine,7.6,.054,-2.7,-1.2,520,6772,11
2001,35,Jeff Trepagnier,-0.2,-.038,-2.8,-0.1,31,270,3
2001,36,Damone Brown,-0.7,-.100,-8.6,-0.6,39,351,4
2001,37,Mehmet Okur,54.7,.142,1.1,14.5,634,18429,10
2001,38,Michael Wright,,,,,,,
2001,39,Earl Watson,19.2,.047,-1.4,2.8,878,19494,13
2001,40,Jamison Brewer,0.0,-.001,-2.4,0.0,54,468,4
2001,41,Bobby Simmons,20.1,.084,-0.7,3.6,466,11513,10
2001,42,Eric Chenowith,,,,,,,
2001,43,Kyle Hill,,,,,,,
2001,44,Sean Lampley,1.1,.096,-1.7,0.0,45,550,2
2001,45,Loren Woods,3.1,.062,-2.5,-0.3,215,2428,6
2001,46,Ousmane Cisse,,,,,,,
2001,47,Antonis Fotsis,0.1,.017,-3.4,-0.1,28,320,1
2001,48,Ken Johnson,0.0,-.002,-6.8,-0.2,16,156,1
2001,49,Ruben Boumtje-Boumtje,0.2,.027,-5.4,-0.2,44,276,3
2001,50,Alton Ford,0.8,.074,-6.4,-0.6,73,524,3
2001,51,Andre Hutson,,,,,,,
2001,52,Jarron Collins,15.7,.088,-3.1,-2.5,542,8542,10
2001,53,Kenny Satterfield,-1.1,-.051,-4.1,-0.6,75,1062,2
2001,54,Maurice Jeffers,,,,,,,
2001,55,Robertas Javtokas,,,,,,,
2001,56,Alvin Jones,0.1,.034,-8.7,-0.2,23,126,1
2001,57,Bryan Bracey,,,,,,,
2002,1,Yao Ming,65.9,.200,3.2,20.7,486,15818,8
2002,2,Jay Williams,0.8,.020,-2.0,0.0,75,1961,1
2002,3,Mike Dunleavy,58.5,.103,0.3,15.7,986,27340,15
2002,4,Drew Gooden,43.9,.105,-1.2,4.3,790,20127,14
2002,5,Nikoloz Tskitishvili,-1.6,-.039,-6.1,-2.0,172,1946,4
2002,6,Dajuan Wagner,0.0,.000,-4.9,-1.6,103,2202,4
2002,7,Nene,73.3,.139,1.0,18.8,965,25237,17
2002,8,Chris Wilcox,26.9,.103,-1.6,1.2,628,12474,11
2002,9,Amar'e Stoudemire,92.5,.169,1.3,21.9,846,26254,14
2002,10,Caron Butler,50.9,.086,-0.2,12.6,881,28333,14
2002,11,Jared Jeffries,13.1,.046,-2.4,-1.5,629,13579,11
2002,12,Melvin Ely,4.0,.032,-4.0,-3.1,375,6005,9
2002,13,Marcus Haislip,0.5,.026,-4.7,-0.6,89,854,4
2002,14,Fred Jones,16.5,.077,-1.0,2.6,430,10299,7
2002,15,Bostjan Nachbar,8.7,.074,-1.6,0.6,317,5628,6
2002,16,Jiri Welsch,5.7,.059,-1.9,0.1,247,4596,4
2002,17,Juan Dixon,6.1,.034,-2.1,-0.3,436,8509,7
2002,18,Curtis Borchardt,1.0,.041,-3.8,-0.5,83,1117,2
2002,19,Ryan Humphrey,-0.4,-.027,-8.1,-1.2,85,772,3
2002,20,Kareem Rush,1.7,.013,-3.2,-1.8,346,5956,7
2002,21,Qyntel Woods,1.4,.032,-2.7,-0.4,167,2060,4
2002,22,Casey Jacobsen,6.2,.056,-2.2,-0.3,287,5320,4
2002,23,Tayshaun Prince,63.1,.096,0.3,18.0,1017,31576,14
2002,24,Nenad Krstic,21.5,.098,-2.6,-1.5,419,10547,7
2002,25,Frank Williams,0.1,.003,-3.2,-0.3,86,952,3
2002,26,John Salmons,33.9,.069,-0.9,6.7,895,23672,13
2002,27,Chris Jefferies,-0.5,-.030,-5.5,-0.8,72,861,2
2002,28,Dan Dickau,5.9,.061,-1.5,0.6,300,4617,6
2002,29,Steve Logan,,,,,,,
2002,30,Roger Mason Jr.,13.0,.068,-1.4,1.4,518,9147,10
2002,31,Robert Archibald,0.0,-.004,-6.1,-0.3,44,328,2
2002,32,Vincent Yarbrough,1.0,.035,-2.4,-0.1,59,1381,1
2002,33,Dan Gadzuric,15.8,.097,-2.3,-0.7,527,7793,10
2002,34,Carlos Boozer,80.3,.143,1.4,23.1,861,26901,13
2002,35,Milos Vujanic,,,,,,,
2002,36,David Andersen,1.5,.059,-2.9,-0.3,103,1264,2
2002,37,Tito Maddox,0.0,-.011,-1.4,0.0,9,35,1
2002,38,Rod Grizzard,,,,,,,
2002,39,Juan Carlos Navarro,1.4,.031,-2.3,-0.2,82,2117,1
2002,40,Mario Kasun,0.8,.069,-7.0,-0.7,73,569,2
2002,41,Flip Murray,8.5,.037,-2.2,-0.5,487,11077,8
2002,42,Jason Jennings,,,,,,,
2002,43,Lonny Baxter,2.9,.075,-4.6,-1.2,162,1884,4
2002,44,Sam Clancy,,,,,,,
2002,45,Matt Barnes,42.8,.093,-0.1,10.7,929,21967,14
2002,46,Jamal Sampson,1.4,.106,-2.3,-0.1,72,631,5
2002,47,Chris Owens,0.0,-.032,-0.5,0.0,1,6,1
2002,48,Peter Fehse,,,,,,,
2002,49,Darius Songaila,15.9,.083,-2.1,-0.2,495,9229,8
2002,50,Federico Kammerichs,,,,,,,
2002,51,Marcus Taylor,,,,,,,
2002,52,Rasual Butler,20.8,.058,-1.4,2.6,809,17219,13
2002,53,Tamar Slay,-0.3,-.029,-5.7,-0.5,66,517,3
2002,54,Mladen Sekularac,,,,,,,
2002,55,Luis Scola,45.7,.115,-0.7,6.4,743,19001,10
2002,56,Randy Holcomb,0.0,.150,-1.7,0.0,4,11,1
2002,57,Corsley Edwards,0.1,.026,-6.2,-0.1,10,110,1
2003,1,LeBron James,276.8,.218,8.4,159.4,1622,61030,23
2003,2,Darko Milicic,7.1,.040,-2.4,-0.9,468,8638,10
2003,3,Carmelo Anthony,108.5,.120,1.3,36.7,1260,43514,19
2003,4,Chris Bosh,106.0,.159,1.9,31.1,893,31936,13
2003,5,Dwyane Wade,120.7,.162,5.0,62.8,1054,35773,16
2003,6,Chris Kaman,24.6,.060,-1.9,0.4,735,19642,13
2003,7,Kirk Hinrich,52.5,.093,0.0,13.3,879,27015,13
2003,8,T.J. Ford,16.9,.068,-0.4,4.6,429,11882,8
2003,9,Michael Sweetney,7.8,.103,-2.7,-0.6,233,3610,4
2003,10,Jarvis Hayes,10.2,.049,-2.5,-1.3,427,9898,7
2003,11,Mickael Pietrus,19.7,.079,-0.9,3.2,557,11950,10
2003,12,Nick Collison,44.5,.115,-1.3,3.1,910,18603,14
2003,13,Marcus Banks,6.6,.057,-2.0,-0.1,348,5571,8
2003,14,Luke Ridnour,36.0,.080,-0.6,7.5,830,21623,12
2003,15,Reece Gaines,-0.6,-.049,-6.1,-0.6,71,605,3
2003,16,Troy Bell,-0.2,-.326,-19.6,-0.2,6,34,1
2003,17,Zarko Cabarkapa,1.1,.035,-3.9,-0.7,150,1550,3
2003,18,David West,85.8,.141,1.7,27.6,1034,29144,15
2003,19,Sasha Pavlovic,7.0,.038,-3.4,-3.1,567,8888,10
2003,20,Dahntay Jones,9.9,.048,-3.7,-4.1,624,9799,13
2003,21,Boris Diaw,51.6,.086,0.1,15.5,1064,28768,14
2003,22,Zoran Planinic,1.5,.046,-3.5,-0.6,148,1584,3
2003,23,Travis Outlaw,16.5,.061,-1.4,2.1,622,13026,11
2003,24,Brian Cook,10.2,.086,-1.6,0.5,421,5649,9
2003,25,Carlos Delfino,22.5,.093,0.5,7.2,507,11580,8
2003,26,Ndudi Ebi,0.1,.051,-3.8,0.0,19,86,2
2003,27,Kendrick Perkins,27.9,.078,-1.9,0.6,782,17162,14
2003,28,Leandro Barbosa,37.4,.098,-0.2,8.6,850,18386,14
2003,29,Josh Howard,38.0,.119,0.6,10.0,507,15350,10
2003,30,Maciej Lampe,-0.2,-.014,-7.0,-0.8,64,632,3
2003,31,Jason Kapono,10.3,.055,-2.6,-1.3,509,9068,9
2003,32,Luke Walton,13.5,.067,-1.0,2.5,564,9685,10
2003,33,Jerome Beasley,0.0,-.117,-5.2,0.0,2,5,1
2003,34,Sofoklis Schortsanitis,,,,,,,
2003,35,Szymon Szewczyk,,,,,,,
2003,36,Mario Austin,,,,,,,
2003,37,Travis Hansen,0.2,.019,-6.2,-0.5,41,507,1
2003,38,Steve Blake,29.1,.067,-1.2,4.2,870,20823,13
2003,39,Slavko Vranes,0.0,-.371,-26.2,0.0,1,3,1
2003,40,Derrick Zimmerman,0.0,.004,-10.4,-0.1,2,32,1
2003,41,Willie Green,12.9,.042,-2.7,-2.7,731,14783,12
2003,42,Zaza Pachulia,52.7,.114,-1.5,2.9,1098,22240,16
2003,43,Keith Bogans,20.4,.068,-1.5,1.9,671,14527,11
2003,44,Malick Badiane,,,,,,,
2003,45,Matt Bonner,38.5,.138,1.0,10.1,792,13356,12
2003,46,Sani Becirovic,,,,,,,
2003,47,Mo Williams,40.0,.080,-0.3,10.0,818,23872,13
2003,48,James Lang,0.1,.047,-6.4,-0.1,11,55,1
2003,49,James Jones,25.2,.109,-0.1,5.4,709,11098,14
2003,50,Paccelis Morlende,,,,,,,
2003,51,Kyle Korver,73.4,.113,0.6,20.7,1232,31183,17
2003,52,Remon Van de Hare,,,,,,,
2003,53,Tommy Smith,,,,,,,
2003,54,Nedzad Sinanovic,,,,,,,
2003,55,Rick Rickert,,,,,,,
2003,56,Brandon Hunter,0.7,.055,-3.7,-0.3,67,630,2
2003,57,Xue Yuyang,,,,,,,
2003,58,Andreas Glyniadakis,-0.2,-.143,-14.0,-0.2,13,81,1
2004,1,Dwight Howard,141.7,.172,1.9,39.0,1242,39457,18
2004,2,Emeka Okafor,45.3,.114,-0.6,6.8,616,19055,10
2004,3,Ben Gordon,33.3,.078,-0.3,8.7,744,20366,11
2004,4,Shaun Livingston,29.9,.084,-1.0,4.3,833,17188,14
2004,5,Devin Harris,54.9,.110,0.6,15.5,985,23963,15
2004,6,Josh Childress,25.7,.118,0.8,7.4,391,10432,8
2004,7,Luol Deng,74.0,.115,0.9,22.9,902,30941,15
2004,8,Rafael Araujo,-0.4,-.013,-7.2,-2.1,139,1585,3
2004,9,Andre Iguodala,100.4,.122,2.1,41.3,1231,39507,19
2004,10,Luke Jackson,0.2,.010,-3.7,-0.3,73,724,4
2004,11,Andris Biedrins,30.7,.132,-0.4,4.6,516,11146,10
2004,12,Robert Swift,1.7,.054,-3.8,-0.7,97,1500,4
2004,13,Sebastian Telfair,5.0,.020,-3.4,-4.2,564,12149,10
2004,14,Kris Humphries,30.3,.102,-1.7,1.2,800,14232,13
2004,15,Al Jefferson,71.0,.130,1.2,21.3,915,26299,14
2004,16,Kirk Snyder,4.5,.061,-1.2,0.7,211,3540,4
2004,17,Josh Smith,51.0,.084,1.7,27.2,894,29000,13
2004,18,JR Smith,46.3,.084,0.2,14.7,977,26275,16
2004,19,Dorell Wright,25.9,.101,0.9,9.1,549,12280,11
2004,20,Jameer Nelson,48.3,.094,-0.1,11.6,878,24539,14
2004,21,Pavel Podkolzin,-0.1,-.163,-15.0,-0.1,6,28,2
2004,22,Viktor Khryapa,2.0,.041,-3.5,-0.9,143,2351,4
2004,23,Sergei Monia,-0.2,-.025,-5.3,-0.3,26,343,1
2004,24,Delonte West,24.5,.099,0.9,8.7,432,11842,8
2004,25,Tony Allen,38.7,.103,0.3,10.4,820,18055,14
2004,26,Kevin Martin,61.3,.137,1.0,16.1,714,21559,12
2004,27,Sasha Vujacic,16.0,.086,-1.0,2.3,581,8908,10
2004,28,Beno Udrih,31.4,.083,-0.9,4.9,831,18185,13
2004,29,David Harrison,3.2,.057,-4.4,-1.7,189,2686,4
2004,30,Anderson Varejao,46.4,.148,0.3,8.8,632,15087,14
2004,31,Jackson Vroman,0.0,.001,-5.1,-0.9,87,1111,2
2004,32,Peter John Ramos,0.0,-.108,-10.0,0.0,6,20,1
2004,33,Lionel Chalmers,-0.2,-.025,-5.3,-0.4,36,433,1
2004,34,Donta Smith,0.5,.043,-3.2,-0.2,61,560,2
2004,35,Andre Emmett,0.1,.040,-5.5,-0.1,14,73,2
2004,36,Antonio Burks,0.1,.004,-5.0,-0.6,81,789,2
2004,37,Royal Ivey,4.5,.035,-3.8,-2.7,492,6162,10
2004,38,Chris Duhon,25.0,.077,-1.2,3.2,606,15526,9
2004,39,Albert Miralles,,,,,,,
2004,40,Justin Reed,0.5,.016,-5.9,-1.4,136,1436,3
2004,41,David Young,,,,,,,
2004,42,Viktor Sanikidze,,,,,,,
2004,43,Trevor Ariza,64.3,.094,0.6,21.8,1118,32953,18
2004,44,Tim Pickett,,,,,,,
2004,45,Bernard Robinson,2.0,.049,-2.0,0.0,128,1909,3
2004,46,Ha Ha,-0.2,-.029,-8.8,-0.5,46,316,2
2004,47,Pape Sow,0.8,.044,-5.7,-0.8,76,879,3
2004,48,Ricky Minard,,,,,,,
2004,49,Sergei Lishouk,,,,,,,
2004,50,Vassilis Spanoulis,-0.1,-.010,-5.9,-0.3,31,272,1
2004,51,Christian Drejer,,,,,,,
2004,52,Romain Sato,,,,,,,
2004,53,Matt Freije,-0.6,-.047,-6.0,-0.6,42,588,2
2004,54,Rickey Paulding,,,,,,,
2004,55,Luis Flores,0.0,-.020,-4.8,0.0,16,77,1
2004,56,Marcus Douthit,,,,,,,
2004,57,Sergei Karaulov,,,,,,,
2004,58,Blake Stepp,,,,,,,
2004,59,Rashad Wright,,,,,,,
2005,1,Andrew Bogut,50.6,.122,1.2,16.0,706,19862,14
2005,2,Marvin Williams,65.1,.104,-0.4,12.3,1072,30159,15
2005,3,Deron Williams,77.3,.129,1.9,28.3,845,28865,12
2005,4,Chris Paul,215.2,.225,6.5,98.8,1370,45836,21
2005,5,Raymond Felton,40.2,.067,-0.6,10.1,971,28829,14
2005,6,Martell Webster,24.7,.085,-0.8,4.3,580,13914,10
2005,7,Charlie Villanueva,22.6,.080,-0.6,4.7,656,13578,11
2005,8,Channing Frye,38.9,.094,-0.4,8.0,890,19772,13
2005,9,Ike Diogu,6.5,.112,-3.0,-0.7,225,2795,6
2005,10,Andrew Bynum,37.4,.168,1.4,9.1,418,10690,8
2005,11,Fran Vazquez,,,,,,,
2005,12,Yaroslav Korolev,-0.1,-.024,-5.2,-0.1,34,168,2
2005,13,Sean May,2.6,.068,-1.7,0.2,119,1868,4
2005,14,Rashad McCants,3.6,.035,-1.7,0.4,249,5037,4
2005,15,Antoine Wright,3.1,.026,-3.7,-2.4,297,5714,6
2005,16,Joey Graham,7.8,.061,-3.6,-2.4,377,6117,6
2005,17,Danny Granger,48.5,.126,1.8,17.7,586,18487,10
2005,18,Gerald Green,18.4,.068,-1.3,2.4,658,13026,12
2005,19,Hakim Warrick,20.4,.092,-1.9,0.4,526,10624,8
2005,20,Julius Hodge,0.0,.003,-3.7,0.0,23,98,2
2005,21,Nate Robinson,27.8,.096,0.5,8.6,618,13878,11
2005,22,Jarrett Jack,36.8,.073,-0.9,6.5,867,24140,13
2005,23,Francisco Garcia,18.2,.074,-0.1,5.7,549,11853,10
2005,24,Luther Head,14.7,.090,0.1,4.2,348,7797,6
2005,25,Johan Petro,5.5,.037,-4.6,-4.6,473,7262,8
2005,26,Jason Maxiell,20.3,.086,-2.5,-1.4,618,11379,10
2005,27,Linas Kleiza,13.6,.080,-2.3,-0.7,409,8185,7
2005,28,Ian Mahinmi,26.1,.121,-2.0,0.1,618,10353,12
2005,29,Wayne Simien,0.9,.083,-4.4,-0.3,51,507,2
2005,30,David Lee,76.0,.150,1.1,19.2,829,24293,12
2005,31,Salim Stoudamire,2.2,.040,-2.9,-0.6,157,2672,3
2005,32,Daniel Ewing,0.8,.024,-3.0,-0.4,127,1683,2
2005,33,Brandon Bass,42.8,.125,-0.8,5.1,758,16410,12
2005,34,CJ Miles,30.1,.084,-0.4,6.9,849,17284,16
2005,35,Ricky Sanchez,,,,,,,
2005,36,Ersan Ilyasova,48.8,.124,-0.1,9.0,825,18957,13
2005,37,Ronny Turiaf,19.2,.115,0.3,4.7,473,8020,10
2005,38,Travis Diener,5.6,.102,-0.4,1.1,179,2660,5
2005,39,Von Wafer,3.3,.064,-1.8,0.1,200,2475,6
2005,40,Monta Ellis,41.9,.069,-0.3,12.4,833,29011,12
2005,41,Roko Ukic,-0.2,-.007,-4.3,-0.6,85,987,2
2005,42,Chris Taft,0.5,.155,-0.7,0.0,17,144,1
2005,43,Mile Ilic,-0.2,-1.264,-52.0,-0.1,5,6,1
2005,44,Martynas Andriuskevicius,0.0,.155,5.2,0.0,6,9,1
2005,45,Lou Williams,65.7,.116,1.4,23.2,1123,27104,17
2005,46,Erazem Lorbek,,,,,,,
2005,47,Bracey Wright,0.5,.068,-1.6,0.0,26,325,2
2005,48,Mickael Gelabale,3.0,.062,-2.1,0.0,145,2348,3
2005,49,Andray Blatche,19.2,.074,-0.8,3.8,564,12462,9
2005,50,Ryan Gomes,19.4,.069,-1.6,1.4,487,13463,8
2005,51,Robert Whaley,0.0,.004,-5.1,-0.2,23,212,1
2005,52,Axel Hervelle,,,,,,,
2005,53,Orien Greene,-0.7,-.022,-4.6,-1.0,131,1555,4
2005,54,Dijon Thompson,0.2,.102,-0.5,0.0,16,93,2
2005,55,Lawrence Roberts,2.5,.106,-1.9,0.0,87,1150,2
2005,56,Amir Johnson,55.3,.145,0.3,10.6,870,18323,14
2005,57,Marcin Gortat,61.3,.142,0.4,12.7,806,20691,12
2005,58,Uros Slokar,0.1,.042,-5.6,-0.1,20,72,1
2005,59,Cenk Akyol,,,,,,,
2005,60,Alex Acker,-0.2,-.043,-5.3,-0.2,30,234,2
2006,1,Andrea Bargnani,18.9,.057,-1.6,1.5,550,15806,10
2006,2,LaMarcus Aldridge,115.6,.153,1.7,33.4,1076,36242,16
2006,3,Adam Morrison,-1.4,-.021,-5.0,-2.4,161,3278,3
2006,4,Tyrus Thomas,13.0,.078,-1.2,1.7,402,7932,8
2006,5,Shelden Williams,9.9,.085,-3.0,-1.5,361,5586,6
2006,6,Brandon Roy,37.4,.155,3.6,16.3,326,11561,6
2006,7,Randy Foye,23.5,.058,-1.2,3.8,752,19279,11
2006,8,Rudy Gay,61.0,.085,0.6,22.4,1120,34561,17
2006,9,Patrick O'Bryant,0.5,.046,-4.6,-0.3,90,524,4
2006,10,Mouhamed Sene,0.3,.052,-5.1,-0.2,47,260,3
2006,11,JJ Redick,63.7,.128,0.6,16.0,940,23964,15
2006,12,Hilton Armstrong,3.9,.055,-4.1,-1.8,292,3378,6
2006,13,Thabo Sefolosha,39.3,.099,0.6,12.4,869,19062,14
2006,14,Ronnie Brewer,30.4,.127,1.6,10.6,502,11539,8
2006,15,Cedric Simmons,0.1,.005,-5.0,-0.5,75,705,3
2006,16,Rodney Carney,6.2,.064,-1.6,0.5,299,4600,5
2006,17,Shawne Williams,6.7,.060,-2.2,-0.3,314,5368,7
2006,18,Oleksiy Pecherov,0.5,.025,-4.8,-0.7,111,1044,3
2006,19,Quincy Douby,0.0,.000,-3.5,-0.6,143,1535,3
2006,20,Renaldo Balkman,7.2,.113,0.1,1.6,221,3064,6
2006,21,Rajon Rondo,61.8,.104,1.2,23.2,957,28571,16
2006,22,Marcus Williams,0.0,-.001,-3.3,-1.0,203,3095,4
2006,23,Josh Boone,9.1,.097,-2.0,0.0,256,4482,4
2006,24,Kyle Lowry,112.4,.147,2.6,43.1,1187,36798,20
2006,25,Shannon Brown,9.2,.060,-1.5,1.0,408,7329,9
2006,26,Jordan Farmar,13.9,.068,-0.5,3.7,504,9840,10
2006,27,Sergio Rodriguez,4.3,.039,-2.0,0.1,353,5281,5
2006,28,Maurice Ager,-0.9,-.089,-9.4,-0.9,82,505,4
2006,29,Mardy Collins,-1.6,-.027,-4.4,-1.7,189,2771,4
2006,30,Joel Freeland,3.2,.084,-3.3,-0.6,151,1821,3
2006,31,James White,0.8,.062,-3.2,-0.2,67,583,3
2006,32,Steve Novak,14.5,.123,0.8,4.0,467,5657,11
2006,33,Solomon Jones,5.0,.078,-4.0,-1.6,281,3092,8
2006,34,Paul Davis,0.5,.035,-4.2,-0.4,82,702,4
2006,35,P.J. Tucker,43.3,.083,-1.0,6.4,886,24993,14
2006,36,Craig Smith,16.0,.113,-1.2,1.4,403,6826,6
2006,37,Bobby Jones,1.1,.060,-4.1,-0.5,91,867,2
2006,38,Kosta Perovic,0.0,.060,-5.9,0.0,7,38,1
2006,39,David Noel,0.4,.024,-3.1,-0.2,68,792,1
2006,40,Denham Brown,,,,,,,
2006,41,James Augustine,0.3,.101,-2.7,0.0,27,156,2
2006,42,Daniel Gibson,16.0,.082,-1.0,2.4,397,9316,7
2006,43,Marcus Vinicius,0.2,.056,-3.0,0.0,26,172,2
2006,44,Lior Eliyahu,,,,,,,
2006,45,Alexander Johnson,1.5,.056,-4.6,-0.9,102,1302,2
2006,46,Dee Brown,0.1,.008,-3.0,-0.2,68,711,2
2006,47,Paul Millsap,95.4,.150,1.9,29.9,1085,30498,16
2006,48,Vladimir Veremeenko,,,,,,,
2006,49,Leon Powe,12.0,.174,-1.6,0.3,239,3320,5
2006,50,Ryan Hollins,10.4,.081,-4.1,-3.2,518,6134,10
2006,51,Cheikh Samb,-0.1,-.056,-9.1,-0.2,22,114,2
2006,52,Guillermo Diaz,0.0,.033,-2.9,0.0,6,18,1
2006,53,Yotam Halperin,,,,,,,
2006,54,Hassan Adams,0.8,.072,-2.3,0.0,73,547,2
2006,55,Ejike Ugboaja,,,,,,,
2006,56,Edin Bavcic,,,,,,,
2006,57,Loukas Mavrokefalidis,,,,,,,
2006,58,JR Pinnock,,,,,,,
2006,59,Damir Markota,-0.2,-.070,-8.5,-0.3,30,170,1
2006,60,Will Blalock,-0.1,-.032,-5.8,-0.2,14,166,1
2007,1,Greg Oden,7.3,.174,-0.4,0.8,105,2028,3
2007,2,Kevin Durant,186.1,.203,6.3,92.2,1201,44077,18
2007,3,Al Horford,119.4,.155,2.8,45.1,1183,36887,19
2007,4,Mike Conley,107.6,.137,2.3,40.9,1226,37588,19
2007,5,Jeff Green,56.1,.080,-1.5,4.5,1247,33432,18
2007,6,Yi Jianlian,3.1,.025,-4.3,-3.5,272,6038,5
2007,7,Corey Brewer,22.5,.058,-1.6,2.0,819,18771,13
2007,8,Brandan Wright,26.2,.181,2.3,7.5,428,6949,10
2007,9,Joakim Noah,61.9,.159,2.5,20.9,672,18646,13
2007,10,Spencer Hawes,22.6,.070,-1.1,3.4,684,15541,10
2007,11,Acie Law,1.6,.032,-3.9,-1.1,188,2385,4
2007,12,Thaddeus Young,71.9,.105,0.5,20.7,1172,33012,17
2007,13,Julian Wright,3.9,.061,-0.5,1.2,231,3049,4
2007,14,Al Thornton,6.1,.035,-3.5,-3.2,296,8274,4
2007,15,Rodney Stuckey,28.7,.077,-0.9,4.9,651,17890,10
2007,16,Nick Young,18.6,.054,-2.2,-0.8,720,16419,12
2007,17,Sean Williams,3.0,.073,-3.1,-0.6,137,1978,4
2007,18,Marco Belinelli,30.5,.075,-1.3,3.3,860,19548,13
2007,19,Javaris Crittenton,0.1,.002,-4.2,-1.0,113,1853,2
2007,20,Jason Smith,14.1,.067,-2.9,-2.4,616,10029,11
2007,21,Daequan Cook,4.9,.039,-2.7,-1.1,328,5993,6
2007,22,Jared Dudley,43.0,.103,0.2,11.0,904,20117,14
2007,23,Wilson Chandler,29.0,.069,-1.3,3.5,676,20287,12
2007,24,Rudy Fernandez,14.2,.114,1.7,5.6,249,5965,4
2007,25,Morris Almond,0.0,.005,-6.1,-0.4,38,361,3
2007,26,Aaron Brooks,19.2,.069,-1.2,2.7,645,13439,10
2007,27,Arron Afflalo,33.5,.077,-1.5,2.4,762,20829,11
2007,28,Tiago Splitter,25.3,.178,1.1,5.4,355,6812,7
2007,29,Alando Tucker,0.4,.045,-4.5,-0.3,51,426,3
2007,30,Petteri Koponen,,,,,,,
2007,31,Carl Landry,35.9,.149,-0.3,5.0,513,11524,9
2007,32,Gabe Pruitt,0.4,.043,-2.8,-0.1,62,461,2
2007,33,Marcus Williams,-0.1,-.084,-5.4,0.0,13,39,2
2007,34,Nick Fazekas,0.8,.148,0.5,0.2,26,269,1
2007,35,Glen Davis,18.6,.082,-2.6,-1.7,514,10865,8
2007,36,Jermareo Davidson,0.0,.000,-5.2,-0.3,52,433,2
2007,37,Josh McRoberts,18.5,.107,0.3,4.7,433,8271,11
2007,38,Kyrylo Fesenko,0.9,.038,-5.7,-1.1,135,1107,5
2007,39,Stanko Barac,,,,,,,
2007,40,Sun Sun,-0.1,-.226,-19.4,-0.1,10,28,1
2007,41,Chris Richard,0.7,.045,-5.7,-0.7,70,780,2
2007,42,Derrick Byars,0.1,.147,-4.7,0.0,2,37,1
2007,43,Adam Haluska,,,,,,,
2007,44,Reyshawn Terry,,,,,,,
2007,45,Jared Jordan,,,,,,,
2007,46,Stephane Lasme,0.3,.041,-4.4,-0.2,16,303,1
2007,47,Dominic McGuire,4.1,.037,-2.1,-0.1,342,5348,6
2007,48,Marc Gasol,85.3,.143,3.1,36.5,891,28719,13
2007,49,Aaron Gray,6.2,.077,-3.6,-1.5,318,3851,7
2007,50,Renaldas Seibutis,,,,,,,
2007,51,JamesOn Curry,0.0,,,0.0,1,0,1
2007,52,Taurean Green,-0.1,-.066,-7.5,-0.1,17,74,1
2007,53,Demetris Nichols,-0.2,-.203,-10.3,-0.1,18,58,2
2007,54,Brad Newley,,,,,,,
2007,55,Herbert Hill,,,,,,,
2007,56,Ramon Sessions,28.8,.086,-0.7,5.2,691,16119,11
2007,57,Sammy Mejia,,,,,,,
2007,58,Giorgos Printezis,,,,,,,
2007,59,DJ Strawberry,-0.2,-.031,-5.6,-0.2,33,270,1
2007,60,Milovan Rakovic,,,,,,,
2008,1,Derrick Rose,44.6,.097,1.2,18.2,723,22054,15
2008,2,Michael Beasley,15.6,.054,-1.7,0.9,609,13903,11
2008,3,O.J. Mayo,21.8,.062,-0.9,4.7,547,16919,8
2008,4,Russell Westbrook,112.9,.126,3.5,59.1,1301,43026,18
2008,5,Kevin Love,96.0,.164,3.2,36.7,989,28118,18
2008,6,Danilo Gallinari,65.4,.140,1.7,20.8,777,22410,14
2008,7,Eric Gordon,42.1,.070,-0.8,9.1,931,28958,18
2008,8,Joe Alexander,0.5,.030,-3.6,-0.3,67,745,2
2008,9,D.J. Augustin,47.7,.100,-0.7,7.6,976,22851,14
2008,10,Brook Lopez,94.2,.129,1.2,28.3,1180,35157,18
2008,11,Jerryd Bayless,18.6,.072,-1.6,1.1,586,12486,11
2008,12,Jason Thompson,23.8,.077,-2.6,-2.4,588,14819,8
2008,13,Brandon Rush,11.2,.051,-1.4,1.6,481,10564,9
2008,14,Anthony Randolph,5.8,.072,-1.6,0.4,252,3841,6
2008,15,Robin Lopez,49.6,.114,-1.1,4.6,992,20937,16
2008,16,Marreese Speights,25.8,.116,-2.2,-0.6,705,10640,10
2008,17,Roy Hibbert,35.9,.105,-1.1,3.5,662,16389,9
2008,18,JaVale McGee,43.7,.143,0.0,7.3,909,14676,16
2008,19,JJ Hickson,21.9,.088,-1.8,0.5,534,11925,8
2008,20,Alexis Ajinca,7.5,.093,-2.8,-0.8,293,3905,7
2008,21,Ryan Anderson,46.7,.134,1.0,12.8,649,16769,12
2008,22,Courtney Lee,39.3,.086,-0.6,7.9,811,21938,12
2008,23,Kosta Koufos,28.3,.120,-1.3,2.0,686,11271,11
2008,24,Serge Ibaka,73.0,.139,0.5,15.7,919,25127,14
2008,25,Nicolas Batum,75.6,.107,1.4,29.0,1205,33931,18
2008,26,George Hill,71.0,.139,1.1,19.4,915,24501,15
2008,27,Darrell Arthur,12.3,.066,-2.2,-0.4,503,8945,9
2008,28,Donte Greene,1.5,.017,-2.8,-0.9,253,4259,4
2008,29,DJ White,3.8,.087,-2.1,0.0,138,2111,6
2008,30,J.R. Giddens,0.1,.027,-4.3,-0.1,38,247,2
2008,31,Nikola Pekovic,18.8,.134,-0.7,2.2,271,6744,6
2008,32,Walter Sharpe,-0.1,-.131,-10.1,0.0,8,20,1
2008,33,Joey Dorsey,2.9,.092,-2.7,-0.3,130,1488,4
2008,34,Mario Chalmers,32.3,.090,-0.6,5.9,646,17245,9
2008,35,DeAndre Jordan,99.4,.170,1.1,22.2,1123,28066,18
2008,36,Omer Asik,20.9,.109,-1.9,0.1,471,9216,8
2008,37,Luc Mbah a Moute,26.0,.078,-1.5,2.0,689,16038,12
2008,38,Kyle Weaver,1.5,.051,-1.1,0.3,73,1379,3
2008,39,Sonny Weems,0.0,.001,-4.2,-1.8,183,3335,4
2008,40,Chris Douglas-Roberts,5.4,.059,-2.2,-0.2,222,4381,6
2008,41,Nathan Jawai,0.2,.020,-4.4,-0.3,45,431,2
2008,42,Sean Singletary,0.0,.006,-5.1,-0.2,37,303,1
2008,43,Patrick Ewing,-0.1,-.158,-9.1,0.0,7,19,1
2008,44,Ante Tomic,,,,,,,
2008,45,Goran Dragic,56.7,.106,0.5,15.9,946,25603,15
2008,46,Trent Plaisted,,,,,,,
2008,47,Henry Walker,5.0,.079,-1.8,0.2,181,3016,5
2008,48,Malik Hairston,0.8,.086,-2.0,0.0,62,472,2
2008,49,Richard Hendrix,,,,,,,
2008,50,DeVon Hardin,,,,,,,
2008,51,Shan Foster,,,,,,,
2008,52,Darnell Jackson,1.3,.059,-5.2,-0.8,138,1039,3
2008,53,Tadija Dragicevic,,,,,,,
2008,54,Maarty Leunen,,,,,,,
2008,55,Mike Taylor,-0.4,-.028,-5.2,-0.6,51,771,1
2008,56,Sasha Kaun,0.2,.096,-2.8,0.0,25,95,1
2008,57,James Gist,,,,,,,
2008,58,Joe Crawford,0.0,.037,-2.7,0.0,2,23,1
2008,59,Deron Washington,,,,,,,
2008,60,Semih Erden,1.8,.094,-3.6,-0.4,69,928,2
2009,1,Blake Griffin,81.1,.160,3.3,32.8,765,24384,13
2009,2,Hasheem Thabeet,4.8,.099,-2.7,-0.4,224,2357,5
2009,3,James Harden,182.4,.206,6.2,87.9,1221,42450,17
2009,4,Tyreke Evans,28.4,.075,0.8,13.1,594,18242,10
2009,5,Ricky Rubio,42.3,.098,0.5,13.3,698,20694,12
2009,6,Jonny Flynn,-1.1,-.015,-4.0,-1.9,163,3738,3
2009,7,Stephen Curry,147.1,.195,6.4,77.2,1069,36304,17
2009,8,Jordan Hill,16.4,.102,-2.0,0.0,409,7692,8
2009,9,DeMar DeRozan,114.1,.126,0.8,30.6,1264,43634,17
2009,10,Brandon Jennings,29.9,.085,0.8,11.8,555,16844,9
2009,11,Terrence Williams,-0.2,-.004,-2.8,-0.6,153,2922,4
2009,12,Gerald Henderson,18.3,.063,-1.8,0.6,535,13854,8
2009,13,Tyler Hansbrough,20.2,.134,-2.0,0.0,428,7233,7
2009,14,Earl Clark,2.9,.038,-2.8,-0.8,261,3630,6
2009,15,Austin Daye,4.5,.053,-2.0,0.0,293,4132,6
2009,16,James Johnson,27.4,.084,0.4,9.3,786,15561,16
2009,17,Jrue Holiday,78.1,.105,1.6,32.7,1090,35720,17
2009,18,Ty Lawson,42.1,.126,1.4,13.6,551,16088,8
2009,19,Jeff Teague,52.4,.113,0.6,14.3,826,22164,12
2009,20,Eric Maynor,3.3,.041,-2.9,-0.8,267,3896,5
2009,21,Darren Collison,49.9,.115,0.5,13.4,711,20833,11
2009,22,Victor Claver,0.2,.011,-3.6,-0.4,80,1072,3
2009,23,Omri Casspi,19.6,.078,-0.8,3.5,588,11959,10
2009,24,Byron Mullens,0.6,.008,-4.0,-1.8,189,3446,5
2009,25,Rodrigue Beaubois,4.8,.079,-0.1,1.4,182,2896,4
2009,26,Taj Gibson,60.5,.125,-0.9,6.5,1012,23166,17
2009,27,DeMarre Carroll,29.5,.104,0.0,6.7,578,13675,11
2009,28,Wayne Ellington,21.1,.063,-1.5,2.2,770,16100,13
2009,29,Toney Douglas,12.1,.077,-0.8,2.2,394,7511,8
2009,30,Christian Eyenga,-0.4,-.020,-4.2,-0.6,51,1049,2
2009,31,Jeff Ayres,6.3,.131,-2.3,-0.2,237,2322,6
2009,32,Jermaine Taylor,0.2,.014,-3.7,-0.3,65,786,2
2009,33,Dante Cunningham,24.9,.080,-1.7,1.1,715,14875,10
2009,34,Sergio Llull,,,,,,,
2009,35,DaJuan Summers,-0.1,-.008,-5.8,-0.8,83,820,4
2009,36,Sam Young,5.2,.063,-2.1,-0.1,249,3966,4
2009,37,DeJuan Blair,19.0,.129,-1.2,1.4,424,7054,7
2009,38,Jon Brockman,3.7,.113,-3.9,-0.8,150,1570,3
2009,39,Jonas Jerebko,25.8,.109,-1.0,2.9,635,11323,9
2009,40,Derrick Brown,4.5,.085,-1.3,0.4,171,2554,3
2009,41,Jodie Meeks,24.3,.096,-0.6,4.2,539,12110,10
2009,42,Patrick Beverley,40.2,.109,0.7,12.1,666,17689,12
2009,43,Marcus Thornton,20.0,.085,0.2,6.2,483,11299,8
2009,44,Chase Budinger,13.9,.083,-0.5,2.9,407,7998,7
2009,45,Nick Calathes,2.6,.063,-0.5,0.8,129,2011,2
2009,46,Danny Green,49.3,.113,1.8,20.2,832,20899,15
2009,47,Henk Norel,,,,,,,
2009,48,Taylor Griffin,0.0,-.039,-8.1,-0.1,8,32,1
2009,49,Sergiy Gladyr,,,,,,,
2009,50,Goran Suton,,,,,,,
2009,51,Jack McClinton,,,,,,,
2009,52,AJ Price,4.7,.058,-1.3,0.7,261,3929,6
2009,53,Nando De Colo,2.4,.081,-0.7,0.5,119,1414,2
2009,54,Robert Vaden,,,,,,,
2009,55,Patty Mills,35.9,.094,-0.2,8.5,921,18316,16
2009,56,Ahmad Nivins,,,,,,,
2009,57,Emir Preldzic,,,,,,,
2009,58,Lester Hudson,0.2,.016,-2.1,0.0,57,594,4
2009,59,Chinemelu Elonu,,,,,,,
2009,60,Robert Dozier,,,,,,,
2010,1,John Wall,44.5,.094,2.2,24.1,647,22588,11
2010,2,Evan Turner,20.2,.051,-1.9,0.5,705,18938,10
2010,3,Derrick Favors,60.2,.150,0.9,14.0,790,19202,12
2010,4,Wesley Johnson,10.7,.038,-1.6,1.2,609,13472,9
2010,5,DeMarcus Cousins,46.8,.115,2.4,21.6,654,19508,11
2010,6,Ekpe Udoh,10.4,.088,-1.4,0.8,384,5694,7
2010,7,Greg Monroe,50.4,.137,1.4,15.3,646,17670,10
2010,8,Al-Farouq Aminu,27.6,.075,-0.6,6.5,711,17698,11
2010,9,Gordon Hayward,63.5,.119,1.6,23.0,835,25654,14
2010,10,Paul George,92.0,.140,3.7,45.2,945,31651,16
2010,11,Cole Aldrich,9.6,.135,0.1,1.8,339,3389,8
2010,12,Xavier Henry,0.8,.013,-4.4,-1.7,185,2905,5
2010,13,Ed Davis,43.3,.151,-0.2,6.2,722,13756,12
2010,14,Patrick Patterson,31.9,.102,0.0,7.4,719,14923,11
2010,15,Larry Sanders,10.3,.107,-1.1,1.1,238,4635,6
2010,16,Luke Babbitt,7.2,.065,-2.1,-0.1,381,5332,8
2010,17,Kevin Seraphin,5.9,.044,-4.3,-3.6,423,6430,7
2010,18,Eric Bledsoe,46.1,.105,1.6,18.8,756,21021,12
2010,19,Avery Bradley,17.2,.045,-2.4,-1.8,660,18151,12
2010,20,James Anderson,3.3,.037,-2.7,-0.8,247,4320,5
2010,21,Craig Brackins,-0.2,-.089,-9.9,-0.2,17,121,2
2010,22,Elliot Williams,0.7,.024,-4.9,-1.1,109,1470,4
2010,23,Trevor Booker,26.2,.116,-0.5,4.2,532,10872,8
2010,24,Damion James,0.0,-.001,-3.7,-0.3,39,623,4
2010,25,Dominique Jones,0.3,.017,-2.4,-0.1,80,741,3
2010,26,Quincy Pondexter,9.7,.084,-1.8,0.3,355,5530,7
2010,27,Jordan Crawford,6.3,.044,-1.3,1.3,281,6843,6
2010,28,Greivis Vasquez,12.6,.064,-1.2,1.8,401,9520,7
2010,29,Daniel Orton,1.0,.093,-3.5,-0.2,51,542,3
2010,30,Lazar Hayward,0.2,.020,-4.2,-0.3,72,591,3
2010,31,Tibor Pleiss,-0.1,-.041,-11.6,-0.2,12,82,1
2010,32,Dexter Pittman,0.5,.068,-7.7,-0.5,50,347,4
2010,33,Hassan Whiteside,52.0,.197,2.5,14.5,511,12645,10
2010,34,Armon Johnson,-0.1,-.015,-4.1,-0.2,47,401,2
2010,35,Nemanja Bjelica,20.0,.104,0.3,5.4,449,9173,7
2010,36,Terrico White,,,,,,,
2010,37,Darington Hobson,-0.2,-.225,-13.0,-0.1,5,39,1
2010,38,Andy Rautins,-0.2,-.314,-13.2,-0.1,5,24,1
2010,39,Landry Fields,10.5,.084,-0.3,2.6,255,6010,5
2010,40,Lance Stephenson,17.5,.066,-1.3,2.3,554,12680,10
2010,41,Jarvis Varnado,0.7,.089,-3.3,-0.1,37,397,2
2010,42,Da'Sean Butler,,,,,,,
2010,43,Devin Ebanks,0.5,.035,-4.8,-0.5,63,711,3
2010,44,Jerome Jordan,1.7,.168,-1.0,0.1,65,491,2
2010,45,Paulao Prestes,,,,,,,
2010,46,Gani Lawal,0.0,-.009,-15.0,0.0,1,2,1
2010,47,Tiny Gallon,,,,,,,
2010,48,Latavious Williams,,,,,,,
2010,49,Ryan Richards,,,,,,,
2010,50,Solomon Alabi,0.0,.010,-4.4,-0.1,26,181,2
2010,51,Magnum Rolle,,,,,,,
2010,52,Luke Harangody,0.9,.048,-3.5,-0.3,70,871,2
2010,53,Pape Sy,0.0,-.047,-6.0,0.0,3,21,1
2010,54,Willie Warren,0.2,.065,-2.7,0.0,19,134,1
2010,55,Jeremy Evans,8.2,.150,0.9,1.9,250,2626,7
2010,56,Hamady Ndiaye,0.0,.013,-7.3,-0.2,33,157,3
2010,57,Ryan Reid,0.1,.142,-2.0,0.0,5,17,1
2010,58,Derrick Caracter,0.3,.057,-7.1,-0.3,41,215,1
2010,59,Stanley Robinson,,,,,,,
2010,60,Dwayne Collins,,,,,,,
2011,1,Kyrie Irving,91.0,.163,4.5,43.7,779,26879,14
2011,2,Derrick Williams,14.1,.076,-1.6,0.8,428,8864,7
2011,3,Enes Freedom,52.8,.157,-0.1,7.6,748,16101,11
2011,4,Tristan Thompson,49.3,.116,-1.7,1.3,819,20432,13
2011,5,Jonas Valanciunas,87.6,.172,0.9,18.2,1002,24429,14
2011,6,Jan Vesely,4.0,.078,-2.6,-0.4,162,2455,3
2011,7,Bismack Biyombo,33.3,.094,-2.6,-2.6,892,17053,15
2011,8,Brandon Knight,11.6,.042,-1.6,1.4,451,13202,9
2011,9,Kemba Walker,59.8,.116,2.8,29.8,750,24810,12
2011,10,Jimmer Fredette,2.2,.033,-2.5,-0.4,241,3213,6
2011,11,Klay Thompson,57.6,.094,0.4,17.6,934,29306,13
2011,12,Alec Burks,31.7,.087,-0.5,6.6,791,17576,14
2011,13,Markieff Morris,27.3,.071,-1.5,2.3,791,18460,14
2011,14,Marcus Morris Sr.,39.4,.086,-0.8,6.7,832,22093,13
2011,15,Kawhi Leonard,111.9,.212,6.6,55.2,798,25368,14
2011,16,Nikola Vučević,84.3,.125,2.1,33.2,1036,32321,15
2011,17,Iman Shumpert,12.9,.054,-1.7,0.9,461,11470,10
2011,18,Chris Singleton,2.3,.042,-3.2,-0.8,148,2605,3
2011,19,Tobias Harris,80.6,.119,1.0,24.3,1033,32474,15
2011,20,Donatas Motiejunas,7.1,.075,-2.5,-0.5,251,4566,6
2011,21,Nolan Smith,-0.8,-.047,-6.0,-0.8,84,829,2
2011,22,Kenneth Faried,38.8,.159,0.5,7.5,478,11728,8
2011,23,Nikola Mirotic,20.8,.129,1.6,7.1,319,7718,5
2011,24,Reggie Jackson,36.3,.080,-0.6,7.5,884,21859,14
2011,25,MarShon Brooks,3.3,.046,-1.6,0.4,200,3456,5
2011,26,Jordan Hamilton,3.0,.069,-0.1,1.0,151,2100,5
2011,27,JaJuan Johnson,0.2,.032,-3.9,-0.1,36,298,1
2011,28,Norris Cole,3.0,.018,-4.1,-4.1,360,8018,6
2011,29,Cory Joseph,32.1,.084,-1.1,4.0,866,18296,14
2011,30,Jimmy Butler III,129.4,.207,5.0,52.8,907,29972,15
2011,31,Bojan Bogdanovic,37.6,.086,-0.9,5.8,719,20890,10
2011,32,Justin Harper,-0.3,-.093,-8.7,-0.2,22,150,3
2011,33,Kyle Singler,10.0,.062,-2.5,-0.9,356,7794,6
2011,34,Shelvin Mack,10.3,.059,-1.9,0.1,456,8392,8
2011,35,Tyler Honeycutt,-0.1,-.049,-5.1,-0.1,24,120,2
2011,36,Jordan Williams,1.3,.101,-2.1,0.0,43,635,1
2011,37,Trey Thompkins,0.0,.004,-5.7,-0.1,24,119,1
2011,38,Chandler Parsons,28.9,.105,1.1,10.2,440,13246,9
2011,39,Jeremy Tyler,0.3,.014,-7.0,-1.3,104,1034,3
2011,40,Jon Leuer,13.2,.107,-0.7,2.0,377,5945,8
2011,41,Darius Morris,-0.3,-.010,-5.1,-1.2,132,1464,4
2011,42,Davis Bertans,18.6,.105,0.2,4.7,475,8545,8
2011,43,Malcolm Lee,0.4,.040,-2.5,-0.1,36,534,3
2011,44,Charles Jenkins,0.5,.017,-4.5,-0.8,110,1334,2
2011,45,Josh Harrellson,2.1,.116,-0.4,0.4,75,888,3
2011,46,Andrew Goudelock,0.0,.003,-5.0,-0.3,49,475,3
2011,47,Travis Leslie,0.1,.060,-0.3,0.0,10,45,1
2011,48,Keith Benson,0.0,-.005,-7.7,0.0,3,9,1
2011,49,Josh Selby,-0.7,-.113,-9.5,-0.6,38,296,2
2011,50,Lavoy Allen,13.8,.096,-2.1,-0.1,388,6905,6
2011,51,Jon Diebler,,,,,,,
2011,52,Vernon Macklin,0.5,.161,1.2,0.1,23,135,1
2011,53,DeAndre Liggins,1.6,.040,-2.2,-0.1,177,1907,5
2011,54,MIlan Macvan,,,,,,,
2011,55,E'Twaun Moore,14.8,.057,-1.9,0.2,598,12564,10
2011,56,Chukwudiebere Maduabum,,,,,,,
2011,57,Tanguy Ngombo,,,,,,,
2011,58,Ater Majok,,,,,,,
2011,59,Adam Hanga,,,,,,,
2011,60,Isaiah Thomas,45.3,.140,2.1,16.1,556,15582,12
2012,1,Anthony Davis,120.1,.208,5.8,54.9,807,27741,14
2012,2,Michael Kidd-Gilchrist,21.0,.092,-1.8,0.6,446,10978,8
2012,3,Bradley Beal,58.4,.101,1.4,23.7,807,27681,14
2012,4,Dion Waiters,8.8,.036,-2.1,-0.4,419,11835,8
2012,5,Thomas Robinson,4.6,.053,-3.5,-1.6,313,4204,5
2012,6,Damian Lillard,118.4,.174,4.6,54.5,900,32614,13
2012,7,Harrison Barnes,66.4,.097,-0.8,10.0,1070,33015,14
2012,8,Terrence Ross,25.0,.067,-1.0,4.5,733,17956,11
2012,9,Andre Drummond,80.0,.151,1.0,18.9,967,25451,14
2012,10,Austin Rivers,15.2,.043,-3.1,-4.5,707,16858,11
2012,11,Meyers Leonard,15.8,.104,-1.5,1.0,456,7272,10
2012,12,Jeremy Lamb,26.8,.108,0.6,7.9,573,11896,10
2012,13,Kendall Marshall,1.0,.015,-3.5,-1.1,160,3083,4
2012,14,John Henson,20.7,.113,-0.5,3.4,445,8752,8
2012,15,Maurice Harkless,23.0,.079,-0.8,4.1,621,14019,10
2012,16,Royce White,0.0,-.121,-16.9,0.0,3,9,1
2012,17,Tyler Zeller,17.1,.113,-2.0,0.0,414,7254,8
2012,18,Terrence Jones,14.7,.127,0.5,3.6,234,5562,6
2012,19,Andrew Nicholson,3.8,.045,-3.6,-1.6,285,4080,5
2012,20,Evan Fournier,30.5,.075,-1.1,4.3,704,19514,12
2012,21,Jared Sullinger,15.3,.113,-0.4,2.7,269,6532,5
2012,22,Fab Melo,0.0,.021,-7.6,-0.1,6,36,1
2012,23,John Jenkins,3.0,.065,-1.9,0.1,171,2183,6
2012,24,Jared Cunningham,0.2,.017,-5.7,-0.6,84,605,4
2012,25,Tony Wroten,-1.3,-.021,-3.4,-1.1,145,3076,4
2012,26,Miles Plumlee,10.6,.090,-1.9,0.2,346,5658,7
2012,27,Arnett Moultrie,1.7,.113,-2.8,-0.1,59,729,2
2012,28,Perry Jones III,1.7,.048,-3.5,-0.6,143,1675,3
2012,29,Marquis Teague,-0.9,-.045,-6.5,-1.0,91,909,3
2012,30,Festus Ezeli,5.9,.119,-2.0,0.0,170,2394,3
2012,31,Jeffery Taylor,1.3,.024,-4.2,-1.5,132,2566,3
2012,32,Tomas Satoransky,17.9,.100,-0.9,2.4,388,8617,6
2012,33,Bernard James,1.9,.117,-1.8,0.0,92,761,3
2012,34,Jae Crowder,43.0,.102,0.1,10.9,812,20161,13
2012,35,Draymond Green,66.3,.117,2.1,27.9,949,27151,14
2012,36,Orlando Johnson,1.4,.059,-2.4,-0.1,103,1112,3
2012,37,Quincy Acy,8.7,.078,-2.0,-0.1,337,5392,7
2012,38,Quincy Miller,-0.1,-.003,-3.9,-0.5,69,934,3
2012,39,Khris Middleton,58.2,.111,0.5,15.7,839,25262,14
2012,40,Will Barton,26.5,.074,-0.4,6.9,679,17116,11
2012,41,Tyshawn Taylor,-0.9,-.088,-8.1,-0.8,61,491,2
2012,42,Doron Lamb,0.1,.005,-5.8,-1.2,100,1272,2
2012,43,Mike Scott,16.8,.088,-1.7,0.6,555,9182,9
2012,44,Kim English,0.2,.021,-4.2,-0.2,41,407,1
2012,45,Justin Hamilton,3.7,.091,-0.9,0.5,113,1961,3
2012,46,Darius Miller,6.5,.059,-2.3,-0.4,271,5358,6
2012,47,Kevin Murphy,-0.3,-.272,-16.8,-0.2,17,52,1
2012,48,Kostas Papanikolaou,0.3,.015,-2.7,-0.2,69,1089,2
2012,49,Kyle O'Quinn,17.8,.128,0.9,5.0,472,6714,8
2012,50,Izzet Turkyilmaz,,,,,,,
2012,51,Kris Joseph,-0.1,-.127,-9.9,-0.1,10,54,1
2012,52,Ognjen Kuzmic,0.2,.061,-5.6,-0.2,37,164,2
2012,53,Furkan Aldemir,1.4,.122,-3.6,-0.2,41,540,1
2012,54,Tornike Shengelia,-0.2,-.032,-7.0,-0.3,45,247,2
2012,55,Darius Johnson-Odom,-0.3,-.597,-25.5,-0.1,7,21,2
2012,56,Tomislav Zubcic,,,,,,,
2012,57,Ilkan Karaman,,,,,,,
2012,58,Robbie Hummel,1.9,.066,-3.1,-0.4,98,1397,2
2012,59,Marcus Denmon,,,,,,,
2012,60,Robert Sacre,2.4,.042,-4.0,-1.4,189,2745,4
2013,1,Anthony Bennett,0.5,.013,-4.8,-1.3,151,1905,4
2013,2,Victor Oladipo,25.6,.076,0.7,11.0,504,16247,10
2013,3,Otto Porter Jr.,36.7,.132,1.7,12.5,527,13400,11
2013,4,Cody Zeller,33.5,.140,-0.7,3.9,552,11510,11
2013,5,Alex Len,23.9,.097,-1.9,0.3,690,11754,12
2013,6,Nerlens Noel,28.3,.132,0.9,7.4,467,10281,9
2013,7,Ben McLemore,9.0,.035,-3.1,-3.4,556,12534,9
2013,8,Kentavious Caldwell-Pope,49.2,.084,-1.0,7.2,963,28124,13
2013,9,Trey Burke,12.9,.060,-1.3,1.7,498,10401,9
2013,10,CJ McCollum,54.9,.096,1.1,21.5,863,27528,13
2013,11,Michael Carter-Williams,6.6,.032,-1.2,1.8,395,9942,9
2013,12,Steven Adams,63.7,.149,0.5,12.9,796,20468,12
2013,13,Kelly Olynyk,47.1,.123,0.8,13.1,842,18360,13
2013,14,Shabazz Muhammad,8.5,.085,-2.0,0.0,278,4772,5
2013,15,Giannis Antetokounmpo,125.8,.206,6.8,65.5,895,29273,13
2013,16,Lucas Nogueira,6.0,.165,2.3,1.9,141,1754,4
2013,17,Dennis Schröder,34.2,.066,-1.5,2.9,912,24721,13
2013,18,Shane Larkin,4.4,.044,-2.4,-0.6,256,4880,4
2013,19,Sergey Karasev,0.8,.036,-3.4,-0.4,95,1110,3
2013,20,Tony Snell,18.5,.068,-2.0,-0.1,601,13092,9
2013,21,Gorgui Dieng,30.7,.117,0.2,7.1,628,12625,10
2013,22,Mason Plumlee,58.4,.148,1.2,15.2,880,18969,13
2013,23,Solomon Hill,11.9,.059,-2.1,-0.3,448,9652,9
2013,24,Tim Hardaway Jr.,38.2,.075,-1.2,5.2,893,24389,13
2013,25,Reggie Bullock Jr.,21.4,.082,-1.2,2.6,556,12556,11
2013,26,Andre Roberson,12.6,.089,-0.6,2.3,307,6801,7
2013,27,Rudy Gobert,124.9,.216,3.1,35.8,905,27811,13
2013,28,Livio Jean-Charles,,,,,,,
2013,29,Archie Goodwin,1.1,.022,-3.0,-0.6,165,2396,4
2013,30,Nemanja Nedovic,-0.4,-.132,-10.0,-0.3,24,142,1
2013,31,Allen Crabbe,13.7,.072,-1.6,0.9,381,9125,7
2013,32,Alex Abrines,5.0,.086,-1.9,0.1,174,2777,3
2013,33,Carrick Felix,0.0,.057,-3.4,0.0,7,38,1
2013,34,Isaiah Canaan,4.3,.043,-2.4,-0.5,235,4799,6
2013,35,Glen Rice,-0.2,-.065,-6.6,-0.2,16,152,2
2013,36,Ray McCallum,2.1,.035,-2.6,-0.4,154,2808,3
2013,37,Tony Mitchell,0.2,.151,0.4,0.0,21,79,1
2013,38,Nate Wolters,0.9,.028,-2.6,-0.2,84,1575,3
2013,39,Jeff Withey,6.8,.157,0.5,1.3,207,2072,5
2013,40,Grant Jerrett,-0.1,-.128,-10.8,-0.1,8,51,1
2013,41,Jamaal Franklin,0.0,-.006,-5.9,-0.2,24,174,2
2013,42,Pierre Jackson,0.0,.021,-4.4,-0.1,8,84,1
2013,43,Ricky Ledo,-0.6,-.096,-7.6,-0.4,28,277,2
2013,44,Mike Muscala,19.2,.112,-0.2,3.7,548,8239,11
2013,45,Marko Todorovic,,,,,,,
2013,46,Erick Green,0.1,.011,-4.0,-0.2,52,452,2
2013,47,Raul Neto,11.6,.082,-1.5,0.8,435,6765,8
2013,48,Ryan Kelly,3.0,.046,-2.6,-0.5,163,3125,4
2013,49,Erik Murphy,-0.1,-.055,-8.6,-0.1,24,62,1
2013,50,James Ennis III,16.2,.097,-1.5,0.9,395,8022,8
2013,51,Romero Osby,,,,,,,
2013,52,Lorenzo Brown,-0.2,-.007,-3.5,-0.5,103,1185,5
2013,53,Colton Iverson,,,,,,,
2013,54,Arsalan Kazemi,,,,,,,
2013,55,Joffrey Lauvergne,5.2,.089,-2.1,-0.1,208,2823,4
2013,56,Peyton Siva,-0.2,-.032,-6.4,-0.2,24,224,1
2013,57,Alex Oriakhi,,,,,,,
2013,58,Deshaun Thomas,,,,,,,
2013,59,Bojan Dubljevic,,,,,,,
2013,60,Janis Timma,,,,,,,
2014,1,Andrew Wiggins,37.6,.065,-1.2,5.8,834,27951,12
2014,2,Jabari Parker,13.8,.078,-0.8,2.5,310,8535,8
2014,3,Joel Embiid,69.0,.212,6.7,34.3,490,15608,10
2014,4,Aaron Gordon,50.1,.109,0.4,13.4,756,22081,12
2014,5,Dante Exum,6.6,.053,-2.8,-1.2,320,6005,8
2014,6,Marcus Smart,36.2,.085,-0.5,7.6,697,20495,12
2014,7,Julius Randle,56.9,.108,1.0,19.4,789,25348,12
2014,8,Nik Stauskas,3.9,.028,-3.0,-1.7,343,6701,6
2014,9,Noah Vonleh,9.4,.077,-2.5,-0.7,362,5854,8
2014,10,Elfrid Payton,15.1,.052,-1.1,3.1,524,13894,9
2014,11,Doug McDermott,21.7,.074,-2.2,-0.7,726,14011,12
2014,12,Dario Saric,20.8,.090,-0.8,3.4,498,11120,9
2014,13,Zach LaVine,38.6,.082,0.6,14.6,693,22685,12
2014,14,T.J. Warren,20.9,.097,-0.4,4.1,385,10365,9
2014,15,Adreian Payne,-0.6,-.019,-5.9,-1.4,107,1403,4
2014,16,Jusuf Nurkić,34.7,.108,0.4,9.5,631,15430,12
2014,17,James Young,0.8,.046,-3.4,-0.3,95,812,4
2014,18,Tyler Ennis,1.3,.026,-3.4,-0.8,186,2336,4
2014,19,Gary Harris,27.5,.076,-1.4,2.6,666,17326,12
2014,20,Bruno Caboclo,1.5,.054,-2.7,-0.2,105,1293,7
2014,21,Mitch McGary,1.3,.108,-2.6,-0.1,52,557,2
2014,22,Jordan Adams,0.4,.070,1.7,0.2,32,263,2
2014,23,Rodney Hood,17.4,.076,-1.2,2.2,448,10977,8
2014,24,Shabazz Napier,8.1,.065,-0.7,2.0,345,5986,6
2014,25,Clint Capela,72.6,.190,1.6,16.5,739,18329,12
2014,26,PJ Hairston,0.9,.021,-3.9,-1.0,111,2000,2
2014,27,Bogdan Bogdanović,25.0,.081,0.1,7.7,526,14750,9
2014,28,C.J. Wilcox,0.1,.007,-4.3,-0.2,66,376,3
2014,29,Josh Huestis,0.7,.030,-3.5,-0.4,76,1068,3
2014,30,Kyle Anderson,41.3,.122,1.7,15.1,757,16177,12
2014,31,Damien Inglis,-0.1,-.024,-5.6,-0.1,20,156,1
2014,32,KJ McDaniels,1.3,.030,-2.8,-0.4,148,2092,3
2014,33,Joe Harris,23.1,.090,-0.7,4.1,504,12298,10
2014,34,Cleanthony Early,-0.6,-.039,-5.9,-0.8,56,801,2
2014,35,Jarnell Stokes,0.6,.202,0.1,0.1,28,151,3
2014,36,Johnny O'Bryant III,0.2,.006,-6.2,-1.8,147,1684,4
2014,37,DeAndre Daniels,,,,,,,
2014,38,Spencer Dinwiddie,36.0,.100,-0.1,8.1,621,17219,11
2014,39,Jerami Grant,40.7,.090,-0.4,8.7,776,21749,12
2014,40,Glenn Robinson III,7.9,.071,-1.7,0.4,304,5299,7
2014,41,Nikola Jokić,142.9,.265,10.6,82.5,810,25914,11
2014,42,Nick Johnson,-0.1,-.020,-6.5,-0.3,28,262,1
2014,43,Edy Tavares,0.2,.118,-0.4,0.0,13,101,2
2014,44,Markel Brown,1.1,.029,-2.9,-0.4,113,1794,3
2014,45,Dwight Powell,50.5,.180,0.7,9.1,768,13469,12
2014,46,Jordan Clarkson,25.9,.056,-1.1,5.1,825,22102,12
2014,47,Russ Smith,-0.2,-.068,-5.1,-0.1,27,131,2
2014,48,Lamar Patterson,0.1,.006,-5.7,-0.4,40,435,2
2014,49,Cameron Bairstow,-0.1,-.021,-8.1,-0.3,36,167,2
2014,50,Alec Brown,,,,,,,
2014,51,Thanasis Antetokounmpo,2.1,.061,-4.1,-0.9,232,1668,7
2014,52,Vasilije Micic,-0.6,-.015,-5.6,-1.8,101,1961,2
2014,53,Alessandro Gentile,,,,,,,
2014,54,Nemanja Dangubic,,,,,,,
2014,55,Semaj Christon,0.1,.006,-5.1,-0.8,64,973,1
2014,56,Devyn Marble,-0.3,-.028,-5.5,-0.4,44,457,2
2014,57,Louis Labeyrie,,,,,,,
2014,58,Jordan McRae,1.7,.048,-2.1,0.0,123,1696,4
2014,59,Xavier Thames,,,,,,,
2014,60,Cory Jefferson,0.9,.071,-3.3,-0.2,58,581,2
2015,1,Karl-Anthony Towns,94.6,.187,4.3,38.5,720,24294,11
2015,2,D'Angelo Russell,26.5,.066,0.6,12.4,655,19240,11
2015,3,Jahlil Okafor,7.2,.071,-2.0,0.0,248,4830,7
2015,4,Kristaps Porziņģis,50.4,.150,2.6,18.9,533,16175,10
2015,5,Mario Hezonja,3.2,.025,-2.8,-1.2,330,6107,5
2015,6,Willie Cauley-Stein,23.3,.121,-0.1,4.4,422,9276,7
2015,7,Emmanuel Mudiay,-0.2,-.001,-3.2,-2.2,302,7187,6
2015,8,Stanley Johnson,6.9,.037,-2.7,-1.6,449,8879,8
2015,9,Frank Kaminsky,15.9,.094,-0.2,3.7,413,8160,8
2015,10,Justise Winslow,8.2,.044,-2.1,-0.3,344,8906,8
2015,11,Myles Turner,51.7,.122,0.6,13.5,713,20366,11
2015,12,Trey Lyles,22.0,.088,-1.0,3.0,650,11970,10
2015,13,Devin Booker,58.0,.110,1.2,20.2,737,25295,11
2015,14,Cameron Payne,14.8,.081,-0.6,3.2,499,8730,11
2015,15,Kelly Oubre Jr.,27.6,.068,-1.8,0.8,705,19316,11
2015,16,Terry Rozier,30.6,.080,0.2,10.1,665,18357,10
2015,17,Rashad Vaughn,-0.6,-.017,-4.7,-1.2,139,1671,3
2015,18,Sam Dekker,5.4,.083,-1.4,0.5,201,3097,5
2015,19,Jerian Grant,8.3,.080,-1.6,0.5,279,4998,5
2015,20,Delon Wright,28.9,.124,1.9,11.1,548,11175,10
2015,21,Justin Anderson,4.9,.072,-1.5,0.4,242,3280,6
2015,22,Bobby Portis Jr.,36.6,.106,-0.4,6.8,721,16526,11
2015,23,Rondae Hollis-Jefferson,12.9,.091,-0.7,2.3,305,6759,6
2015,24,Tyus Jones,34.9,.109,0.4,9.2,749,15403,11
2015,25,Jarell Martin,3.2,.053,-4.3,-1.7,184,2927,4
2015,26,Nikola Milutinov,,,,,,,
2015,27,Larry Nance Jr.,35.2,.130,1.1,10.1,581,13036,11
2015,28,RJ Hunter,0.4,.051,-2.0,0.0,45,395,4
2015,29,Chris McCullough,0.6,.054,-2.5,-0.1,59,532,3
2015,30,Kevon Looney,38.1,.172,0.3,6.2,620,10617,11
2015,31,Cedi Osman,12.5,.055,-2.1,-0.3,476,10815,7
2015,32,Montrezl Harrell,42.9,.195,2.6,12.2,515,10544,8
2015,33,Jordan Mickey,0.5,.050,-4.8,-0.3,64,482,3
2015,34,Anthony Brown,-0.2,-.016,-5.1,-0.6,41,762,3
2015,35,Willy Hernangomez,16.3,.152,0.1,2.8,344,5149,7
2015,36,Rakeem Christmas,0.5,.105,-4.7,-0.2,30,225,2
2015,37,Richaun Holmes,30.7,.158,0.1,5.0,489,9360,10
2015,38,Darrun Hilliard,0.3,.016,-4.7,-0.6,91,859,3
2015,39,Juan Pablo Vaulet,,,,,,,
2015,40,Josh Richardson,27.7,.084,-0.6,5.5,554,15815,10
2015,41,Pat Connaughton,25.3,.103,-0.5,4.5,637,11736,11
2015,42,Olivier Hanlan,,,,,,,
2015,43,Joe Young,0.4,.016,-4.1,-0.6,127,1077,3
2015,44,Andrew Harrison,3.2,.051,-2.8,-0.6,145,2987,3
2015,45,Marcus Thornton,,,,,,,
2015,46,Norman Powell,36.4,.105,0.2,9.2,675,16655,11
2015,47,Arturas Gudaitis,,,,,,,
2015,48,Dakari Johnson,0.6,.178,-0.3,0.1,31,161,1
2015,49,Aaron White,,,,,,,
2015,50,Marcus Eriksson,,,,,,,
2015,51,Tyler Harvey,,,,,,,
2015,52,Satnam Singh,,,,,,,
2015,53,Sir'Dominic Pointer,,,,,,,
2015,54,Daniel Diez,,,,,,,
2015,55,Cady Lalanne,,,,,,,
2015,56,Branden Dawson,0.0,.069,-5.7,0.0,6,29,1
2015,57,Nikola Radicevic,,,,,,,
2015,58,JP Tokoto,,,,,,,
2015,59,Dimitrios Agravanis,,,,,,,
2015,60,Luka Mitrovic,,,,,,,
2016,1,Ben Simmons,35.4,.143,3.0,15.0,383,11910,7
2016,2,Brandon Ingram,31.8,.081,0.2,10.3,572,18920,10
2016,3,Jaylen Brown,47.5,.109,0.7,14.1,674,20908,10
2016,4,Dragan Bender,0.5,.006,-3.9,-1.9,187,3755,4
2016,5,Kris Dunn,15.7,.064,-1.0,2.8,489,11727,10
2016,6,Buddy Hield,28.7,.066,0.2,11.7,765,20999,10
2016,7,Jamal Murray,47.6,.117,1.4,16.5,611,19448,9
2016,8,Marquese Chriss,6.5,.058,-2.4,-0.5,292,5338,6
2016,9,Jakob Poeltl,48.5,.161,1.3,11.9,641,14469,10
2016,10,Thon Maker,6.6,.087,-2.1,-0.1,263,3624,5
2016,11,Domantas Sabonis,71.0,.166,3.3,27.6,665,20463,10
2016,12,Taurean Prince,15.5,.050,-2.1,-0.3,608,15013,10
2016,13,Georgios Papagiannis,0.4,.044,-3.9,-0.2,39,477,2
2016,14,Denzel Valentine,4.5,.044,-1.9,0.2,256,4817,5
2016,15,Juancho Hernangomez,8.7,.080,-1.9,0.1,339,5269,7
2016,16,Guerschon Yabusele,6.4,.091,-1.5,0.4,211,3388,4
2016,17,Wade Baldwin IV,-0.3,-.028,-5.3,-0.5,56,579,3
2016,18,Henry Ellenson,0.4,.023,-3.7,-0.3,83,787,5
2016,19,Malik Beasley,20.1,.070,-0.9,3.7,578,13739,9
2016,20,Caris LeVert,25.4,.078,-0.2,7.0,584,15705,10
2016,21,DeAndre' Bembry,4.4,.038,-2.3,-0.4,296,5670,6
2016,22,Malachi Richardson,-0.1,-.009,-6.1,-0.7,70,625,3
2016,23,Ante Zizic,3.5,.110,-2.6,-0.2,113,1517,3
2016,24,Timothe Luwawu-Cabarrot,4.7,.043,-4.0,-2.7,328,5254,6
2016,25,Brice Johnson,0.1,.062,-0.6,0.0,21,107,2
2016,26,Furkan Korkmaz,7.6,.067,-2.0,0.1,328,5447,7
2016,27,Pascal Siakam,58.1,.129,1.8,21.0,691,21694,10
2016,28,Skal Labissiere,4.5,.082,-2.2,-0.2,155,2645,6
2016,29,Dejounte Murray,26.8,.085,1.4,12.9,517,15134,9
2016,30,Damian Jones,11.3,.143,-1.0,1.0,279,3782,8
2016,31,Deyonta Davis,3.6,.131,-2.1,0.0,107,1299,3
2016,32,Ivica Zubac,55.5,.179,0.8,10.4,632,14880,10
2016,33,Cheick Diallo,6.3,.139,-1.4,0.3,183,2186,5
2016,34,Tyler Ulis,0.5,.008,-3.6,-1.1,133,2782,3
2016,35,Rade Zagorac,,,,,,,
2016,36,Malcolm Brogdon,33.4,.119,1.3,11.2,463,13481,9
2016,37,Chinanu Onuaku,0.1,.043,-5.4,-0.1,6,74,2
2016,38,Patrick McCaw,4.4,.062,-2.8,-0.6,199,3373,5
2016,39,David Michineau,,,,,,,
2016,40,Diamond Stone,-0.1,-.211,-20.8,-0.1,7,24,1
2016,41,Stephen Zimmerman,0.0,-.005,-8.3,-0.2,19,108,1
2016,42,Isaiah Whitehead,-0.9,-.025,-5.0,-1.4,89,1823,2
2016,43,Zhou Qi,-0.2,-.093,-9.6,-0.2,19,125,2
2016,44,Isaia Cordinier,,,,,,,
2016,45,Demetrius Jackson,0.2,.087,-0.5,0.1,26,136,3
2016,46,AJ Hammons,0.0,-.001,-6.6,-0.2,22,163,1
2016,47,Jake Layman,3.8,.059,-2.3,-0.2,243,3099,6
2016,48,Paul Zipser,0.0,-.001,-5.2,-1.4,98,1667,2
2016,49,Michael Gbinije,-0.1,-.136,-12.1,-0.1,9,32,1
2016,50,Georges Niang,15.9,.080,-1.7,0.7,544,9494,9
2016,51,Ben Bentil,-0.1,-.473,-25.9,-0.1,3,10,1
2016,52,Joel Bolomboy,0.3,.132,-0.1,0.0,18,91,2
2016,53,Petr Cornelie,0.0,-.015,-8.8,-0.1,13,38,1
2016,54,Kay Felder,-0.4,-.041,-4.7,-0.4,58,526,2
2016,55,Marcus Paige,0.0,-.006,-8.8,0.0,5,28,1
2016,56,Daniel Hamilton,0.0,.000,-3.3,-0.1,25,232,2
2016,57,Wang Zhelin,,,,,,,
2016,58,Abdel Nader,2.8,.052,-2.6,-0.4,202,2583,5
2016,59,Isaiah Cousins,,,,,,,
2016,60,Tyrone Wallace,0.1,.003,-5.2,-1.4,112,1714,4
2017,1,Markelle Fultz,8.3,.065,-1.3,1.1,260,6159,9
2017,2,Lonzo Ball,13.3,.066,0.8,6.9,322,9692,7
2017,3,Jayson Tatum,67.2,.156,3.8,30.3,601,20707,9
2017,4,Josh Jackson,-1.7,-.012,-3.8,-3.1,291,6718,5
2017,5,De'Aaron Fox,40.3,.097,1.0,15.1,603,19892,9
2017,6,Jonathan Isaac,14.9,.116,0.7,4.3,328,6161,7
2017,7,Lauri Markkanen,36.7,.114,1.2,12.2,492,15401,9
2017,8,Frank Ntilikina,0.3,.003,-4.4,-3.4,321,5454,7
2017,9,Dennis Smith Jr.,2.3,.015,-2.1,-0.2,326,7601,7
2017,10,Zach Collins,12.4,.081,-1.4,1.0,388,7321,8
2017,11,Malik Monk,16.1,.058,-1.0,3.1,585,13307,9
2017,12,Luke Kennard,28.1,.108,0.0,6.3,538,12440,9
2017,13,Donovan Mitchell,60.2,.140,3.6,29.4,609,20585,9
2017,14,Bam Adebayo,64.0,.156,2.5,22.2,640,19719,9
2017,15,Justin Jackson,5.3,.052,-2.8,-1.0,280,4886,7
2017,16,Justin Patton,0.4,.066,-2.8,-0.1,22,296,4
2017,17,D.J. Wilson,2.9,.077,-2.4,-0.2,148,1818,6
2017,18,T.J. Leaf,2.7,.104,-1.8,0.1,146,1238,4
2017,19,John Collins,43.8,.135,0.5,10.0,541,15611,9
2017,20,Harry Giles III,3.1,.076,-2.5,-0.2,165,1935,4
2017,21,Terrance Ferguson,4.4,.053,-4.0,-2.1,204,4000,4
2017,22,Jarrett Allen,73.1,.200,2.4,19.4,624,17540,9
2017,23,OG Anunoby,37.6,.106,0.4,10.5,559,17078,9
2017,24,Tyler Lydon,0.2,.084,-4.3,-0.1,26,96,2
2017,25,Anžejs Pasečņiks,0.4,.038,-6.2,-0.5,28,443,2
2017,26,Caleb Swanigan,-0.2,-.015,-6.2,-0.7,75,655,3
2017,27,Kyle Kuzma,16.3,.042,-1.6,1.8,610,18661,9
2017,28,Tony Bradley,8.9,.167,-0.5,1.0,234,2557,8
2017,29,Derrick White,46.7,.134,2.4,18.4,571,16706,9
2017,30,Josh Hart,42.8,.113,0.8,12.6,596,18123,9
2017,31,Frank Jackson,2.5,.031,-3.9,-1.9,214,3873,5
2017,32,Davon Reed,1.5,.054,-2.9,-0.3,122,1299,4
2017,33,Wes Iwundu,4.2,.053,-3.9,-1.8,226,3827,5
2017,34,Frank Mason III,1.2,.035,-2.7,-0.3,103,1616,4
2017,35,Ivan Rabb,3.2,.125,-1.7,0.1,85,1237,2
2017,36,Jonah Bolden,1.4,.098,-1.3,0.1,51,686,2
2017,37,Semi Ojeleye,5.2,.061,-3.4,-1.5,284,4111,5
2017,38,Jordan Bell,4.9,.121,0.2,1.1,161,1937,5
2017,39,Jawun Evans,-0.4,-.022,-5.4,-0.7,56,843,2
2017,40,Dwayne Bacon,0.8,.010,-5.1,-3.1,207,4012,4
2017,41,Tyler Dorsey,1.1,.031,-3.0,-0.5,107,1680,3
2017,42,Thomas Bryant,22.7,.164,0.9,4.9,393,6642,9
2017,43,Isaiah Hartenstein,33.3,.188,2.4,9.4,426,8511,8
2017,44,Damyean Dotson,3.0,.034,-2.8,-0.9,213,4242,5
2017,45,Dillon Brooks,16.8,.050,-3.3,-5.2,548,16205,9
2017,46,Sterling Brown,6.6,.071,-2.1,-0.1,268,4458,6
2017,47,Ike Anigbogu,0.0,.057,-1.1,0.0,14,36,2
2017,48,Sindarius Thornwell,1.1,.032,-3.1,-0.5,160,1721,4
2017,49,Vlatko Cancar,2.4,.076,-2.5,-0.2,143,1527,5
2017,50,Mathias Lessort,,,,,,,
2017,51,Monte Morris,24.7,.120,0.2,5.6,426,9873,9
2017,52,Edmond Sumner,3.2,.069,-3.0,-0.6,161,2256,5
2017,53,Kadeem Allen,1.0,.075,-1.2,0.1,47,640,3
2017,54,Alec Peters,0.3,.055,-2.8,0.0,20,225,1
2017,55,Nigel Williams-Goss,0.0,.017,-3.9,0.0,10,50,1
2017,56,Jabari Bird,0.2,.098,-3.1,0.0,13,115,1
2017,57,Sasha Vezenkov,1.0,.098,-0.9,0.1,42,511,1
2017,58,Ognjen Jaramaz,,,,,,,
2017,59,Jaron Blossomgame,0.3,.030,-3.8,-0.2,27,439,1
2017,60,Alpha Kaba,,,,,,,
2018,1,Deandre Ayton,43.8,.148,0.6,9.2,470,14230,8
2018,2,Marvin Bagley III,16.3,.102,-1.2,1.5,349,7675,8
2018,3,Luka Dončić,66.6,.178,7.8,44.8,514,18001,8
2018,4,Jaren Jackson Jr.,30.2,.111,0.8,9.2,455,13093,8
2018,5,Trae Young,44.7,.126,2.6,19.7,498,17006,8
2018,6,Mo Bamba,15.7,.122,-0.1,3.0,368,6159,8
2018,7,Wendell Carter Jr.,33.3,.126,-0.3,5.3,461,12735,8
2018,8,Collin Sexton,19.7,.069,-1.1,3.0,475,13771,8
2018,9,Kevin Knox II,0.9,.008,-4.4,-3.4,320,5606,7
2018,10,Mikal Bridges,50.0,.113,0.9,15.8,638,21206,8
2018,11,Shai Gilgeous-Alexander,75.6,.207,6.3,36.9,530,17550,8
2018,12,Miles Bridges,27.8,.086,0.1,8.2,501,15457,7
2018,13,Jerome Robinson,-0.2,-.004,-4.8,-1.2,135,1685,4
2018,14,Michael Porter Jr.,29.4,.120,1.0,8.9,397,11725,7
2018,15,Troy Brown Jr.,8.6,.061,-1.8,0.4,356,6778,6
2018,16,Zhaire Smith,0.0,.011,-6.1,-0.1,13,143,2
2018,17,Donte DiVincenzo,29.1,.107,1.0,10.1,498,13104,8
2018,18,Lonnie Walker IV,4.9,.033,-2.5,-1.0,342,7025,7
2018,19,Kevin Huerter,21.7,.069,-0.9,4.1,551,15115,8
2018,20,Josh Okogie,14.2,.073,-1.7,0.6,494,9306,8
2018,21,Grayson Allen,26.4,.109,0.3,6.6,454,11694,8
2018,22,Chandler Hutchison,1.1,.030,-3.9,-0.9,103,1790,4
2018,23,Aaron Holiday,11.6,.068,-2.0,0.1,505,8147,8
2018,24,Anfernee Simons,15.7,.064,-1.0,2.9,444,11792,8
2018,25,Moritz Wagner,17.9,.132,0.1,3.4,399,6478,8
2018,26,Landry Shamet,15.7,.079,-1.8,0.4,449,9560,8
2018,27,Robert Williams III,28.3,.236,4.6,9.6,294,5762,8
2018,28,Jacob Evans,-0.6,-.047,-7.4,-0.8,59,622,2
2018,29,Dzanan Musa,0.0,.003,-4.6,-0.4,49,526,2
2018,30,Omari Spellman,2.4,.068,-1.5,0.2,95,1691,2
2018,31,Elie Okobo,0.5,.014,-4.1,-0.9,108,1677,2
2018,32,Jevon Carter,9.4,.063,-1.4,1.0,465,7146,8
2018,33,Jalen Brunson,54.2,.155,2.4,18.8,561,16830,8
2018,34,Devonte' Graham,12.7,.073,-0.5,3.2,336,8359,6
2018,35,Melvin Frazier Jr.,-0.4,-.062,-10.0,-0.6,32,290,3
2018,36,Mitchell Robinson,41.0,.212,2.3,10.1,397,9297,8
2018,37,Gary Trent Jr.,19.0,.070,-1.6,1.4,480,13075,8
2018,38,Khyri Thomas,0.5,.058,-2.7,-0.1,39,409,3
2018,39,Isaac Bonga,1.7,.044,-3.6,-0.7,143,1871,4
2018,40,Rodions Kurucs,2.3,.052,-2.8,-0.4,131,2103,3
2018,41,Jarred Vanderbilt,18.6,.122,-0.2,3.3,374,7303,8
2018,42,Bruce Brown,22.9,.082,-1.6,1.3,539,13374,8
2018,43,Justin Jackson,,,,,,,
2018,44,Issuf Sanon,,,,,,,
2018,45,Hamidou Diallo,6.2,.060,-2.1,-0.1,265,4918,6
2018,46,De'Anthony Melton,15.0,.078,0.2,5.2,405,9272,8
2018,47,Svi Mykhailiuk,5.3,.039,-2.4,-0.6,381,6542,8
2018,48,Keita Bates-Diop,7.4,.078,-1.6,0.5,283,4566,6
2018,49,Chimezie Metu,5.7,.076,-1.6,0.3,260,3565,6
2018,50,Alize Johnson,1.3,.108,-2.4,-0.1,76,568,5
2018,51,Tony Carr,,,,,,,
2018,52,Vincent Edwards,0.0,-.014,-6.4,0.0,2,16,1
2018,53,Devon Hall,-0.2,-.116,-6.7,-0.1,11,81,1
2018,54,Shake Milton,11.7,.084,-2.0,-0.1,359,6698,7
2018,55,Arnoldas Kulboka,0.0,-.217,-21.8,0.0,2,5,1
2018,56,Ray Spalding,0.1,.024,-6.2,-0.2,16,167,2
2018,57,Kevin Hervey,-0.1,-.085,-5.1,0.0,10,52,1
2018,58,Thomas Welsh,0.1,.162,1.2,0.0,11,36,1
2018,59,George King,-0.1,-.225,-17.2,-0.1,5,25,2
2018,60,Kostas Antetokounmpo,-0.2,-.098,-9.9,-0.2,22,87,3
2019,1,Zion Williamson,30.3,.170,4.5,14.1,276,8555,6
2019,2,Ja Morant,24.3,.113,2.5,11.8,327,10370,7
2019,3,RJ Barrett,17.3,.057,-1.5,1.8,444,14540,7
2019,4,De'Andre Hunter,13.1,.057,-2.7,-2.0,372,10996,7
2019,5,Darius Garland,27.1,.093,0.2,7.9,427,14037,7
2019,6,Jarrett Culver,-0.1,-.001,-4.5,-1.6,144,2480,4
2019,7,Coby White,19.9,.069,-1.5,1.7,472,13815,7
2019,8,Jaxson Hayes,25.1,.167,-0.1,3.5,433,7229,7
2019,9,Rui Hachimura,18.7,.080,-2.0,0.1,405,11272,7
2019,10,Cam Reddish,3.3,.027,-3.1,-1.7,254,5876,6
2019,11,Cameron Johnson,26.6,.120,1.2,8.8,394,10667,7
2019,12,P.J. Washington,16.5,.058,-1.3,2.6,446,13653,7
2019,13,Tyler Herro,22.3,.084,0.8,9.0,394,12796,7
2019,14,Romeo Langford,2.0,.043,-3.4,-0.8,141,2268,4
2019,15,Sekou Doumbouya,-0.4,-.013,-6.5,-1.8,96,1639,3
2019,16,Chuma Okeke,5.0,.060,-1.1,1.0,198,4028,5
2019,17,Nickeil Alexander-Walker,16.5,.075,-0.6,3.7,459,10545,7
2019,18,Goga Bitadze,19.3,.166,1.1,4.4,383,5577,7
2019,19,Luka Samanic,0.0,.001,-5.6,-0.8,86,921,4
2019,20,Matisse Thybulle,15.4,.095,1.1,6.1,377,7749,7
2019,21,Brandon Clarke,24.6,.184,2.4,7.1,309,6412,7
2019,22,Grant Williams,17.4,.089,-1.6,1.0,416,9421,7
2019,23,Darius Bazley,3.1,.027,-2.4,-0.6,237,5536,5
2019,24,Ty Jerome,11.2,.120,0.9,3.3,244,4480,7
2019,25,Nassir Little,4.7,.061,-2.6,-0.5,237,3735,5
2019,26,Dylan Windler,1.6,.072,-1.4,0.2,101,1090,4
2019,27,Mfiondu Kabengele,0.4,.055,-3.6,-0.2,55,380,3
2019,28,Jordan Poole,11.4,.045,-1.9,0.4,451,12283,7
2019,29,Keldon Johnson,23.2,.089,-1.0,3.2,452,12511,7
2019,30,Kevin Porter Jr.,9.0,.050,-0.9,2.5,309,8671,6
2019,31,Nic Claxton,30.9,.149,1.3,8.2,380,9944,7
2019,32,KZ Okpala,1.0,.050,-4.7,-0.7,98,965,4
2019,33,Carsen Edwards,0.3,.019,-5.1,-0.5,72,706,3
2019,34,Bruno Fernando,3.8,.079,-3.0,-0.6,220,2326,6
2019,35,Didi Louzada,-0.1,-.034,-8.1,-0.3,12,185,2
2019,36,Cody Martin,7.1,.059,-1.8,0.3,263,5733,7
2019,37,Deividas Sirvydis,-0.1,-.032,-5.9,-0.2,23,160,2
2019,38,Daniel Gafford,35.2,.195,1.7,8.2,433,8684,7
2019,39,Alen Smailagic,0.3,.056,-3.3,-0.1,29,223,2
2019,40,Justin James,0.3,.024,-3.1,-0.2,72,542,2
2019,41,Eric Paschall,5.0,.078,-2.2,-0.1,158,3086,3
2019,42,Admiral Schofield,1.2,.043,-4.6,-0.9,131,1372,4
2019,43,Jaylen Nowell,4.7,.064,-2.1,-0.1,205,3519,6
2019,44,Bol Bol,5.0,.088,-0.4,1.1,202,2750,6
2019,45,Isaiah Roby,4.0,.068,-2.3,-0.2,151,2858,4
2019,46,Talen Horton-Tucker,6.0,.049,-2.0,0.0,305,5942,6
2019,47,Ignas Brazdeikis,0.4,.024,-4.9,-0.6,64,838,3
2019,48,Terance Mann,23.3,.105,-1.2,2.2,475,10630,7
2019,49,Quinndary Weatherspoon,0.2,.030,-5.5,-0.2,42,272,3
2019,50,Jarrell Brantley,0.6,.108,0.0,0.1,41,273,3
2019,51,Tremont Waters,0.1,.012,-3.0,-0.1,40,407,3
2019,52,Jalen McDaniels,5.3,.056,-3.3,-1.5,252,4550,6
2019,53,Justin Wright-Foreman,0.0,-.008,-9.0,-0.1,4,45,1
2019,54,Marial Shayok,-0.1,-.130,-13.0,-0.1,4,28,1
2019,55,Kyle Guy,0.1,.006,-4.9,-0.3,53,431,3
2019,56,Jaylen Hands,,,,,,,
2019,57,Jordan Bone,0.1,.010,-5.9,-0.2,24,249,2
2019,58,Miye Oni,1.0,.070,-2.5,-0.1,80,672,3
2019,59,Dewan Hernandez,0.0,.043,-9.6,-0.1,6,28,1
2019,60,Vanja Marinkovic,,,,,,,
2020,1,Anthony Edwards,31.4,.098,2.1,15.8,442,15400,6
2020,2,James Wiseman,4.3,.072,-4.0,-1.5,152,2857,5
2020,3,LaMelo Ball,19.8,.101,3.3,12.5,303,9392,6
2020,4,Patrick Williams,8.3,.044,-2.6,-1.4,348,8952,6
2020,5,Isaac Okoro,18.2,.084,-2.3,-0.8,397,10441,6
2020,6,Onyeka Okongwu,30.9,.161,0.6,6.0,381,9208,6
2020,7,Killian Hayes,-0.4,-.004,-4.0,-3.0,239,6047,6
2020,8,Obi Toppin,17.7,.128,1.2,5.4,386,6662,6
2020,9,Deni Avdija,21.7,.088,0.0,6.0,425,11878,6
2020,10,Jalen Smith,14.6,.128,-0.3,2.4,324,5463,6
2020,11,Devin Vassell,16.8,.077,-0.3,4.4,370,10446,6
2020,12,Tyrese Haliburton,37.6,.164,4.8,18.9,333,10998,5
2020,13,Kira Lewis Jr.,1.3,.036,-3.5,-0.6,131,1745,4
2020,14,Aaron Nesmith,11.2,.072,-2.1,-0.2,333,7511,6
2020,15,Cole Anthony,10.5,.060,-0.8,2.5,355,8462,6
2020,16,Isaiah Stewart,19.5,.106,-1.5,1.2,365,8859,6
2020,17,Aleksej Pokusevski,-0.2,-.002,-3.1,-1.0,168,3429,4
2020,18,Josh Green,11.1,.073,-2.6,-1.2,349,7323,6
2020,19,Saddiq Bey,20.0,.087,-0.5,4.3,364,11050,5
2020,20,Precious Achiuwa,14.8,.087,-2.1,-0.3,393,8141,6
2020,21,Tyrese Maxey,35.1,.131,2.2,13.5,388,12848,6
2020,22,Zeke Nnaji,7.5,.100,-2.8,-0.7,303,3633,6
2020,23,Leandro Bolmaro,-0.3,-.048,-7.8,-0.5,49,309,2
2020,24,R.J. Hampton,0.8,.013,-3.8,-1.4,170,3116,4
2020,25,Immanuel Quickley,27.9,.127,1.5,9.2,394,10523,6
2020,26,Payton Pritchard,29.4,.148,1.5,8.5,426,9564,6
2020,27,Udoka Azubuike,2.0,.133,-1.5,0.1,84,724,4
2020,28,Jaden McDaniels,23.1,.087,-1.5,1.5,439,12765,6
2020,29,Malachi Flynn,2.9,.045,-2.6,-0.5,217,3076,5
2020,30,Desmond Bane,33.0,.132,2.2,12.7,395,12030,6
2020,31,Tyrell Terry,0.0,-.035,-4.8,0.0,13,59,2
2020,32,Vernon Carey Jr.,0.2,.058,-6.3,-0.2,37,187,3
2020,33,Daniel Oturu,0.3,.086,-5.2,-0.2,33,188,2
2020,34,Theo Maledon,-0.2,-.002,-4.6,-2.4,177,3753,4
2020,35,Xavier Tillman,10.3,.114,-0.2,2.0,290,4354,6
2020,36,Tyler Bey,0.0,-.033,-9.5,-0.1,18,71,1
2020,37,Vít Krejčí,6.9,.084,-2.0,0.1,203,3941,5
2020,38,Saben Lee,3.5,.085,-1.4,0.3,134,1943,4
2020,39,Elijah Hughes,-0.4,-.039,-6.4,-0.5,54,498,2
2020,40,Robert Woodard II,-0.1,-.077,-7.7,-0.1,25,87,2
2020,41,Tre Jones,20.3,.119,-0.1,4.0,362,8196,6
2020,42,Nick Richards,13.9,.124,-2.9,-1.2,305,5363,6
2020,43,Jahmi'us Ramsey,-0.1,-.008,-5.4,-0.3,39,349,3
2020,44,Marko Simonovic,0.0,-.026,-12.3,-0.1,16,55,2
2020,45,Jordan Nwora,3.0,.043,-2.8,-0.7,206,3359,4
2020,46,CJ Elleby,0.5,.018,-5.2,-1.1,88,1366,2
2020,47,Yam Madar,,,,,,,
2020,48,Nico Mannion,0.2,.029,-3.9,-0.2,30,364,1
2020,49,Isaiah Joe,19.0,.131,0.6,4.6,392,6943,6
2020,50,Skylar Mays,2.1,.092,-0.7,0.4,105,1111,4
2020,51,Justinian Jessup,,,,,,,
2020,52,KJ Martin,12.4,.089,-1.8,0.4,309,6674,5
2020,53,Cassius Winston,0.1,.051,-4.9,-0.1,29,137,2
2020,54,Cassius Stanley,0.0,-.006,-7.9,-0.4,33,248,2
2020,55,Jay Scrubb,-0.1,-.014,-6.6,-0.3,24,235,3
2020,56,Grant Riller,0.1,.177,5.1,0.0,7,27,1
2020,57,Reggie Perry,0.4,.048,-5.5,-0.3,36,398,2
2020,58,Paul Reed,15.9,.184,1.7,3.9,325,4163,6
2020,59,Jalen Harris,0.3,.079,0.3,0.1,13,172,1
2020,60,Sam Merrill,10.5,.120,0.1,2.3,225,4197,6
2021,1,Cade Cunningham,14.9,.078,2.2,9.8,272,9186,5
2021,2,Jalen Green,11.0,.049,-1.1,2.4,339,10866,5
2021,3,Evan Mobley,34.8,.154,2.4,12.1,334,10819,5
2021,4,Scottie Barnes,27.2,.107,2.3,13.1,356,12204,5
2021,5,Jalen Suggs,8.3,.055,-0.3,3.1,268,7154,5
2021,6,Josh Giddey,17.2,.083,1.5,8.8,334,9926,5
2021,7,Jonathan Kuminga,13.0,.096,-1.1,1.5,294,6502,5
2021,8,Franz Wagner,24.2,.112,0.9,7.7,325,10417,5
2021,9,Davion Mitchell,10.3,.057,-2.6,-1.3,371,8651,5
2021,10,Ziaire Williams,6.2,.052,-3.0,-1.5,269,5767,5
2021,11,James Bouknight,-0.3,-.017,-5.9,-0.9,79,900,3
2021,12,Joshua Primo,-0.2,-.011,-5.3,-0.9,56,1068,3
2021,13,Chris Duarte,1.9,.028,-3.0,-0.8,177,3231,4
2021,14,Moses Moody,11.6,.096,-1.0,1.5,315,5769,5
2021,15,Corey Kispert,11.1,.062,-2.3,-0.6,350,8643,5
2021,16,Alperen Sengun,30.5,.140,3.1,13.4,358,10499,5
2021,17,Trey Murphy III,24.4,.128,1.6,8.3,317,9197,5
2021,18,Tre Mann,1.9,.020,-3.6,-1.8,234,4525,5
2021,19,Kai Jones,2.8,.126,-1.2,0.2,107,1081,3
2021,20,Jalen Johnson,15.9,.111,2.2,7.2,256,6867,5
2021,21,Keon Johnson,-0.3,-.005,-4.2,-1.7,161,3098,4
2021,22,Isaiah Jackson,10.3,.148,-0.4,1.3,219,3346,5
2021,23,Usman Garuba,2.3,.090,-1.4,0.2,105,1228,3
2021,24,Josh Christopher,0.2,.003,-3.9,-1.1,152,2189,3
2021,25,Quentin Grimes,14.4,.085,-0.7,2.7,318,8151,5
2021,26,Bones Hyland,7.4,.082,-0.2,2.0,257,4351,5
2021,27,Cam Thomas,5.0,.041,-2.3,-0.4,257,5861,5
2021,28,Jaden Springer,1.4,.068,-2.7,-0.2,110,967,4
2021,29,Day'Ron Sharpe,11.9,.145,0.0,2.0,253,3932,5
2021,30,Santi Aldama,14.5,.107,0.9,4.7,278,6518,5
2021,31,Isaiah Todd,-0.3,-.124,-10.2,-0.3,18,135,2
2021,32,Jeremiah Robinson-Earl,5.9,.074,-2.4,-0.4,219,3835,5
2021,33,Jason Preston,0.1,.023,-2.6,0.0,21,195,2
2021,34,Rokas Jokubaitis,,,,,,,
2021,35,Herbert Jones,16.4,.089,-0.9,2.6,296,8843,5
2021,36,Miles McBride,10.5,.099,-0.4,2.0,277,5133,5
2021,37,JT Thor,1.2,.026,-4.5,-1.5,185,2261,4
2021,38,Ayo Dosunmu,17.5,.086,-1.2,2.0,348,9695,5
2021,39,Neemias Queta,14.2,.209,1.4,2.8,186,3271,5
2021,40,Jared Butler,2.5,.059,-1.5,0.3,148,2047,4
2021,41,Joe Wieskamp,0.1,.013,-5.3,-0.2,38,255,2
2021,42,Isaiah Livers,2.0,.039,-3.1,-0.7,130,2398,4
2021,43,Greg Brown III,0.2,.015,-5.1,-0.6,70,773,3
2021,44,Kessler Edwards,2.7,.058,-2.9,-0.5,178,2255,4
2021,45,Juhann Begarin,,,,,,,
2021,46,Dalano Banton,2.0,.030,-1.5,0.4,222,3204,5
2021,47,David Johnson,0.0,-.495,-27.7,0.0,2,2,1
2021,48,Sharife Cooper,0.4,.023,-4.6,-0.5,54,739,2
2021,49,Marcus Zegarowski,,,,,,,
2021,50,Filip Petrusev,0.0,.029,-8.0,0.0,3,10,1
2021,51,Brandon Boston Jr.,1.0,.021,-3.7,-1.0,147,2346,4
2021,52,Luka Garza,8.2,.187,0.4,1.3,193,2091,5
2021,53,Charles Bassey,4.5,.152,0.6,0.9,126,1410,5
2021,54,Sandro Mamukelashvili,11.4,.138,1.1,3.2,271,3950,5
2021,55,Aaron Wiggins,15.0,.105,-0.9,1.9,339,6892,5
2021,56,Scottie Lewis,0.0,.164,6.0,0.0,2,7,1
2021,57,Balsa Koprivica,,,,,,,
2021,58,Jericho Sims,10.1,.124,-2.1,-0.1,258,3902,5
2021,59,RaiQuan Gray,0.2,.149,2.9,0.1,4,74,2
2021,60,Georgios Kalaitzakis,-0.1,-.024,-7.0,-0.3,13,213,1
2022,1,Paolo Banchero,16.1,.083,1.0,7.1,270,9313,4
2022,2,Chet Holmgren,21.2,.192,3.5,7.4,183,5287,3
2022,3,Jabari Smith Jr.,18.3,.094,-1.4,1.4,289,9296,4
2022,4,Keegan Murray,14.1,.081,-1.2,1.6,256,8373,4
2022,5,Jaden Ivey,2.9,.023,-2.4,-0.6,218,6089,4
2022,6,Bennedict Mathurin,8.3,.053,-3.2,-2.2,263,7529,4
2022,7,Shaedon Sharpe,5.9,.043,-2.1,-0.2,234,6561,4
2022,8,Dyson Daniels,15.8,.102,0.8,5.3,272,7491,4
2022,9,Jeremy Sochan,5.4,.047,-2.8,-1.1,228,5484,4
2022,10,Johnny Davis,-0.4,-.013,-6.2,-1.3,112,1278,3
2022,11,Ousmane Dieng,2.0,.040,-3.1,-0.7,166,2438,4
2022,12,Jalen Williams,23.8,.149,2.2,8.2,248,7672,4
2022,13,Jalen Duren,29.5,.190,2.0,7.5,276,7457,4
2022,14,Ochai Agbaji,5.5,.047,-2.9,-1.3,263,5562,4
2022,15,Mark Williams,16.0,.196,1.9,3.8,166,3923,4
2022,16,AJ Griffin,1.8,.053,-1.7,0.1,92,1572,2
2022,17,Tari Eason,11.8,.108,0.1,2.8,221,5216,4
2022,18,Dalen Terry,3.1,.061,-2.6,-0.3,218,2433,4
2022,19,Jake LaRavia,8.2,.085,-1.2,0.9,218,4630,4
2022,20,Malaki Branham,0.1,.001,-4.9,-2.9,216,3846,4
2022,21,Christian Braun,16.4,.114,-1.0,1.8,281,6910,4
2022,22,Walker Kessler,17.1,.161,2.0,5.1,201,5090,4
2022,23,David Roddy,2.0,.033,-3.9,-1.4,173,2918,4
2022,24,MarJon Beauchamp,1.4,.041,-3.8,-0.7,149,1661,4
2022,25,Blake Wesley,-0.2,-.004,-5.4,-2.2,187,2589,4
2022,26,Wendell Moore Jr.,1.0,.059,-2.5,-0.1,96,787,4
2022,27,Nikola Jović,4.7,.073,-0.9,0.8,154,3064,4
2022,28,Patrick Baldwin Jr.,0.7,.034,-3.3,-0.3,102,928,4
2022,29,TyTy Washington Jr.,-0.2,-.012,-5.7,-0.7,74,695,4
2022,30,Peyton Watson,7.8,.076,-1.8,0.3,225,4928,4
2022,31,Andrew Nembhard,8.9,.057,-2.2,-0.2,265,7437,4
2022,32,Caleb Houstan,4.2,.081,-2.6,-0.4,186,2490,4
2022,33,Christian Koloko,2.9,.094,-3.6,-0.6,122,1501,3
2022,34,Jaylin Williams,11.7,.145,1.6,3.6,230,3872,4
2022,35,Max Christie,6.7,.055,-2.4,-0.6,263,5827,4
2022,36,Gabriele Procida,,,,,,,
2022,37,Jaden Hardy,0.5,.007,-4.1,-1.8,235,3502,4
2022,38,Kennedy Chandler,0.5,.035,-4.4,-0.4,47,636,2
2022,39,Khalifa Diop,,,,,,,
2022,40,Bryce McGowens,2.3,.043,-4.7,-1.7,160,2581,4
2022,41,E.J. Liddell,0.6,.070,-3.5,-0.2,46,425,3
2022,42,Trevor Keels,-0.1,-.150,-14.0,-0.1,11,23,2
2022,43,Moussa Diabaté,11.4,.162,0.2,1.9,177,3399,4
2022,44,Ryan Rollins,5.1,.074,-0.1,1.6,155,3336,4
2022,45,Josh Minott,4.0,.148,2.3,1.4,142,1297,4
2022,46,Ismael Kamagate,,,,,,,
2022,47,Vince Williams Jr.,3.2,.054,-1.5,0.4,134,2860,4
2022,48,Kendall Brown,0.1,.055,-5.3,-0.1,21,103,2
2022,49,Isaiah Mobley,0.3,.090,-3.0,0.0,23,173,3
2022,50,Matteo Spagnolo,,,,,,,
2022,51,Tyrese Martin,1.0,.022,-3.0,-0.5,122,2158,3
2022,52,Karlo Matković,4.3,.120,-0.6,0.6,104,1703,2
2022,53,JD Davison,0.6,.066,-2.3,0.0,64,416,4
2022,54,Yannick Nzosa,,,,,,,
2022,55,Gui Santos,5.2,.105,-0.9,0.7,147,2349,3
2022,56,Luke Travers,-0.1,-.025,-6.2,-0.2,24,191,2
2022,57,Jabari Walker,6.8,.085,-3.1,-1.1,252,3830,4
2022,58,Hugo Besson,,,,,,,
2023,1,Victor Wembanyama,17.5,.152,7.4,13.0,181,5499,3
2023,2,Brandon Miller,5.7,.052,-0.6,1.9,166,5275,3
2023,3,Scoot Henderson,1.1,.013,-3.7,-1.8,158,4272,3
2023,4,Amen Thompson,22.6,.165,2.9,8.2,210,6566,3
2023,5,Ausar Thompson,11.3,.112,1.0,3.6,195,4807,3
2023,6,Anthony Black,6.7,.065,-1.6,0.5,211,4961,3
2023,7,Bilal Coulibaly,1.7,.016,-3.4,-1.8,178,5131,3
2023,8,Jarace Walker,2.5,.035,-1.7,0.3,184,3480,3
2023,9,Taylor Hendricks,2.4,.056,-2.1,-0.1,102,2049,3
2023,10,Cason Wallace,14.4,.123,0.8,4.0,227,5614,3
2023,11,Jett Howard,1.4,.046,-3.5,-0.5,133,1463,3
2023,12,Dereck Lively II,8.7,.186,1.6,2.0,98,2242,3
2023,13,Gradey Dick,3.1,.038,-4.0,-2.0,190,3922,3
2023,14,Jordan Hawkins,0.3,.005,-4.7,-2.2,174,3173,3
2023,15,Kobe Bufkin,-0.2,-.024,-5.7,-0.4,43,439,3
2023,16,Keyonte George,4.0,.032,-2.2,-0.3,196,5918,3
2023,17,Jalen Hood-Schifino,-0.6,-.068,-9.3,-0.8,36,424,2
2023,18,Jaime Jaquez Jr.,10.5,.090,-0.9,1.6,216,5602,3
2023,19,Brandin Podziemski,13.4,.107,0.2,3.4,220,6017,3
2023,20,Cam Whitmore,3.3,.077,-0.4,0.8,119,2061,3
2023,21,Noah Clowney,2.4,.036,-3.3,-1.0,135,3192,3
2023,22,Dariq Whitehead,-0.1,-.015,-5.7,-0.4,28,453,3
2023,23,Kris Murray,3.6,.046,-2.7,-0.6,188,3721,3
2023,24,Olivier-Maxence Prosper,3.8,.097,-1.2,0.4,145,1904,3
2023,25,Marcus Sasser,3.6,.066,-1.8,0.1,166,2619,3
2023,26,Ben Sheppard,4.3,.060,-2.8,-0.7,185,3433,3
2023,27,Nick Smith Jr.,-1.0,-.019,-5.6,-2.3,141,2473,3
2023,28,Brice Sensabaugh,2.0,.026,-2.5,-0.5,178,3778,3
2023,29,Julian Strawther,2.7,.046,-4.2,-1.5,172,2790,3
2023,30,Kobe Brown,2.3,.067,-2.8,-0.3,145,1629,3
2023,31,James Nnaji,,,,,,,
2023,32,Jalen Pickett,2.2,.067,-2.0,0.0,126,1595,3
2023,33,Leonard Miller,2.0,.120,-0.7,0.3,76,803,3
2023,34,Colby Jones,0.6,.041,-3.4,-0.2,70,714,3
2023,35,Julian Phillips,2.5,.065,-3.5,-0.7,167,1874,3
2023,36,Andre Jackson Jr.,1.8,.043,-4.2,-1.1,172,1960,3
2023,37,Hunter Tyson,0.4,.028,-5.6,-0.6,90,610,3
2023,38,Jordan Walsh,4.3,.122,-0.9,0.5,129,1698,3
2023,39,Mouhamed Gueye,4.1,.110,-1.1,0.4,116,1785,3
2023,40,Maxwell Lewis,-0.2,-.024,-6.6,-0.5,62,430,2
2023,41,Amari Bailey,-0.1,-.044,-8.3,-0.1,10,65,1
2023,42,Tristan Vukcevic,1.6,.059,-0.6,0.5,94,1337,3
2023,43,Rayan Rupert,0.5,.012,-5.5,-1.9,155,2165,3
2023,44,Sidy Cissoko,1.6,.044,-4.0,-0.8,109,1690,3
2023,45,GG Jackson,2.6,.043,-2.2,-0.2,132,2870,3
2023,46,Seth Lundy,-0.1,-.092,-12.7,-0.1,9,52,1
2023,47,Mojave King,,,,,,,
2023,48,Jordan Miller,4.0,.107,-0.5,0.7,105,1773,3
2023,49,Emoni Bates,-0.2,-.045,-6.4,-0.2,25,208,2
2023,50,Keyontae Johnson,-0.1,-.068,-9.8,-0.1,9,66,1
2023,51,Jalen Wilson,3.2,.043,-4.2,-1.9,176,3554,3
2023,52,Toumani Camara,11.9,.082,-1.2,1.4,230,7018,3
2023,53,Jaylen Clark,3.3,.111,-1.6,0.1,108,1410,2
2023,54,Jalen Slawson,0.5,.069,-1.0,0.1,25,348,2
2023,55,Isaiah Wong,0.0,.006,-4.2,-0.1,21,269,2
2023,56,Tarik Biberovic,,,,,,,
2023,57,Trayce Jackson-Davis,9.6,.178,1.6,2.3,183,2593,3
2023,58,Chris Livingston,0.2,.042,-6.6,-0.3,45,213,3
2024,1,Zaccharie Risacher,4.1,.058,-3.1,-0.9,142,3346,2
2024,2,Alex Sarr,1.3,.021,-1.6,0.3,115,3119,2
2024,3,Reed Sheppard,6.6,.113,1.6,2.6,134,2801,2
2024,4,Stephon Castle,6.9,.079,-0.7,1.4,149,4200,2
2024,5,Ronald Holland II,4.6,.078,-2.4,-0.3,159,2817,2
2024,6,Tidjane Salaün,1.5,.038,-3.8,-0.8,97,1819,2
2024,7,Donovan Clingan,12.6,.177,1.7,3.2,144,3418,2
2024,8,Rob Dillingham,-1.0,-.032,-6.2,-1.6,114,1486,2
2024,9,Zach Edey,5.6,.159,0.0,0.9,77,1700,2
2024,10,Cody Williams,-1.0,-.018,-6.2,-2.9,117,2691,2
2024,11,Matas Buzelis,4.4,.057,-1.6,0.4,157,3759,2
2024,12,Nikola Topić,0.0,-.014,-8.4,-0.3,10,160,1
2024,13,Devin Carter,0.5,.023,-2.8,-0.2,74,1096,2
2024,14,Bub Carrington,-0.2,-.002,-4.7,-3.2,164,4729,2
2024,15,Kel'el Ware,10.3,.159,1.1,2.4,141,3126,2
2024,16,Jared McCain,2.2,.059,-1.5,0.2,90,1752,2
2024,17,Dalton Knecht,3.1,.073,-2.3,-0.2,132,2047,2
2024,18,Tristan da Silva,5.8,.079,-1.5,0.4,151,3528,2
2024,19,Ja'Kobe Walter,4.9,.092,-1.4,0.4,124,2577,2
2024,20,Jaylon Tyson,4.8,.103,-0.5,0.9,113,2230,2
2024,21,Yves Missi,6.3,.093,-2.5,-0.4,139,3253,2
2024,22,DaRon Holmes II,0.4,.103,-0.5,0.1,25,210,1
2024,23,AJ Johnson,-1.3,-.056,-8.4,-1.8,77,1093,2
2024,24,Kyshawn George,0.8,.011,-2.8,-0.7,116,3193,2
2024,25,Pacôme Dadiet,0.2,.035,-4.7,-0.2,47,247,2
2024,26,Dillon Jones,0.9,.072,-3.9,-0.3,61,591,2
2024,27,Terrence Shannon Jr.,1.6,.090,-3.0,-0.2,75,877,2
2024,28,Ryan Dunn,3.6,.062,-2.5,-0.4,144,2765,2
2024,29,Isaiah Collier,0.9,.012,-4.0,-1.7,130,3356,2
2024,30,Baylor Scheierman,4.6,.121,0.1,1.0,108,1813,2
2024,31,Jonathan Mogbo,2.5,.079,-1.7,0.1,103,1535,2
2024,32,Kyle Filipowski,5.5,.080,-1.0,0.8,149,3323,2
2024,33,Tyler Smith,0.4,.060,-3.2,-0.1,35,288,2
2024,34,Tyler Kolek,1.8,.083,-1.2,0.2,103,1023,2
2024,35,Johnny Furphy,1.0,.049,-3.3,-0.3,85,1022,2
2024,36,Juan Nunez,,,,,,,
2024,37,Bobi Klintman,0.1,.050,-5.1,-0.1,20,113,2
2024,38,Ajay Mitchell,6.3,.147,0.9,1.5,93,2070,2
2024,39,Jaylen Wells,5.1,.063,-2.6,-0.6,148,3864,2
2024,40,Oso Ighodaro,6.3,.107,-0.9,0.8,143,2853,2
2024,41,Adem Bona,5.2,.116,-2.8,-0.4,129,2139,2
2024,42,KJ Simpson,-0.6,-.024,-5.3,-0.9,56,1099,2
2024,43,Nikola Djurisic,,,,,,,
2024,44,Pelle Larsson,5.5,.100,-1.8,0.2,125,2631,2
2024,45,Jamal Shead,3.5,.051,-3.1,-0.9,157,3319,2
2024,46,Cam Christie,0.2,.013,-4.3,-0.3,68,539,2
2024,47,Antonio Reeves,0.6,.039,-2.8,-0.1,54,728,2
2024,48,Harrison Ingram,0.2,.129,0.3,0.0,12,61,2
2024,49,Tristen Newton,0.0,-.069,-8.2,0.0,9,28,2
2024,50,Enrique Freeman,0.3,.065,-5.2,-0.2,26,218,2
2024,51,Melvin Ajinca,,,,,,,
2024,52,Quinten Post,3.5,.092,-0.6,0.6,109,1845,2
2024,53,Cam Spencer,6.1,.150,2.0,2.0,97,1966,2
2024,54,Anton Watson,0.0,-.070,-10.1,0.0,9,22,1
2024,55,Bronny James,0.0,-.002,-5.2,-0.5,69,556,2
2024,56,Kevin McCullar Jr.,0.2,.059,-3.5,-0.1,25,184,2
2024,57,Ulrich Chomche,0.0,.001,-7.4,0.0,7,32,1
2024,58,Ariel Hukporti,1.3,.086,-3.3,-0.2,79,715,2
2025,1,Cooper Flagg,3.8,.078,1.4,2.0,70,2344,1
2025,2,Dylan Harper,4.2,.130,1.4,1.3,69,1558,1
2025,3,VJ Edgecombe,4.4,.081,-0.5,1.0,75,2623,1
2025,4,Kon Knueppel,8.0,.151,2.8,3.1,81,2551,1
2025,5,Ace Bailey,-0.1,-.001,-4.4,-1.2,72,1988,1
2025,6,Tre Johnson,-0.7,-.024,-5.0,-1.1,60,1443,1
2025,7,Jeremiah Fears,0.6,.015,-2.7,-0.4,82,2112,1
2025,8,Egor Dëmin,0.9,.032,-1.6,0.1,52,1308,1
2025,9,Collin Murray-Boyles,4.0,.154,1.0,1.0,57,1246,1
2025,10,Khaman Maluach,0.8,.099,-3.7,-0.2,46,411,1
2025,11,Cedric Coward,2.5,.076,-0.2,0.7,62,1598,1
2025,12,Noa Essengue,-0.1,-.417,-23.7,0.0,2,6,1
2025,13,Derik Queen,2.7,.063,-0.8,0.6,81,2023,1
2025,14,Carter Bryant,1.3,.076,-3.0,-0.2,71,818,1
2025,15,Thomas Sorber,,,,,,,
2025,16,Yang Hansen,-0.5,-.075,-9.5,-0.6,43,300,1
2025,17,Joan Beringer,1.5,.222,0.4,0.2,40,314,1
2025,18,Walter Clayton Jr.,0.3,.009,-4.3,-0.8,69,1410,1
2025,19,Nolan Traore,-1.6,-.063,-6.8,-1.5,56,1243,1
2025,20,Kasparas Jakučionis,2.3,.114,-0.4,0.4,53,945,1
2025,21,Will Riley,0.4,.012,-4.5,-1.0,74,1633,1
2025,22,Drake Powell,-0.1,-.003,-6.0,-1.3,63,1320,1
2025,23,Asa Newell,1.2,.113,-1.5,0.1,44,500,1
2025,24,Nique Clifford,-0.6,-.014,-4.9,-1.4,75,1882,1
2025,25,Jase Richardson,1.0,.082,-2.5,-0.1,54,587,1
2025,26,Ben Saraf,-1.1,-.057,-7.3,-1.2,44,916,1
2025,27,Danny Wolf,0.8,.032,-2.5,-0.2,57,1187,1
2025,28,Hugo González,2.2,.099,-1.5,0.1,74,1084,1
2025,29,Liam McNeeley,0.9,.112,-1.3,0.1,31,368,1
2025,30,Yanic Konan Niederhäuser,1.3,.152,-2.2,0.0,41,424,1
2025,31,Rasheer Fleming,0.8,.055,-3.8,-0.3,55,673,1
2025,32,Noah Penda,1.1,.070,-1.5,0.1,59,757,1
2025,33,Sion James,3.1,.080,-2.0,0.0,82,1843,1
2025,34,Ryan Kalkbrenner,5.7,.185,1.8,1.4,69,1479,1
2025,35,Johni Broome,-0.2,-.212,-16.2,-0.2,11,55,1
2025,36,Adou Thiero,0.2,.071,-4.4,-0.1,25,149,1
2025,37,Chaz Lanier,0.3,.046,-5.1,-0.2,34,262,1
2025,38,Kam Jones,0.0,.002,-6.2,-0.6,37,616,1
2025,39,Alijah Martin,0.0,.015,-4.3,-0.1,23,146,1
2025,40,Micah Peavy,0.4,.020,-5.2,-0.7,61,913,1
2025,41,Koby Brea,0.2,.117,0.2,0.0,12,84,1
2025,42,Maxime Raynaud,3.6,.088,-2.4,-0.2,74,1964,1
2025,43,Jamir Watkins,1.1,.049,-3.3,-0.3,50,1032,1
2025,44,Brooks Barnhizer,0.6,.082,-3.1,-0.1,40,348,1
2025,45,Rocco Zikarsky,0.2,.237,2.4,0.0,5,36,1
2025,46,Amari Williams,0.2,.077,-2.1,0.0,22,146,1
2025,47,Bogoljub Marković,,,,,,,
2025,48,Javon Small,1.9,.112,1.0,0.6,41,830,1
2025,49,Tyrese Proctor,0.7,.066,-2.8,-0.1,50,545,1
2025,50,Kobe Sanders,1.4,.051,-2.9,-0.3,68,1351,1
2025,51,Mohamed Diawara,0.9,.072,-1.7,0.0,69,634,1
2025,52,Alex Toohey,,,,,,,
2025,53,John Tonje,0.1,.101,-5.1,0.0,6,42,1
2025,54,Taelon Peter,0.0,-.001,-4.6,-0.3,38,492,1
2025,55,Lachlan Olbrich,0.5,.075,-3.4,-0.1,37,344,1
2025,56,Will Richard,2.5,.089,-1.7,0.1,69,1377,1
2025,57,Max Shulga,0.0,-.038,-11.5,-0.1,11,36,1
2025,58,Saliou Niang,,,,,,,
2025,59,Jahmai Mashack,-0.5,-.036,-7.0,-0.8,31,673,1
