PLAYER_ID,GP,GS,MIN,FGM,FGA,FG_PCT,FG3M,FG3A,FG3_PCT,FTM,FTA,FT_PCT,OREB,DREB,REB,AST,STL,BLK,TOV,PF,PTS
12,103,66,2058,271,640,0.4234375,46,120,0.383333333333,105,166,0.632530120481,108,203,311,116,74,34,119,183,693
15,789,250,14611,2044,4711,0.433878157503,865,2168,0.398985239852,966,1152,0.838541666666,508,1208,1716,778,404,115,628,1152,5919
21,757,227,15851,1914,4750,0.402947368421,610,1748,0.348970251716,1059,1445,0.732871972318,271,1146,1417,2997,887,79,1043,1324,5497
26,567,362,12004,1685,3647,0.462023581025,0,5,0.0,720,947,0.760295670538,872,1922,2794,836,278,549,942,1730,4090
28,676,379,16655,2631,5473,0.480723551982,37,194,0.190721649484,1178,1470,0.801360544217,532,1138,1670,1292,459,189,823,1862,6477
29,401,212,5932,423,948,0.446202531645,1,10,0.1,225,408,0.551470588235,479,764,1243,105,136,691,231,1052,1072
30,102,47,2226,434,852,0.509389671361,3,13,0.230769230769,209,301,0.694352159468,160,191,351,111,137,47,150,228,1080
32,173,64,2981,350,705,0.496453900709,2,11,0.181818181818,125,269,0.464684014869,376,521,897,98,78,113,162,435,827
35,186,41,1844,218,478,0.456066945606,0,4,0.0,138,196,0.704081632653,180,299,479,60,54,132,126,303,574
37,207,18,2526,331,813,0.40713407134,49,169,0.289940828402,227,293,0.774744027303,59,160,219,201,128,12,179,213,938
41,318,120,7372,881,1881,0.46836788942,2,16,0.125,435,737,0.590230664857,708,1018,1726,442,346,84,450,784,2199
42,456,109,7625,1143,2375,0.481263157894,4,36,0.111111111111,594,893,0.665173572228,501,795,1296,544,251,137,554,897,2884
43,579,165,10049,1227,3110,0.394533762057,552,1528,0.361256544502,732,837,0.874551971326,97,718,815,1613,351,32,619,984,3738
45,766,193,17427,2469,6140,0.402117263843,920,2573,0.357559269335,1067,1318,0.809559939301,659,1683,2342,1769,593,190,1070,1646,6925
46,68,19,705,84,151,0.556291390728,0,1,0.0,26,49,0.530612244897,51,125,176,26,19,27,38,151,194
49,307,207,6722,1265,2206,0.573436083408,0,1,0.0,490,761,0.643889618922,658,1299,1957,150,171,455,446,958,3020
51,586,336,15627,3514,7943,0.442402115069,474,1339,0.353995519044,1051,1161,0.9052540913,219,868,1087,2079,487,46,963,1106,8553
54,327,100,5198,495,1124,0.440391459074,2,9,0.222222222222,396,641,0.617784711388,423,764,1187,305,91,60,368,593,1388
56,1335,1231,47118,8708,18698,0.465718258637,1132,3570,0.317086834733,3265,4480,0.728794642857,1392,3877,5269,8966,2445,285,3030,3217,21813
57,827,708,26076,3238,7604,0.425828511309,805,2272,0.354313380281,2020,2460,0.821138211382,797,2585,3382,2992,1555,392,1721,2051,9301
61,465,110,8036,1039,2183,0.475950526797,2,14,0.142857142857,401,624,0.642628205128,577,1113,1690,261,237,204,447,935,2481
63,449,170,10545,950,1767,0.537634408602,1,7,0.142857142857,626,1183,0.529163144547,1122,2071,3193,661,361,248,526,1137,2527
65,277,93,5144,794,1662,0.477737665463,24,106,0.226415094339,290,378,0.767195767195,258,483,741,384,156,46,225,464,1902
67,687,60,10418,1410,2940,0.479591836734,0,11,0.0,797,1154,0.690641247833,733,1510,2243,378,167,136,529,1244,3617
71,639,483,19399,3046,6867,0.443570700451,358,1087,0.329346826126,633,971,0.651905252317,435,1372,1807,4180,817,111,1165,1129,7083
72,858,693,25869,4002,9512,0.420731707317,547,1580,0.346202531645,2238,2833,0.78997529121,670,1971,2641,5196,1258,111,1769,1974,10789
76,609,313,14712,3414,6824,0.500293083235,235,760,0.309210526315,1630,2165,0.752886836027,1252,2006,3258,723,450,183,991,1074,8693
77,499,62,7285,880,2134,0.41237113402,108,339,0.318584070796,385,472,0.815677966101,140,514,654,1038,202,19,473,582,2253
84,913,867,35261,6076,14294,0.425073457394,1104,3272,0.337408312958,3456,4298,0.804094927873,770,2954,3724,3664,1294,399,2450,1689,16712
85,418,80,7007,818,1918,0.426485922836,363,938,0.386993603411,482,585,0.823931623931,175,509,684,1236,313,16,626,759,2481
87,1196,997,36798,4169,8045,0.518210068365,0,2,0.0,3391,4960,0.683669354838,3808,8551,12359,1240,494,3289,2173,3383,11729
88,174,8,916,121,217,0.557603686635,1,5,0.2,88,116,0.758620689655,81,99,180,26,30,8,34,131,331
89,880,670,28981,4636,11458,0.404608134054,1528,4278,0.357176250584,1858,2341,0.79367791542,375,2170,2545,5777,726,92,1850,1380,12658
93,685,149,15140,2108,4600,0.458260869565,728,1651,0.440944881889,639,763,0.8374836173,209,836,1045,1172,297,44,646,1011,5583
98,800,636,24925,4416,9891,0.446466484683,1055,2964,0.355937921727,1642,2461,0.667208451848,1011,3053,4064,2087,1114,364,1358,1502,11529
103,483,197,12213,2036,5017,0.405820211281,568,1646,0.345078979343,1277,1727,0.73943254198,578,1071,1649,713,532,291,717,1348,5917
109,1107,480,27068,2820,6643,0.424506999849,795,2329,0.341348218119,1280,1762,0.726447219069,1644,3625,5269,2343,1158,1035,1378,2680,7715
111,624,359,17612,2895,6409,0.451708534872,241,797,0.302383939774,1379,1888,0.730402542372,1320,2712,4032,981,433,477,1001,1934,7410
112,114,2,1142,157,404,0.388613861386,47,152,0.309210526315,62,86,0.720930232558,121,154,275,76,39,15,89,191,423
114,200,47,3748,692,1504,0.460106382978,23,74,0.31081081081,394,502,0.784860557768,191,241,432,245,80,27,278,370,1801
120,942,717,28856,4609,10485,0.439580352885,1148,3208,0.357855361596,3064,3625,0.84524137931,1112,1948,3060,2922,726,275,1714,2278,13430
124,1134,979,33838,5205,10510,0.49524262607,100,426,0.234741784037,2888,4176,0.691570881226,2881,6445,9326,3541,1288,1631,2470,3609,13398
129,224,172,7307,1516,3052,0.496723460026,0,3,0.0,701,954,0.734800838574,497,1386,1883,356,201,282,495,745,3733
132,41,6,395,50,129,0.387596899224,9,25,0.36,58,85,0.682352941176,21,37,58,18,11,15,27,45,167
136,1089,990,33828,3852,8365,0.460490137477,8,59,0.135593220338,2158,2718,0.793966151582,3002,5407,8409,1661,912,1116,1342,3218,9870
138,352,156,6729,814,2019,0.403169886082,0,2,0.0,330,481,0.68607068607,560,1024,1584,278,166,211,416,824,1958
143,402,65,7302,1082,2632,0.411094224924,328,867,0.378316032295,743,954,0.778825995807,144,444,588,1034,213,36,617,830,3235
145,659,80,12103,2181,5070,0.430177514792,753,1942,0.387744593202,828,999,0.828828828828,505,1144,1649,508,361,161,603,1099,5943
146,720,29,8436,961,2221,0.432687978388,263,718,0.366295264623,200,316,0.632911392405,431,835,1266,560,314,144,297,732,2385
147,923,572,27928,4852,10945,0.443307446322,746,2102,0.354900095147,2770,3457,0.801272779866,491,2702,3193,3527,729,315,2102,2408,13220
168,568,328,17283,2391,5541,0.431510557661,439,1251,0.350919264588,1136,1391,0.816678648454,772,2036,2808,1063,421,247,726,1532,6357
179,586,406,16419,2021,4767,0.423956366687,306,931,0.328678839957,1598,1900,0.841052631578,605,1378,1983,1178,594,130,776,1092,5946
182,600,475,17618,2873,5969,0.481320154129,82,282,0.290780141843,1198,1904,0.629201680672,1449,2567,4016,1704,569,321,1310,1761,7026
183,413,204,10003,1847,3499,0.527865104315,2,14,0.142857142857,840,1215,0.691358024691,853,1711,2564,440,320,355,822,1297,4536
184,467,379,13429,1957,4416,0.443161231884,342,878,0.389521640091,897,1215,0.738271604938,411,1058,1469,1246,592,139,711,1106,5153
185,831,827,30844,7192,15024,0.478700745473,264,883,0.298980747451,2534,3906,0.648745519713,2271,5853,8124,3526,1197,1200,2313,2700,17182
189,55,8,809,72,189,0.380952380952,16,51,0.313725490196,35,50,0.7,13,49,62,174,36,2,97,58,195
190,541,262,9420,1029,2029,0.507146377525,2,7,0.285714285714,588,952,0.617647058823,794,1479,2273,243,220,767,500,1471,2648
192,629,376,17983,2962,7111,0.416537758402,1214,3060,0.396732026143,956,1206,0.792703150912,367,1407,1774,1296,525,197,768,1275,8094
195,496,150,10344,950,2287,0.415391342369,379,1006,0.376739562624,267,405,0.659259259259,142,500,642,1767,352,43,591,865,2546
197,383,122,7594,971,2321,0.41835415769,339,909,0.372937293729,366,506,0.723320158102,395,937,1332,527,341,180,337,865,2647
198,917,186,18129,2505,5615,0.446126447016,677,1724,0.392691415313,752,895,0.840223463687,647,1903,2550,1185,384,292,811,1964,6439
208,993,690,29812,5698,12558,0.453734671125,672,2029,0.331197634302,3567,4144,0.860762548262,618,2603,3221,5939,1058,163,2418,2744,15635
210,724,480,21547,3908,8720,0.448165137614,394,1110,0.354954954954,1784,2043,0.873225648556,425,1749,2174,4407,1142,226,1419,1325,9994
211,113,38,1567,180,333,0.54054054054,3,4,0.75,77,162,0.475308641975,139,212,351,57,27,61,103,194,440
212,110,25,1003,86,217,0.396313364055,0,0,0.0,61,107,0.570093457943,101,180,281,4,12,70,96,179,233
213,903,524,26084,3187,7120,0.44761235955,2,23,0.086956521739,2665,3668,0.72655398037,2323,4432,6755,1017,430,889,1346,2551,9041
221,915,612,27742,4025,8537,0.471477099683,10,51,0.196078431372,2423,3261,0.743023612388,2126,4720,6846,1346,880,794,1430,2028,10483
223,147,11,1614,157,354,0.443502824858,2,9,0.222222222222,78,105,0.742857142857,124,166,290,60,61,44,75,345,394
224,954,902,32776,4932,11286,0.437001594896,1546,4147,0.372799614178,2745,3394,0.808780200353,761,3096,3857,2812,1620,580,1507,2483,14155
226,143,1,1395,121,266,0.454887218045,0,8,0.0,87,121,0.719008264462,80,130,210,50,55,46,89,207,329
228,617,98,10335,1120,2230,0.502242152466,1,14,0.071428571428,866,1213,0.71393239901,999,1557,2556,427,307,173,545,1114,3107
234,277,113,5837,744,1788,0.41610738255,235,647,0.363214837712,444,597,0.743718592964,163,417,580,886,234,32,446,629,2167
238,801,610,22390,2834,5643,0.502215133794,0,13,0.0,1864,2901,0.642537056187,2396,4458,6854,647,614,379,1244,2893,7532
240,168,8,1714,278,679,0.40942562592,149,396,0.376262626262,55,85,0.647058823529,30,128,158,281,87,5,154,229,760
241,133,14,1397,196,370,0.529729729729,2,6,0.333333333333,73,126,0.579365079365,58,111,169,89,56,10,97,157,467
243,793,287,19158,2265,5177,0.437512072628,388,1109,0.349864743011,953,1224,0.778594771241,482,2105,2587,2126,912,164,1059,1588,5871
244,608,267,16844,2540,5822,0.436276193747,605,1697,0.356511490866,1073,1300,0.825384615384,319,1250,1569,2227,800,205,905,1264,6758
248,774,420,17680,2086,4677,0.446012401111,146,477,0.30607966457,791,1213,0.652102225886,1508,2394,3902,1121,817,258,890,1675,5109
251,742,712,24502,3852,8290,0.464656212303,589,1572,0.374681933842,2251,2816,0.799360795454,819,2385,3204,1897,576,284,1328,1626,10544
255,1026,972,34773,6345,13126,0.483391741581,219,697,0.314203730272,4228,5498,0.769006911604,1176,4993,6169,4252,1248,576,2459,2377,17137
258,756,577,21420,3103,6332,0.490050536955,6,28,0.214285714285,1721,2306,0.746313963573,1834,3788,5622,923,455,561,1235,2409,7933
275,839,727,28312,5337,12017,0.444120828825,1305,3247,0.401909454881,2572,2979,0.863376972138,353,2081,2434,1990,566,139,1760,2062,14551
278,1001,472,21659,3037,6480,0.468672839506,12,79,0.151898734177,1904,2616,0.727828746177,1304,1912,3216,1561,974,317,1248,1750,7990
280,640,403,12299,1194,2466,0.484184914841,0,1,0.0,966,1469,0.657590197413,1313,2123,3436,213,248,534,667,2116,3354
283,937,438,23249,2970,7663,0.387576667101,1075,2984,0.360254691689,941,1261,0.746233148295,438,1583,2021,2506,1120,165,1159,1857,7956
285,274,5,3350,314,820,0.382926829268,41,146,0.280821917808,98,138,0.710144927536,64,184,248,751,161,8,231,282,767
292,181,15,1637,197,386,0.5103626943,2,8,0.25,114,198,0.575757575757,185,303,488,66,58,26,90,244,510
296,930,587,23719,3382,7519,0.449793855565,771,2208,0.349184782608,1431,1858,0.770182992465,996,2521,3517,2649,967,355,1611,2739,8966
297,838,686,25977,5116,9701,0.527368312545,22,89,0.247191011235,4057,5862,0.69208461276,2184,4953,7137,946,414,2356,2209,2810,14311
299,688,668,25341,5571,12129,0.459312391788,620,1823,0.340098738343,2472,3016,0.819628647214,1027,3162,4189,1879,826,389,2147,1847,14234
302,889,800,31027,4705,11499,0.409166014436,1283,3816,0.336215932914,1269,1724,0.73607888631,1017,2642,3659,5972,2075,300,2067,1687,11962
308,139,42,2656,318,650,0.48923076923,1,7,0.142857142857,114,234,0.487179487179,228,297,525,94,95,87,112,298,751
310,269,62,4166,361,1023,0.352883675464,64,235,0.272340425531,246,320,0.76875,53,230,283,880,120,7,385,360,1032
316,55,2,512,81,195,0.415384615384,2,5,0.4,18,28,0.642857142857,32,62,94,10,7,8,24,66,182
320,102,7,1247,126,269,0.468401486988,12,38,0.315789473684,59,85,0.694117647058,39,110,149,117,65,17,93,151,323
321,27,2,186,21,45,0.466666666666,0,0,0.0,13,19,0.684210526315,17,38,55,6,2,15,13,33,55
323,656,95,7977,1047,2382,0.439546599496,20,89,0.224719101123,424,567,0.747795414462,509,1182,1691,351,94,194,465,1221,2538
324,827,296,20463,3101,7255,0.427429359062,940,2445,0.384458077709,875,1095,0.79908675799,564,1572,2136,1956,775,138,1019,1670,8017
339,763,608,23558,3871,8584,0.45095526561,208,732,0.284153005464,1945,2570,0.756809338521,1595,3994,5589,2140,1079,492,1735,1884,9895
340,94,1,1125,119,298,0.39932885906,8,43,0.186046511627,94,119,0.789915966386,17,73,90,152,37,13,82,146,340
344,850,264,19478,3281,7140,0.459523809523,1090,2652,0.411010558069,1249,1456,0.857829670329,232,1377,1609,2837,740,46,1213,1074,8901
346,85,0,838,71,188,0.377659574468,0,6,0.0,61,86,0.709302325581,61,92,153,60,17,27,57,90,203
351,438,63,7405,1071,2240,0.478125,4,17,0.235294117647,673,952,0.706932773109,597,863,1460,387,173,210,527,906,2819
357,168,8,1946,272,687,0.395924308588,116,321,0.36137071651,101,136,0.742647058823,22,131,153,284,84,13,183,317,761
358,704,557,23710,3995,8731,0.457564998281,503,1591,0.316153362664,2191,2831,0.773931472977,975,2171,3146,3525,1125,312,1786,1562,10684
359,694,265,11960,1712,3487,0.490966446802,22,97,0.226804123711,679,972,0.698559670781,665,1483,2148,549,228,216,537,1177,4125
361,1380,844,42561,7389,16875,0.437866666666,1253,3515,0.356472261735,3560,5165,0.689254598257,1852,4454,6306,3094,1402,1390,2502,4175,19591
363,868,692,25749,4036,8405,0.480190362879,92,353,0.260623229461,2957,3604,0.820477247502,1621,4185,5806,2224,917,675,1932,2768,11121
368,217,33,1949,256,633,0.404423380726,1,8,0.125,74,116,0.637931034482,167,369,536,93,30,117,119,321,587
369,630,285,14086,1400,3428,0.408401400233,639,1754,0.364310148232,508,659,0.770864946889,242,1406,1648,2539,776,128,1038,1276,3947
371,678,303,16423,2847,6227,0.457202505219,533,1387,0.384282624369,948,1214,0.780889621087,1029,2651,3680,891,397,296,851,1896,7175
375,563,424,17853,3583,8085,0.443166357452,667,1896,0.351793248945,1572,1935,0.812403100775,676,1490,2166,1535,367,136,1425,1327,9405
376,465,287,8477,891,1819,0.48982957669,0,3,0.0,289,604,0.478476821192,716,1443,2159,207,122,275,405,1270,2071
380,457,87,7295,1017,2362,0.430567315834,120,391,0.306905370843,350,507,0.690335305719,324,411,735,881,319,79,442,717,2504
381,381,51,6936,1050,2662,0.394440270473,400,1151,0.347523892267,382,574,0.66550522648,199,461,660,715,205,71,504,648,2882
383,966,791,29485,5068,11672,0.434201507882,315,1051,0.299714557564,2463,3267,0.753902662993,1274,2728,4002,2945,1519,432,1734,2515,12914
384,825,498,22013,3366,7227,0.465753424657,204,684,0.298245614035,890,1288,0.690993788819,732,1878,2610,1398,659,198,994,2074,7826
386,549,133,9502,1353,2945,0.459422750424,138,384,0.359375,605,773,0.782664941785,185,557,742,1699,574,20,780,707,3449
389,846,259,22212,3633,8127,0.447028423772,731,2184,0.334706959706,1813,2487,0.728990751909,1016,2539,3555,3119,817,290,1544,1465,9810
390,75,60,2331,331,754,0.43899204244,119,314,0.378980891719,176,223,0.789237668161,41,141,182,149,69,12,153,209,957
399,749,230,13557,1710,3725,0.459060402684,2,22,0.090909090909,1254,1795,0.698607242339,943,1934,2877,631,255,499,804,1657,4676
400,456,72,8549,1067,2483,0.42972211035,11,61,0.180327868852,943,1199,0.786488740617,783,1430,2213,291,203,94,421,740,3088
406,1207,1197,41916,11330,19457,0.582309708588,1,22,0.045454545454,5935,11252,0.527461784571,4209,8890,13099,3026,739,2732,3310,4146,28596
412,203,115,4531,777,1705,0.455718475073,1,12,0.083333333333,419,678,0.617994100294,419,604,1023,118,82,203,355,562,1974
416,316,118,6668,1090,2569,0.42428960685,140,406,0.344827586206,923,1174,0.786201022146,326,606,932,393,191,121,517,846,3243
420,475,158,9802,1360,3092,0.439844760672,3,24,0.125,749,1236,0.605987055016,1587,1997,3584,287,204,301,515,1284,3472
423,700,86,13762,2804,5469,0.512707990491,50,201,0.248756218905,1574,2386,0.659681475272,1248,2493,3741,461,464,375,1069,1870,7232
428,765,482,21142,3335,6886,0.484316003485,154,576,0.267361111111,1601,2361,0.678102498941,558,1114,1672,4536,785,76,1761,1615,8425
431,1051,726,29297,5505,11278,0.488118460719,33,119,0.277310924369,4304,5805,0.741429801894,3026,5808,8834,1704,1185,1279,2766,3826,15347
432,584,55,8393,1044,2368,0.440878378378,188,494,0.380566801619,218,313,0.696485623003,663,1272,1935,488,267,210,390,853,2494
434,156,13,2223,409,1013,0.403751233958,102,312,0.326923076923,220,362,0.607734806629,94,104,198,186,65,19,148,256,1140
435,298,55,5656,888,1658,0.535585042219,32,124,0.258064516129,388,690,0.562318840579,503,769,1272,182,128,235,297,515,2196
436,1208,900,36648,6543,13950,0.469032258064,6,50,0.12,3067,4014,0.764075734927,2348,5080,7428,2663,818,312,2469,3493,16159
438,47,0,272,37,98,0.377551020408,0,1,0.0,27,47,0.574468085106,31,50,81,9,13,8,20,65,101
440,247,70,3604,537,1062,0.505649717514,0,3,0.0,159,303,0.524752475247,325,558,883,165,65,126,269,577,1233
441,736,364,18477,3137,7301,0.42966716888,528,1466,0.360163710777,1484,1955,0.759079283887,936,2097,3033,978,684,319,1207,1471,8286
442,474,245,11592,1826,3579,0.510198379435,1,20,0.05,841,1221,0.688779688779,1087,2083,3170,691,293,752,798,1493,4494
445,733,454,20735,3128,6843,0.457109454917,1150,2754,0.417574437182,786,1010,0.778217821782,423,1979,2402,1234,579,230,680,965,8192
446,800,145,15703,2194,5151,0.425936711318,402,1155,0.348051948051,994,1258,0.79014308426,554,1310,1864,1130,556,86,594,1013,5784
452,791,604,25723,4692,9675,0.48496124031,39,181,0.215469613259,2416,3787,0.637972009506,2263,3604,5867,1509,582,798,1756,2560,11839
458,786,167,16016,1881,4617,0.407407407407,516,1474,0.350067842605,838,1013,0.82724580454,208,1116,1324,2748,540,83,1172,1701,5116
461,535,304,12583,1574,3523,0.446778313936,25,89,0.280898876404,553,736,0.751358695652,1623,2358,3981,696,300,161,603,1501,3726
462,672,297,15370,2168,4594,0.471919895515,5,37,0.135135135135,1339,1869,0.716425896201,1004,2377,3381,639,514,264,947,1977,5680
467,1391,1350,50116,6219,15557,0.399755736967,1988,5701,0.348710752499,3103,3954,0.784774911482,1768,6957,8725,12091,2684,450,4003,2572,17529
468,821,36,13880,1595,3672,0.434368191721,657,1676,0.392004773269,868,1023,0.848484848484,318,1195,1513,1784,722,111,808,1016,4715
469,611,584,22773,4277,10222,0.41841126981,767,2226,0.34456424079,2323,3032,0.766160949868,697,2574,3271,2414,632,109,1585,1533,11644
474,7,0,30,3,9,0.333333333333,0,0,0.0,2,5,0.4,3,3,6,3,0,2,3,10,8
475,296,118,5833,1020,2399,0.425177157148,3,36,0.083333333333,313,405,0.772839506172,394,840,1234,400,224,150,353,979,2356
671,30,2,194,30,86,0.348837209302,6,24,0.25,13,26,0.5,12,13,25,16,13,5,22,19,79
673,652,220,13773,1976,4215,0.468801897983,5,26,0.192307692307,1137,1778,0.639482564679,1426,1823,3249,397,364,297,717,1436,5094
675,61,3,495,64,170,0.376470588235,0,0,0.0,61,93,0.655913978494,45,64,109,15,15,10,40,74,189
677,658,308,15727,1865,4490,0.415367483296,219,688,0.318313953488,1693,2301,0.7357670578,704,1435,2139,936,548,103,789,1596,5642
678,135,23,1326,161,395,0.407594936708,1,4,0.25,130,166,0.78313253012,108,178,286,32,14,12,69,241,453
679,462,170,9048,1276,2652,0.481146304675,0,8,0.0,816,1282,0.636505460218,841,1181,2022,420,209,110,647,1148,3368
681,119,0,921,87,271,0.321033210332,42,125,0.336,77,113,0.681415929203,39,82,121,36,37,5,45,107,293
682,657,205,15602,1918,4628,0.414433880726,423,1303,0.324635456638,1395,2024,0.689229249011,586,1654,2240,2474,641,142,1231,1477,5654
684,140,54,2038,260,602,0.431893687707,8,23,0.347826086956,117,168,0.696428571428,171,309,480,77,31,50,133,371,645
685,472,151,7460,868,1848,0.469696969696,8,38,0.210526315789,312,495,0.630303030303,564,1139,1703,265,207,306,281,931,2056
686,1015,645,28055,5046,10161,0.496604664895,7,60,0.116666666666,2128,3178,0.669603524229,2478,5160,7638,1300,782,1102,1623,3077,12227
689,810,533,18850,2207,4451,0.495843630644,0,2,0.0,1395,1965,0.709923664122,1543,3053,4596,465,393,1968,1001,2288,5809
690,403,149,5370,583,1099,0.530482256596,0,1,0.0,288,438,0.657534246575,437,732,1169,143,182,282,253,1135,1454
691,66,2,479,46,138,0.333333333333,5,20,0.25,33,51,0.647058823529,37,55,92,21,13,9,28,52,130
692,587,253,9838,1118,2207,0.506570004531,0,2,0.0,579,932,0.621244635193,1025,1463,2488,339,390,301,550,1789,2815
693,1030,618,27021,4325,9512,0.454688814129,30,126,0.238095238095,2528,3200,0.79,2456,4119,6575,1010,606,868,1290,2974,11208
696,708,148,15157,2002,4642,0.431279620853,266,772,0.344559585492,1106,1324,0.835347432024,230,1019,1249,2444,661,60,928,1616,5376
697,541,61,9976,959,2227,0.43062415806,373,941,0.396386822529,653,765,0.853594771241,143,1295,1438,846,428,59,292,783,2944
699,912,449,23644,2896,6301,0.45960958578,1395,3442,0.405287623474,1301,1581,0.822896900695,450,2330,2780,2892,955,253,1289,1754,8488
701,13,0,79,10,28,0.357142857142,1,3,0.333333333333,6,8,0.75,5,11,16,7,6,0,5,11,27
702,565,321,15347,2444,5892,0.414799728445,936,2437,0.384078785391,921,1171,0.786507258753,347,1262,1609,1180,424,131,748,1212,6745
703,1110,650,27162,3836,7894,0.48593868761,9,32,0.28125,1292,1701,0.759553203997,1922,5406,7328,1204,724,841,1241,3579,8973
704,172,5,2351,315,760,0.41447368421,97,285,0.340350877192,124,152,0.815789473684,81,145,226,177,91,7,125,192,851
706,117,1,1305,114,326,0.349693251533,40,126,0.31746031746,68,108,0.629629629629,30,93,123,201,52,9,103,126,336
707,230,37,3685,473,1071,0.441643323996,28,114,0.245614035087,287,438,0.655251141552,291,406,697,294,200,75,324,481,1261
708,1462,1425,50414,10505,21142,0.496878251821,174,632,0.275316455696,4887,6190,0.789499192245,3209,11453,14662,5445,1859,2037,3179,3561,26071
709,128,34,2059,249,679,0.366715758468,28,126,0.222222222222,108,143,0.755244755244,115,201,316,102,73,23,82,192,634
710,118,8,1154,137,324,0.422839506172,0,2,0.0,67,105,0.638095238095,134,227,361,36,31,48,98,216,341
711,970,564,30221,5386,13182,0.408587467759,988,3202,0.30855715178,4649,5659,0.821523237321,926,2141,3067,3240,869,437,2641,1810,16409
712,68,18,606,111,208,0.533653846153,1,3,0.333333333333,46,90,0.511111111111,84,98,182,24,31,22,33,112,269
713,297,66,4495,730,1753,0.416428978893,159,470,0.33829787234,369,457,0.807439824945,176,482,658,294,93,46,310,502,1988
714,1103,875,37995,6696,15095,0.443590592911,1454,3880,0.374742268041,2460,3032,0.811345646437,1121,3683,4804,3245,996,323,1629,1812,17306
716,336,125,6090,1014,2345,0.432409381663,112,326,0.343558282208,406,665,0.610526315789,164,442,606,1179,301,54,580,599,2546
718,506,130,9869,1792,3580,0.500558659217,4,50,0.08,778,1210,0.642975206611,842,1434,2276,504,223,174,599,1096,4366
719,51,0,401,39,119,0.327731092436,18,66,0.272727272727,28,35,0.8,2,23,25,49,17,1,46,38,124
721,226,87,4737,583,1438,0.405424200278,65,202,0.321782178217,497,617,0.805510534846,122,271,393,910,217,6,395,387,1728
722,822,293,18746,3603,7355,0.489870836165,6,44,0.136363636363,1935,2710,0.714022140221,1214,1969,3183,972,462,261,1316,2250,9147
724,307,35,4840,587,1508,0.389257294429,237,669,0.354260089686,266,352,0.755681818181,78,403,481,834,263,37,467,514,1677
726,28,1,139,30,80,0.375,4,25,0.16,26,34,0.764705882352,12,12,24,5,8,1,6,27,90
727,846,551,23127,2144,5054,0.424218440838,55,265,0.207547169811,1448,1897,0.763310490247,419,1722,2141,4245,975,105,1391,2013,5791
728,64,1,889,112,261,0.429118773946,5,34,0.147058823529,56,81,0.691358024691,45,67,112,90,24,13,61,78,285
729,25,0,239,35,74,0.472972972972,3,10,0.3,16,27,0.592592592592,19,16,35,7,9,5,15,29,89
730,8,1,122,13,30,0.433333333333,0,0,0.0,14,22,0.636363636363,9,16,25,2,3,2,8,14,40
731,756,321,14749,1339,2757,0.485672832789,1,10,0.1,833,1465,0.568600682593,1475,2670,4145,443,189,1293,684,1873,3512
733,7,0,32,3,12,0.25,3,5,0.6,0,2,0.0,2,1,3,3,1,0,2,2,9
734,119,21,1816,286,701,0.407988587731,59,197,0.299492385786,116,178,0.651685393258,80,101,181,182,77,32,126,143,747
735,395,341,12066,1999,4208,0.475047528517,2,27,0.074074074074,945,1345,0.702602230483,856,1889,2745,623,200,302,744,1365,4945
739,1109,956,36250,6320,13529,0.467144652228,1086,3228,0.336431226765,2280,3162,0.721062618595,1578,5826,7404,1994,1090,1460,1693,3259,16006
753,655,169,11534,1275,3055,0.417348608837,24,120,0.2,574,831,0.690734055354,326,847,1173,1420,722,156,725,1263,3148
754,885,649,29068,4811,11247,0.427758513381,881,2413,0.365105677579,2187,2651,0.824971708789,1190,2962,4152,2851,726,188,2179,1972,12690
757,878,793,29105,4329,10662,0.406021384355,1236,3464,0.356812933025,1869,2244,0.832887700534,703,2336,3039,5371,953,81,2039,1705,11763
761,552,214,12220,2039,4083,0.499387705118,16,69,0.231884057971,965,1325,0.728301886792,1152,2006,3158,388,306,347,744,1629,5059
762,832,484,19530,2713,5935,0.457118786857,4,39,0.102564102564,1322,1847,0.71575527883,1743,3525,5268,573,532,2119,1059,2567,6752
763,683,233,12290,1638,3484,0.470149253731,1,11,0.090909090909,961,1363,0.705062362435,1054,1910,2964,266,261,322,685,1607,4238
768,193,18,2512,361,896,0.402901785714,0,9,0.0,258,387,0.666666666666,190,327,517,61,63,126,170,351,980
769,747,341,17790,2850,5981,0.476508944992,436,1026,0.424951267056,1184,1383,0.856109906001,192,1129,1321,2479,533,47,889,1128,7320
771,157,75,2641,389,754,0.515915119363,0,3,0.0,145,250,0.58,127,428,555,109,53,170,249,336,923
777,335,67,4603,572,1296,0.441358024691,187,518,0.361003861003,216,267,0.808988764044,81,322,403,569,129,30,291,439,1547
779,1000,876,34983,6776,14867,0.455774534203,1559,3896,0.400154004106,3225,3813,0.845790715971,946,3441,4387,2097,958,265,1733,2361,18336
780,214,10,2674,307,673,0.456166419019,10,39,0.25641025641,211,312,0.676282051282,237,411,648,114,103,86,173,543,835
785,508,224,11883,1889,4310,0.438283062645,296,863,0.342989571263,1044,1329,0.785553047404,339,922,1261,2467,830,69,991,981,5118
896,867,770,30628,5640,13076,0.431324564086,1542,4345,0.354890678941,2551,3263,0.781795893349,544,2311,2855,7095,1428,129,2481,2027,15373
898,704,452,18404,3021,6362,0.474850675888,304,908,0.334801762114,1239,1590,0.779245283018,698,1678,2376,1409,728,297,1187,1923,7585
900,50,9,511,71,142,0.5,0,1,0.0,35,56,0.625,43,67,110,25,19,14,33,91,177
902,852,354,20313,2549,5991,0.425471540644,252,943,0.267232237539,1278,1576,0.810913705583,469,1351,1820,3313,735,134,1267,1824,6628
903,8,0,27,4,10,0.4,0,0,0.0,6,9,0.666666666666,3,4,7,2,0,0,2,4,14
905,1094,863,29603,3592,6779,0.529871662487,0,8,0.0,1522,2708,0.562038404726,3303,5302,8605,978,691,1270,1090,2878,8706
906,359,159,7201,748,1786,0.418812989921,119,368,0.323369565217,352,461,0.763557483731,150,669,819,1410,354,21,538,684,1967
907,493,253,11725,1865,4375,0.426285714285,158,541,0.292051756007,1067,1319,0.808946171341,505,1080,1585,816,518,157,681,1087,4955
911,845,452,16994,1393,2756,0.505442670537,2,10,0.2,685,1133,0.604589585172,1677,3471,5148,387,471,1087,724,2430,3473
913,707,699,25688,4401,9086,0.484371560642,367,1104,0.332427536231,2281,2978,0.765950302216,1794,3506,5300,2298,515,258,1435,1893,11450
914,300,178,5869,1059,2124,0.498587570621,0,2,0.0,437,850,0.514117647058,506,1043,1549,189,110,385,370,1060,2555
915,866,347,21868,3608,7994,0.451338503877,690,1986,0.347432024169,1562,2264,0.689929328621,1275,2606,3881,1722,868,451,1631,2678,9468
916,644,77,9922,959,2038,0.470559371933,3,26,0.115384615384,366,624,0.586538461538,1085,1605,2690,460,328,266,519,1375,2287
919,689,354,16988,3061,6074,0.503951267698,21,86,0.244186046511,841,1172,0.717576791808,1482,3399,4881,652,510,228,822,1624,6984
922,1045,671,25816,4062,8835,0.459762308998,2,37,0.054054054054,2679,3832,0.699112734864,1880,4236,6116,1199,702,1602,1367,3006,10805
923,957,422,25030,4096,9410,0.435281615302,902,2578,0.349883630721,1622,2219,0.730959891843,1898,4478,6376,1305,790,848,1292,2173,10716
924,266,72,4956,580,1425,0.407017543859,206,533,0.386491557223,301,380,0.792105263157,72,287,359,737,167,9,264,388,1667
925,220,27,3334,559,1305,0.428352490421,93,290,0.320689655172,164,193,0.849740932642,115,287,402,226,73,32,239,351,1375
931,319,111,6677,1320,2902,0.454858718125,56,197,0.28426395939,794,1038,0.76493256262,356,854,1210,404,118,51,398,598,3490
932,493,196,11340,1536,2874,0.534446764091,5,43,0.116279069767,548,858,0.638694638694,940,1953,2893,1061,455,758,921,1460,3625
934,781,672,25900,4616,10335,0.44663763909,326,1105,0.295022624434,3326,4326,0.768839574664,2079,5153,7232,1985,606,1051,2036,2062,12884
935,841,392,19807,2274,5272,0.4313353566,685,1856,0.369073275862,1430,1906,0.750262329485,752,2162,2914,1085,874,203,835,1984,6663
947,914,901,37577,8467,19906,0.425349140962,1059,3383,0.31303576707,6375,8168,0.780484818805,745,2649,3394,5624,1983,164,3262,1777,24368
948,973,786,28679,3767,8077,0.466386034418,18,88,0.204545454545,1710,2551,0.670325362602,2611,6902,9513,1837,967,2331,1362,2687,9262
949,830,704,28881,5434,11515,0.471906209292,154,519,0.296724470134,4006,4943,0.810439004653,1869,4370,6239,2109,820,638,2136,2324,15028
950,846,816,31888,5769,13324,0.432978084659,991,3048,0.325131233595,3768,4804,0.784346378018,579,1937,2516,6471,1022,121,2547,2014,16297
951,1300,1149,46349,8567,18955,0.451965180691,2973,7429,0.400188450666,4398,4920,0.893902439024,1230,4042,5272,4361,1451,244,2709,2858,24505
952,893,707,31531,6085,14710,0.413664174031,1386,4264,0.325046904315,2091,3303,0.633060853769,1894,4997,6891,3170,1085,469,2504,2516,15647
953,778,447,18538,2556,5573,0.458639870805,2,29,0.068965517241,1077,1670,0.64491017964,1688,3255,4943,622,471,572,877,2276,6191
954,507,455,16931,2779,6337,0.438535584661,694,1838,0.377584330794,913,1171,0.779675491033,513,1470,1983,1295,811,221,621,893,7165
955,445,143,7613,936,2026,0.461994076999,1,9,0.111111111111,503,798,0.630325814536,627,1462,2089,252,134,316,403,895,2376
956,987,771,24001,2784,5595,0.497587131367,2,16,0.125,1739,2779,0.625764663548,2723,4282,7005,817,330,1398,1435,2869,7309
957,225,23,2495,317,752,0.421542553191,0,4,0.0,201,301,0.667774086378,240,434,674,46,34,60,146,351,835
958,610,189,11609,1639,3424,0.478679906542,1,6,0.166666666666,716,1031,0.694471387002,1067,1658,2725,418,258,209,786,1537,3995
959,1217,1053,38073,6321,12892,0.490304064536,1685,3939,0.427773546585,3060,3384,0.904255319148,643,2999,3642,10335,899,102,3478,1982,17387
960,545,103,11703,1874,4593,0.408012192466,472,1376,0.343023255813,737,958,0.769311064718,349,1002,1351,1024,447,77,573,862,4957
961,381,45,6143,1152,2496,0.461538461538,15,50,0.3,582,786,0.740458015267,328,733,1061,281,134,216,470,706,2901
962,593,108,10368,1092,2786,0.391959798994,456,1318,0.34597875569,416,596,0.697986577181,410,1144,1554,670,380,173,520,1211,3056
963,15,0,91,19,57,0.333333333333,6,23,0.260869565217,0,0,0.0,3,6,9,5,2,3,11,12,44
964,137,50,2311,288,596,0.48322147651,1,2,0.5,75,141,0.531914893617,180,303,483,57,26,209,101,268,652
965,1287,731,32714,3720,9329,0.398756565548,1248,3341,0.373540856031,2025,2479,0.816861637757,414,2244,2658,3804,1352,98,1473,2684,10713
966,587,159,12746,1425,2839,0.501937301866,1,26,0.038461538461,1014,1573,0.644628099173,1448,2295,3743,474,618,128,587,1229,3865
967,102,1,1094,144,378,0.380952380952,37,108,0.342592592592,50,61,0.819672131147,56,108,164,77,35,18,42,115,375
968,74,0,524,102,216,0.472222222222,0,1,0.0,51,92,0.554347826086,43,100,143,33,8,26,83,102,255
969,371,58,4568,522,1192,0.437919463087,15,58,0.258620689655,217,312,0.695512820512,441,719,1160,224,136,220,244,805,1276
970,709,263,13919,2021,4001,0.50512371907,0,11,0.0,1170,1585,0.738170347003,1087,2043,3130,443,185,286,948,1868,5212
971,114,8,1506,134,322,0.416149068322,3,18,0.166666666666,110,137,0.802919708029,98,218,316,63,50,15,63,139,381
976,576,334,15931,2189,5081,0.430820704585,305,929,0.328310010764,713,896,0.795758928571,243,927,1170,2514,371,31,789,1194,5396
977,1346,1198,48653,11719,26200,0.447290076335,1827,5546,0.329426613775,8378,10011,0.836879432624,1499,5548,7047,6306,1944,640,4010,3353,33643
978,804,665,26967,4825,10719,0.450135273812,1760,4392,0.400728597449,2237,2500,0.8948,747,3035,3782,1408,747,106,1090,1398,13647
979,1011,697,27363,5144,11025,0.466575963718,14,95,0.147368421052,3007,4208,0.714591254752,1991,5270,7261,1369,470,1820,1872,2896,13309
980,843,724,22965,4207,8842,0.47579733092,31,100,0.31,2531,3243,0.780450200431,2444,3747,6191,955,421,1327,1509,2776,10976
981,35,0,143,20,59,0.338983050847,4,8,0.5,8,9,0.888888888888,10,16,26,7,6,2,4,21,52
982,83,7,952,137,322,0.425465838509,20,62,0.322580645161,95,137,0.693430656934,81,100,181,50,41,25,47,154,389
983,445,35,7635,816,2033,0.401377274963,116,406,0.285714285714,524,708,0.74011299435,209,659,868,1233,321,19,524,484,2272
984,35,3,266,30,57,0.526315789473,0,2,0.0,16,29,0.551724137931,17,43,60,7,2,4,13,39,76
987,14,0,106,14,34,0.411764705882,1,3,0.333333333333,1,2,0.5,3,12,15,4,5,0,4,15,30
988,203,19,2685,304,749,0.405874499332,34,97,0.350515463917,131,170,0.770588235294,74,208,282,415,121,31,223,297,773
990,813,85,13403,1792,4104,0.436647173489,14,79,0.177215189873,1405,1892,0.742600422832,1166,2205,3371,684,487,293,1059,1896,5003
992,27,0,227,32,84,0.380952380952,13,39,0.333333333333,15,21,0.714285714285,7,15,22,23,8,2,16,34,92
994,201,35,4314,351,827,0.424425634824,12,30,0.4,197,313,0.629392971246,515,922,1437,139,117,90,152,439,911
997,76,6,1093,134,356,0.376404494382,58,155,0.374193548387,24,42,0.571428571428,32,85,117,104,47,13,67,135,350
998,153,57,1632,116,289,0.401384083044,10,56,0.178571428571,43,75,0.573333333333,92,169,261,63,32,45,47,242,285
1000,719,226,15943,1996,4366,0.45716903344,307,972,0.315843621399,1028,1392,0.738505747126,583,1669,2252,1007,556,180,958,1437,5327
1002,101,2,925,78,227,0.343612334801,20,61,0.327868852459,33,67,0.492537313432,23,59,82,110,50,14,57,131,209
1003,60,0,598,43,103,0.417475728155,24,63,0.380952380952,24,31,0.774193548387,8,59,67,111,19,2,55,75,134
1005,708,409,18823,2978,7013,0.42463995437,976,2575,0.379029126213,1453,1956,0.742842535787,764,2030,2794,1637,658,406,1321,2046,8385
1007,15,2,92,8,23,0.347826086956,0,1,0.0,3,4,0.75,6,4,10,0,1,2,6,21,19
1010,151,4,1093,115,338,0.34023668639,57,187,0.304812834224,69,101,0.683168316831,32,61,93,257,85,4,110,166,356
1027,103,13,1609,236,518,0.455598455598,0,4,0.0,119,210,0.566666666666,153,200,353,99,50,14,117,157,591
1030,88,2,781,80,199,0.402010050251,8,37,0.216216216216,36,50,0.72,15,44,59,178,21,2,89,78,204
1034,91,2,857,110,254,0.433070866141,0,0,0.0,57,93,0.612903225806,87,133,220,29,25,37,35,105,277
1035,105,11,626,78,168,0.464285714285,0,0,0.0,33,71,0.464788732394,104,124,228,20,14,23,36,123,189
1036,148,4,1183,144,343,0.419825072886,2,26,0.076923076923,133,200,0.665,24,51,75,182,49,6,78,124,423
1043,114,4,971,81,215,0.376744186046,0,3,0.0,42,69,0.608695652173,75,138,213,36,24,36,52,132,204
1054,179,19,1902,285,635,0.448818897637,0,2,0.0,151,233,0.648068669527,145,307,452,99,54,46,144,237,721
1067,11,0,58,8,23,0.347826086956,2,6,0.333333333333,0,0,0.0,2,5,7,3,4,0,3,7,18
1090,64,3,930,123,262,0.469465648854,5,26,0.192307692307,72,108,0.666666666666,42,66,108,57,37,33,52,120,323
1101,72,2,309,44,112,0.392857142857,0,2,0.0,47,71,0.661971830985,30,44,74,21,5,7,28,62,135
1106,249,35,3501,462,1057,0.437086092715,4,14,0.285714285714,254,357,0.711484593837,306,503,809,191,84,95,236,531,1182
1120,21,0,159,16,47,0.340425531914,3,11,0.272727272727,13,18,0.722222222222,1,9,10,22,9,1,20,16,48
1127,3,0,7,1,2,0.5,0,0,0.0,0,2,0.0,2,0,2,0,0,1,1,4,2
1134,432,166,8350,1295,2901,0.446397793864,9,51,0.176470588235,686,1024,0.669921875,617,1413,2030,538,214,226,701,967,3285
1429,78,14,855,135,332,0.406626506024,17,50,0.34,44,57,0.771929824561,18,62,80,55,27,3,33,66,331
1434,43,12,599,39,99,0.393939393939,0,0,0.0,25,33,0.757575757575,37,85,122,31,7,19,38,95,103
1442,215,22,3281,488,926,0.526997840172,0,0,0.0,300,379,0.791556728232,196,492,688,88,57,160,203,512,1276
1444,318,7,4722,812,1606,0.505603985056,2,17,0.117647058823,405,600,0.675,447,695,1142,183,94,100,225,360,2031
1489,454,307,13419,2242,5179,0.432902104653,43,141,0.304964539007,1306,1694,0.77095631641,798,2035,2833,1498,514,361,982,1101,5833
1495,1392,1389,47367,10285,20334,0.505803088423,30,168,0.178571428571,5896,8468,0.696268304204,3859,11232,15091,4225,1025,3020,3381,3304,26496
1496,575,463,18152,3396,7659,0.44339992166,597,1655,0.360725075528,1817,2177,0.834634818557,1122,2787,3909,900,472,295,1262,1736,9206
1497,1043,937,33008,4738,11413,0.415140629107,1830,4725,0.387301587301,4496,5029,0.894014714655,480,2512,2992,5636,1051,168,2138,2169,15802
1498,872,220,19673,2270,5109,0.444313955764,359,1154,0.311091854419,1724,2173,0.793373216751,219,1394,1613,2934,564,85,928,917,6623
1499,837,429,17651,2143,4387,0.488488716662,12,74,0.162162162162,784,1137,0.689533861037,1376,2911,4287,522,420,713,704,2203,5082
1500,432,278,13417,2490,5803,0.42908840255,60,240,0.25,852,1054,0.80834914611,383,959,1342,921,456,113,683,881,5892
1501,824,408,21338,3458,7922,0.436505932845,962,2609,0.368723648907,1576,2079,0.758056758056,807,2572,3379,1272,609,300,1217,2261,9454
1502,733,269,13061,1318,2766,0.476500361532,0,2,0.0,353,707,0.499292786421,1301,2160,3461,344,264,1193,597,1575,2989
1503,938,703,30657,6709,15413,0.435281904885,1081,3198,0.338023764853,3882,5202,0.746251441753,1300,3976,5276,4161,1136,807,2029,1661,18381
1504,440,175,8834,1196,2534,0.471981057616,2,12,0.166666666666,1221,1556,0.784704370179,1195,1989,3184,301,182,94,655,1553,3615
1505,236,145,4808,720,1726,0.417149478563,18,76,0.236842105263,372,529,0.703213610586,286,490,776,266,184,83,309,485,1830
1506,659,88,11479,1491,3659,0.407488384804,429,1262,0.339936608557,1064,1236,0.860841423948,700,1949,2649,627,245,216,656,1094,4475
1507,615,390,17967,2419,5922,0.408476865923,645,1891,0.341089370703,1874,2198,0.852593266606,440,1548,1988,2083,691,87,1052,1230,7357
1508,534,227,13324,2471,5298,0.466402416006,5,33,0.151515151515,942,1324,0.711480362537,791,1661,2452,623,246,259,973,1603,5889
1509,541,248,10620,1123,2216,0.506768953068,1,13,0.076923076923,713,1107,0.644083107497,884,1990,2874,244,292,685,448,1347,2960
1510,729,423,18180,2019,4897,0.412293240759,16,119,0.134453781512,1288,1632,0.789215686274,282,1503,1785,4481,1229,87,1367,1856,5342
1511,54,9,866,100,249,0.401606425702,28,71,0.394366197183,28,39,0.717948717948,36,84,120,26,32,20,44,124,256
1512,155,23,2157,303,734,0.412806539509,4,29,0.137931034482,203,269,0.754646840148,178,356,534,127,78,65,147,373,813
1513,506,99,8376,858,1738,0.493670886075,0,2,0.0,506,714,0.708683473389,901,1450,2351,220,299,352,304,1178,2222
1514,16,0,111,13,29,0.448275862068,0,0,0.0,3,8,0.375,8,10,18,3,2,1,9,21,29
1515,494,423,13751,1661,3744,0.443643162393,596,1474,0.404341926729,560,705,0.794326241134,241,1333,1574,1129,439,85,495,792,4478
1516,60,6,809,130,384,0.338541666666,30,88,0.340909090909,83,102,0.813725490196,16,57,73,46,27,12,59,103,373
1517,755,143,16790,2755,6601,0.417361005908,689,1947,0.353877760657,1145,1444,0.792936288088,623,1724,2347,1945,704,68,1014,1372,7344
1518,72,14,1234,125,360,0.347222222222,3,15,0.2,127,205,0.619512195121,38,50,88,121,69,12,119,146,380
1519,208,27,2252,223,444,0.502252252252,0,2,0.0,114,193,0.590673575129,199,233,432,60,69,50,107,384,560
1520,142,36,1975,297,726,0.40909090909,72,250,0.288,63,104,0.605769230769,57,143,200,124,87,70,111,204,729
1521,776,123,12671,1300,3028,0.429326287978,95,270,0.351851851851,768,986,0.778904665314,148,880,1028,1919,403,15,792,1267,3463
1522,45,4,449,51,157,0.324840764331,1,11,0.090909090909,27,48,0.5625,27,70,97,39,22,11,42,63,130
1525,48,1,399,50,125,0.4,0,4,0.0,20,23,0.869565217391,32,35,67,29,11,4,17,37,120
1527,44,0,216,47,84,0.559523809523,3,7,0.428571428571,11,17,0.647058823529,13,17,30,14,13,1,27,24,108
1528,39,2,395,48,116,0.413793103448,1,6,0.166666666666,31,43,0.720930232558,22,46,68,34,15,4,31,40,128
1529,15,0,110,12,26,0.461538461538,0,0,0.0,16,25,0.64,9,22,31,2,5,2,8,13,40
1530,23,0,103,21,55,0.381818181818,9,20,0.45,8,14,0.571428571428,7,7,14,3,6,3,8,12,59
1531,387,106,7570,1194,2680,0.445522388059,7,31,0.225806451612,843,1036,0.813706563706,630,1025,1655,311,147,102,467,775,3238
1532,54,0,632,99,253,0.391304347826,34,94,0.361702127659,43,68,0.632352941176,30,75,105,36,25,8,58,99,275
1533,793,249,15551,1709,4131,0.413701282982,332,933,0.355841371918,682,916,0.744541484716,293,1065,1358,2274,551,92,866,1289,4432
1535,17,0,80,9,15,0.6,0,0,0.0,8,10,0.8,8,19,27,5,4,4,2,14,26
1536,858,676,27395,4604,11112,0.414326853851,1252,3763,0.332713260696,2516,3154,0.797717184527,674,2654,3328,2634,1109,317,2141,2043,12976
1538,260,136,6181,783,1797,0.43572621035,6,43,0.13953488372,313,438,0.714611872146,170,585,755,419,228,111,401,578,1885
1539,20,0,146,19,58,0.327586206896,0,2,0.0,23,30,0.766666666666,2,5,7,36,7,1,21,27,61
1540,104,42,2300,274,682,0.401759530791,81,234,0.346153846153,87,115,0.75652173913,82,134,216,108,78,43,106,230,716
1541,460,334,12610,1664,3950,0.421265822784,208,664,0.313253012048,625,822,0.760340632603,252,888,1140,1877,549,109,623,897,4161
1542,278,96,5542,903,2125,0.42494117647,66,194,0.340206185567,315,394,0.799492385786,313,660,973,225,132,117,242,512,2187
1544,252,92,3987,609,1393,0.437185929648,70,202,0.346534653465,366,444,0.824324324324,206,341,547,154,101,80,232,492,1654
1545,80,0,740,93,243,0.382716049382,30,77,0.38961038961,49,70,0.7,14,42,56,127,32,3,57,71,265
1548,605,393,13985,2020,4011,0.503615058588,37,103,0.35922330097,864,1195,0.723012552301,895,1889,2784,513,327,508,933,1554,4941
1577,40,0,293,29,93,0.311827956989,6,27,0.222222222222,12,27,0.444444444444,17,19,36,18,16,13,18,34,76
1635,22,0,69,14,37,0.378378378378,0,2,0.0,4,8,0.5,12,12,24,1,0,3,2,9,32
1667,238,3,2282,254,631,0.402535657686,105,243,0.432098765432,126,145,0.868965517241,46,130,176,465,88,2,175,283,739
1680,118,4,1182,155,400,0.3875,5,22,0.227272727272,74,105,0.704761904761,31,92,123,114,45,6,78,121,389
1709,500,393,13132,1788,4109,0.435142370406,0,0,0.0,559,936,0.597222222222,951,2463,3414,327,226,697,898,1518,4135
1710,1001,950,33958,5410,12412,0.43586851434,1517,3999,0.379344836209,2361,2943,0.802242609582,529,2574,3103,5517,1172,149,2134,1931,14698
1711,563,438,14548,2227,4781,0.465802133444,478,1315,0.363498098859,758,1066,0.711069418386,994,2429,3423,606,276,919,511,1863,5690
1712,1083,864,37637,7679,17024,0.451069078947,1163,3365,0.345616641901,3521,4860,0.724485596707,2557,5600,8157,1761,1048,421,1714,2580,20042
1713,1541,982,46371,9293,21339,0.435493696986,2290,6168,0.371271076523,4852,6082,0.797763893456,1658,4948,6606,4714,1530,888,2590,3995,25728
1714,438,73,6242,841,1774,0.474069898534,4,24,0.166666666666,399,691,0.577424023154,671,969,1640,312,280,306,400,1079,2085
1715,788,667,23190,3065,7699,0.398103649824,1238,3784,0.327167019027,898,1104,0.813405797101,192,1618,1810,4611,933,60,1643,1100,8266
1716,727,509,22366,3738,9200,0.406304347826,524,1696,0.30896226415,2242,2963,0.75666554168,738,2301,3039,2290,1092,255,1554,1645,10242
1717,1522,1460,51369,11169,23734,0.470590713743,1982,5210,0.380422264875,7240,8239,0.878747420803,1468,10021,11489,3651,1210,1281,2494,3601,31560
1718,1343,1285,45883,8668,19465,0.445312098638,2143,5816,0.368466299862,6918,8578,0.806481697365,1092,6435,7527,4708,1752,745,3532,3643,26397
1719,591,275,15134,2814,6111,0.460481099656,223,683,0.326500732064,1296,1860,0.696774193548,800,1937,2737,1249,769,192,1215,1526,7147
1720,587,84,8787,1246,2838,0.439041578576,1,8,0.125,389,492,0.790650406504,582,1373,1955,343,200,209,376,1315,2882
1721,353,65,7971,1179,2359,0.499788045782,1,19,0.052631578947,523,811,0.644882860665,655,1441,2096,322,184,571,470,1013,2882
1722,212,206,7493,1219,2824,0.431657223796,288,717,0.401673640167,531,677,0.78434268833,178,431,609,553,213,85,407,551,3257
1723,665,349,17588,2900,6033,0.480689540858,158,474,0.333333333333,1687,2239,0.753461366681,1281,2085,3366,907,497,112,1000,1748,7645
1724,243,46,3966,419,1096,0.382299270072,150,404,0.371287128712,93,112,0.830357142857,56,239,295,524,123,10,209,291,1081
1725,811,595,17983,2570,5121,0.501855106424,1,13,0.076923076923,378,646,0.585139318885,1513,2630,4143,836,330,934,748,2187,5519
1726,17,0,90,14,38,0.368421052631,0,6,0.0,5,8,0.625,13,20,33,5,3,1,8,14,33
1727,552,107,11058,1479,3543,0.417442845046,631,1587,0.397605545053,428,531,0.806026365348,343,1114,1457,443,246,104,417,1274,4017
1728,113,45,2125,338,827,0.408706166868,5,45,0.111111111111,136,166,0.819277108433,91,217,308,124,41,14,140,198,817
1729,736,344,21926,3747,8410,0.445541022592,583,1614,0.361214374225,1835,2349,0.781183482332,566,1984,2550,2426,732,187,1606,1430,9912
1730,608,197,10912,1194,2419,0.493592393551,2,6,0.333333333333,486,858,0.566433566433,919,1922,2841,288,256,532,519,1270,2876
1731,554,173,12568,1765,4039,0.4369893538,460,1175,0.391489361702,720,868,0.829493087557,132,811,943,1727,286,10,659,1057,4710
1732,249,80,4146,550,1274,0.431711145996,48,147,0.326530612244,300,455,0.65934065934,212,392,604,252,161,62,254,451,1448
1733,981,445,28005,5028,11318,0.444248100371,977,2778,0.35169186465,2204,3030,0.727392739273,1495,3987,5482,1649,858,246,1838,3069,13237
1734,68,5,750,120,235,0.510638297872,9,25,0.36,34,46,0.739130434782,28,52,80,36,33,3,34,134,283
1735,270,19,3727,455,1071,0.424836601307,2,15,0.133333333333,206,384,0.536458333333,444,736,1180,94,110,144,213,482,1118
1736,153,16,2189,317,812,0.390394088669,57,197,0.289340101522,144,221,0.651583710407,84,175,259,143,71,48,164,316,835
1737,1005,354,15892,2402,4939,0.486333265843,0,8,0.0,1023,1599,0.639774859287,1808,2900,4708,375,432,639,919,2156,5827
1738,127,6,1301,161,371,0.43396226415,8,29,0.275862068965,71,111,0.639639639639,102,121,223,62,38,30,58,162,401
1739,649,245,15959,2678,5180,0.516988416988,35,196,0.178571428571,1562,2436,0.641215106732,1280,1417,2697,1150,751,249,1166,1418,6953
1740,1049,842,33542,5644,12479,0.452279830114,1787,4625,0.386378378378,2504,3111,0.804885888781,1418,4015,5433,1765,1115,541,1577,2430,15579
1741,260,72,3820,510,947,0.538542766631,0,0,0.0,180,367,0.490463215258,285,636,921,135,75,193,245,521,1200
1742,325,28,5108,676,1684,0.401425178147,256,700,0.365714285714,284,356,0.797752808988,106,412,518,765,196,14,331,379,1892
1743,102,4,522,79,222,0.355855855855,5,24,0.208333333333,10,19,0.526315789473,32,75,107,18,15,14,30,106,173
1744,358,180,4772,650,1339,0.485436893203,0,2,0.0,240,389,0.616966580976,393,706,1099,118,92,384,403,989,1540
1745,9,0,14,1,8,0.125,0,0,0.0,0,0,0.0,3,0,3,0,0,0,2,2,2
1747,671,452,19389,2450,6391,0.38335158817,996,2815,0.353818827708,903,1238,0.729402261712,247,1644,1891,3202,813,105,1195,1408,6799
1749,747,581,27620,4319,9979,0.432808898687,1085,2867,0.378444366934,2241,2684,0.834947839046,543,2359,2902,2015,878,313,1520,1710,11964
1750,5,0,19,1,5,0.2,0,2,0.0,0,0,0.0,1,1,2,0,1,0,3,1,2
1751,334,209,5913,736,1443,0.510048510048,0,1,0.0,482,903,0.533776301218,707,1237,1944,63,119,355,397,887,1954
1752,230,11,2276,259,578,0.448096885813,5,25,0.2,115,173,0.664739884393,158,343,501,50,33,87,116,342,638
1753,73,12,698,92,226,0.407079646017,3,15,0.2,54,78,0.692307692307,50,76,126,43,22,6,35,79,241
1754,40,0,304,46,101,0.455445544554,0,5,0.0,28,36,0.777777777777,31,36,67,16,20,7,23,66,120
1756,43,0,397,31,88,0.352272727272,0,1,0.0,37,47,0.787234042553,34,45,79,10,6,22,26,78,99
1757,42,7,624,71,216,0.328703703703,5,30,0.166666666666,24,32,0.75,8,41,49,66,21,7,46,66,171
1760,82,0,686,103,277,0.371841155234,8,42,0.190476190476,39,58,0.672413793103,45,88,133,63,21,11,35,51,253
1761,570,117,10892,1120,2491,0.449618627057,239,716,0.333798882681,399,527,0.757115749525,457,1136,1593,719,454,111,394,1342,2878
1762,103,27,1232,105,257,0.408560311284,4,20,0.2,87,110,0.790909090909,94,134,228,54,47,6,50,146,301
1763,507,85,6505,544,1192,0.456375838926,14,68,0.205882352941,217,313,0.693290734824,506,554,1060,250,325,138,168,752,1319
1764,30,0,331,35,96,0.364583333333,2,5,0.4,25,45,0.555555555555,20,27,47,22,9,4,18,29,97
1765,22,0,175,19,40,0.475,0,0,0.0,8,12,0.666666666666,25,26,51,7,4,2,15,33,46
1766,105,4,829,106,172,0.616279069767,3,8,0.375,71,96,0.739583333333,56,119,175,26,24,43,54,140,286
1814,224,39,3956,425,976,0.435450819672,59,161,0.366459627329,231,324,0.712962962962,61,230,291,627,118,56,219,346,1140
1817,10,0,97,8,27,0.296296296296,3,12,0.25,2,4,0.5,3,3,6,22,3,1,8,6,21
1819,42,0,345,43,98,0.438775510204,0,0,0.0,31,59,0.525423728813,38,40,78,12,6,4,32,40,117
1821,127,0,883,128,289,0.442906574394,6,39,0.153846153846,70,97,0.721649484536,79,81,160,56,24,8,53,95,332
1839,281,66,5382,783,1951,0.401332649923,27,140,0.192857142857,490,693,0.70707070707,531,835,1366,175,209,127,372,861,2083
1855,251,104,5018,694,1806,0.384274640088,34,126,0.269841269841,263,358,0.734636871508,173,294,467,428,349,20,323,587,1685
1874,55,0,462,49,124,0.395161290322,0,0,0.0,14,23,0.608695652173,41,62,103,25,18,9,32,64,112
1882,1058,868,34905,6599,13185,0.500492984452,2,21,0.095238095238,3627,4929,0.735849056603,3304,5736,9040,2184,940,1828,2060,3115,16827
1883,576,543,21633,3543,8267,0.428571428571,575,1684,0.341448931116,2785,3494,0.797080709788,960,2255,3215,3473,846,223,2030,1813,10446
1884,835,692,28594,4888,11951,0.409003430675,1332,4159,0.320269295503,2339,3292,0.710510328068,762,2421,3183,6025,1530,360,2308,2361,13447
1885,961,684,32131,4811,10393,0.462907726354,664,2126,0.312323612417,2495,3599,0.693248124479,1821,6238,8059,3554,848,892,2253,2916,12781
1886,262,28,3843,509,1221,0.416871416871,101,297,0.340067340067,334,438,0.762557077625,153,429,582,170,43,169,258,391,1453
1887,651,393,20055,3486,7193,0.484637842346,590,1453,0.406056434962,1633,1899,0.859926276987,671,1931,2602,1532,388,160,970,1380,9195
1888,921,783,29563,5969,13288,0.449202287778,530,1530,0.346405228758,3240,3805,0.851511169513,794,2058,2852,3125,714,131,1977,2329,15708
1889,1304,939,40268,6035,13104,0.460546398046,193,888,0.217342342342,4015,4975,0.807035175879,1373,3422,4795,8524,1546,227,3121,2882,16278
1890,1163,1062,40101,7289,15056,0.484125929861,791,2390,0.330962343096,2331,2877,0.810218978102,2732,7369,10101,2198,1759,1233,1750,2535,17700
1891,1410,679,42038,6914,15585,0.443631697144,2282,6010,0.379700499168,2771,3278,0.845332519829,502,2772,3274,5415,1603,275,2415,2577,18881
1892,119,5,1738,220,529,0.415879017013,86,217,0.396313364055,121,133,0.90977443609,29,130,159,152,56,14,98,179,647
1894,827,478,23361,4065,8969,0.453227784591,463,1431,0.323549965059,4605,5599,0.82246829791,915,3107,4022,1696,590,139,1874,2338,13198
1895,142,1,1204,137,415,0.330120481927,40,157,0.254777070063,65,91,0.714285714285,17,76,93,199,34,6,106,125,379
1897,991,840,31439,4666,11266,0.414166518728,1154,3402,0.339212228101,2572,3596,0.715239154616,1159,3289,4448,2631,1721,522,1791,2586,13058
1898,142,0,1381,163,403,0.40446650124,2,11,0.181818181818,96,125,0.768,90,182,272,29,42,45,43,155,424
1899,864,479,23264,2495,6091,0.409620751929,1035,2967,0.348837209302,1394,1701,0.819517930629,755,3306,4061,1413,917,298,981,2330,7419
1900,159,21,1847,232,584,0.397260273972,37,111,0.333333333333,66,93,0.709677419354,71,139,210,96,59,36,98,335,567
1901,294,105,6133,914,2222,0.411341134113,148,467,0.316916488222,431,570,0.756140350877,213,684,897,455,233,65,370,487,2407
1902,764,345,15744,1472,2961,0.497129348193,7,54,0.129629629629,796,1295,0.614671814671,2101,3147,5248,703,507,308,613,1921,3747
1903,632,406,17304,2309,4966,0.46496173983,59,242,0.243801652892,1199,1715,0.699125364431,1447,2894,4341,975,527,276,1054,1581,5876
1904,630,108,11686,1318,3360,0.392261904761,427,1246,0.342696629213,473,656,0.721036585365,546,1429,1975,543,436,230,447,1270,3536
1905,797,546,23918,3146,6637,0.474009341569,367,1185,0.30970464135,2772,3675,0.754285714285,1400,2952,4352,2169,1097,1461,1518,1605,9431
1906,43,0,262,26,79,0.32911392405,1,3,0.333333333333,15,23,0.652173913043,23,23,46,11,2,9,13,33,68
1907,199,23,3789,521,1359,0.383370125091,109,340,0.320588235294,230,317,0.725552050473,118,255,373,534,176,32,259,387,1381
1908,471,115,9775,1294,3052,0.423984272608,425,1218,0.348932676518,312,443,0.704288939051,552,1435,1987,408,307,144,388,870,3325
1909,448,18,5611,679,1658,0.409529553679,240,644,0.372670807453,276,375,0.736,402,825,1227,325,182,86,253,681,1874
1910,15,0,104,11,28,0.392857142857,0,0,0.0,11,17,0.647058823529,11,22,33,3,5,1,3,13,33
1911,16,0,185,15,45,0.333333333333,2,9,0.222222222222,5,6,0.833333333333,1,10,11,20,7,0,16,22,37
1913,414,58,5965,258,634,0.406940063091,0,3,0.0,200,436,0.45871559633,729,903,1632,250,199,193,273,942,716
1914,70,8,1005,74,220,0.336363636363,40,122,0.327868852459,36,52,0.692307692307,16,57,73,167,29,2,62,117,224
1915,153,65,2142,158,341,0.463343108504,0,0,0.0,105,169,0.621301775147,220,381,601,76,69,95,96,399,421
1916,366,83,4472,472,1047,0.450811843361,2,9,0.222222222222,244,326,0.748466257668,316,694,1010,151,101,358,180,678,1190
1917,137,1,1250,213,511,0.416829745596,70,182,0.384615384615,108,147,0.734693877551,56,175,231,39,25,35,68,155,604
1918,143,32,1511,165,390,0.423076923076,0,1,0.0,180,250,0.72,146,237,383,31,38,27,95,254,510
1919,135,18,1535,173,413,0.418886198547,21,89,0.235955056179,74,104,0.711538461538,52,157,209,166,70,25,116,138,441
1921,384,191,8831,1424,3225,0.441550387596,289,786,0.367684478371,533,648,0.822530864197,167,774,941,584,222,47,517,749,3670
1922,472,149,7211,725,1517,0.477916941331,3,16,0.1875,273,390,0.7,497,1141,1638,260,228,255,355,1000,1726
1924,306,96,5821,1121,2366,0.473795435333,1,9,0.111111111111,379,482,0.786307053941,379,557,936,298,133,53,320,596,2622
1928,223,105,3434,568,1049,0.541468064823,0,0,0.0,233,363,0.641873278236,340,548,888,121,61,177,154,478,1369
1930,25,0,137,13,32,0.40625,0,0,0.0,8,12,0.666666666666,12,22,34,2,4,3,12,20,34
1934,230,38,4181,630,1530,0.411764705882,74,247,0.2995951417,138,182,0.758241758241,117,481,598,179,115,31,140,332,1472
1937,25,0,137,13,39,0.333333333333,0,0,0.0,28,36,0.777777777777,13,22,35,5,2,1,9,18,54
1938,1057,349,26857,4584,10262,0.44669655038,1495,4055,0.368680641183,3380,4089,0.826607972609,685,3012,3697,4001,1392,319,2116,2212,14043
1972,128,5,1879,204,528,0.386363636363,13,58,0.224137931034,188,239,0.786610878661,54,107,161,342,92,23,186,165,609
2030,757,667,23136,3875,8031,0.482505291993,66,282,0.234042553191,1509,2398,0.629274395329,1312,3847,5159,1439,893,864,1318,2498,9325
2031,547,97,10804,1713,3623,0.472812586254,2,27,0.074074074074,1154,1650,0.699393939393,885,1650,2535,275,354,683,690,1357,4582
2032,446,190,11729,1874,3973,0.471683866096,22,131,0.167938931297,737,1250,0.5896,575,1615,2190,840,384,495,892,1023,4507
2033,289,35,6036,1103,2536,0.434936908517,21,110,0.190909090909,555,803,0.691158156911,375,965,1340,352,134,81,428,648,2782
2034,1032,570,27812,4016,8747,0.459128844175,1590,3910,0.406649616368,1351,1757,0.768924302788,632,3744,4376,2666,573,229,1561,2043,10973
2035,344,136,5929,770,1872,0.411324786324,274,815,0.336196319018,307,389,0.789203084832,192,577,769,304,198,149,349,598,2121
2036,436,256,8754,1253,2731,0.458806298059,3,13,0.230769230769,753,1069,0.704396632366,865,1437,2302,223,128,444,535,1264,3262
2037,1327,433,38994,6752,16467,0.410032185583,2221,6379,0.348173694936,3694,4286,0.861875874941,466,2482,2948,4541,1179,271,2476,2008,19419
2038,592,397,11735,896,1624,0.551724137931,0,3,0.0,501,900,0.556666666666,1112,2553,3665,256,157,836,574,1604,2293
2039,728,86,14133,1810,4356,0.415518824609,446,1277,0.349256068911,1001,1253,0.798882681564,132,832,964,1601,463,75,803,1221,5067
2040,145,3,1392,158,323,0.489164086687,0,3,0.0,70,118,0.593220338983,126,269,395,38,45,68,104,183,386
2041,409,74,7086,890,1734,0.513264129181,0,0,0.0,561,930,0.603225806451,677,1250,1927,149,128,427,385,889,2341
2042,187,59,3156,655,1552,0.422036082474,41,121,0.338842975206,339,417,0.812949640287,124,285,409,227,111,18,203,377,1690
2043,167,10,1863,233,599,0.38898163606,12,45,0.266666666666,131,180,0.727777777777,33,142,175,310,67,5,201,213,609
2044,151,65,2175,338,743,0.454912516823,7,20,0.35,158,214,0.738317757009,175,268,443,51,36,32,120,295,841
2045,997,571,26707,3851,9034,0.426278503431,1246,3246,0.383857054836,2074,2645,0.784120982986,647,3324,3971,2832,750,299,1578,2403,11022
2046,643,385,19642,2931,6535,0.448508033664,66,254,0.259842519685,1839,2485,0.740040241448,804,2059,2863,1049,441,230,1032,1432,7767
2047,783,486,20785,2923,7360,0.39714673913,1167,3288,0.354927007299,1019,1420,0.717605633802,933,2733,3666,1138,607,148,868,1529,8032
2048,680,314,14621,1763,3675,0.479727891156,0,7,0.0,1391,2176,0.639246323529,1418,2990,4408,386,224,603,998,1792,4917
2049,334,128,8549,1126,2753,0.409008354522,42,218,0.192660550458,802,1053,0.7616334283,194,636,830,1441,503,40,580,827,3096
2050,711,488,19368,2747,6567,0.418303639409,1009,2702,0.373427091043,1125,1456,0.772664835164,569,1914,2483,1090,639,136,716,1606,7628
2051,205,39,3325,453,985,0.459898477157,1,10,0.1,243,369,0.658536585365,261,566,827,161,97,80,209,464,1150
2052,824,542,18399,2238,5515,0.405802357207,550,1617,0.340136054421,904,1296,0.697530864197,410,1422,1832,1355,423,134,814,1140,5930
2053,95,0,970,97,269,0.360594795539,0,2,0.0,57,102,0.558823529411,84,154,238,37,29,43,72,163,251
2054,315,168,5007,580,1184,0.489864864864,0,1,0.0,337,513,0.656920077972,436,802,1238,101,73,223,268,689,1497
2055,69,9,859,85,199,0.427135678391,0,1,0.0,92,125,0.736,88,137,225,8,17,64,40,146,262
2056,342,214,6191,1012,2034,0.497541789577,1,6,0.166666666666,427,609,0.701149425287,563,764,1327,179,69,134,274,730,2452
2057,27,4,263,32,90,0.355555555555,4,15,0.266666666666,9,10,0.9,5,16,21,40,19,1,17,31,77
2058,453,70,5335,381,834,0.456834532374,1,16,0.0625,212,402,0.527363184079,559,598,1157,181,116,102,206,866,975
2059,619,85,11212,1204,2505,0.480638722554,110,354,0.310734463276,534,796,0.670854271356,897,1410,2307,493,446,231,402,1378,3052
2060,447,221,11245,1190,2944,0.404211956521,289,840,0.344047619047,524,718,0.729805013927,274,926,1200,1600,583,128,708,967,3193
2061,133,8,1247,172,440,0.390909090909,11,38,0.28947368421,38,62,0.612903225806,54,145,199,39,30,12,35,106,393
2062,80,14,1241,166,440,0.377272727272,73,193,0.378238341968,37,45,0.822222222222,22,58,80,147,20,12,62,58,442
2063,450,93,6439,673,1381,0.487328023171,1,3,0.333333333333,467,654,0.714067278287,562,977,1539,237,148,166,340,1166,1814
2064,50,14,935,115,311,0.369774919614,28,84,0.333333333333,56,72,0.777777777777,21,60,81,145,48,2,54,99,314
2065,17,0,179,19,59,0.322033898305,3,18,0.166666666666,10,16,0.625,10,12,22,10,5,3,7,8,51
2066,47,1,300,28,72,0.388888888888,0,0,0.0,12,26,0.461538461538,32,44,76,5,2,19,6,36,68
2067,717,31,12404,2078,5077,0.409296828835,817,2096,0.389790076335,383,450,0.851111111111,164,1059,1223,1112,470,58,569,927,5356
2068,61,0,444,59,176,0.335227272727,11,44,0.25,66,83,0.795180722891,11,34,45,13,12,2,35,28,195
2069,155,17,2357,292,661,0.441754916792,1,16,0.0625,130,166,0.78313253012,130,312,442,75,31,28,137,337,715
2071,93,5,586,50,101,0.49504950495,0,0,0.0,27,41,0.658536585365,61,135,196,11,16,15,30,106,127
2072,629,429,20104,4207,9405,0.447315257841,1045,2751,0.379861868411,2513,2998,0.838225483655,622,1789,2411,1338,579,66,963,1002,11972
2073,456,37,6473,664,1628,0.407862407862,243,653,0.372128637059,537,624,0.860576923076,286,764,1050,465,295,69,330,890,2108
2074,108,2,1064,125,303,0.412541254125,1,8,0.125,78,113,0.690265486725,49,129,178,66,37,26,54,166,329
2078,341,56,5291,614,1473,0.416836388323,64,203,0.31527093596,331,420,0.788095238095,76,491,567,774,253,34,275,528,1623
2080,42,0,240,22,58,0.379310344827,5,12,0.416666666666,29,36,0.805555555555,4,13,17,33,4,0,23,25,78
2081,3,0,21,1,6,0.166666666666,0,0,0.0,1,4,0.25,1,5,6,0,0,1,3,4,3
2082,6,1,58,9,18,0.5,0,0,0.0,0,5,0.0,10,7,17,1,0,2,3,11,18
2084,51,35,1145,173,445,0.388764044943,0,5,0.0,94,141,0.666666666666,89,100,189,61,45,6,59,111,440
2198,607,281,13392,1518,3088,0.49158031088,1,9,0.111111111111,998,1750,0.570285714285,1085,2248,3333,554,324,376,771,1385,4035
2199,1160,886,31617,3558,5964,0.596579476861,0,11,0.0,2393,3714,0.644318793753,3529,6938,10467,967,630,1335,1656,3268,9509
2200,1226,1150,41001,7980,15729,0.507343124165,179,486,0.368312757201,4755,6311,0.753446363492,3085,8220,11305,3925,606,1941,2638,2632,20894
2201,527,411,13112,2578,4734,0.544571187156,2,2,1.0,1662,2588,0.642194744976,947,1778,2725,287,155,384,1174,1562,6820
2202,857,842,29243,5558,12681,0.438293509975,1608,4344,0.370165745856,1920,2714,0.707442888725,1033,3212,4245,2284,995,367,1503,1963,14644
2203,977,705,30004,2982,6819,0.437307523097,1250,3254,0.38414259373,1194,1606,0.743462017434,1273,2809,4082,1717,988,906,878,2208,8408
2204,303,117,6728,854,2263,0.377375165709,237,752,0.315159574468,226,337,0.6706231454,497,1247,1744,236,105,518,227,506,2171
2205,601,93,8405,503,1177,0.427357689039,1,6,0.166666666666,178,381,0.467191601049,834,1385,2219,270,227,630,355,1219,1185
2206,218,21,3353,617,1455,0.424054982817,91,290,0.313793103448,215,287,0.74912891986,113,372,485,237,118,65,285,309,1540
2207,1277,1091,44232,7823,17720,0.441478555304,1978,5331,0.371037328831,2783,3468,0.802479815455,1067,3992,5059,5001,1071,260,2451,2252,20407
2208,143,36,1936,203,501,0.405189620758,46,168,0.273809523809,57,89,0.640449438202,98,249,347,103,85,28,64,170,509
2209,737,213,16164,2148,5177,0.414912111261,971,2567,0.378262563303,612,807,0.758364312267,654,2130,2784,998,537,263,837,1552,5879
2210,1181,809,34294,5150,11102,0.463880381913,1042,2769,0.376309136872,3562,4639,0.767837896098,917,3803,4720,2412,787,347,1768,2637,14904
2211,729,482,19921,2848,6400,0.445,613,1578,0.388466413181,1551,1977,0.784522003034,1373,4335,5708,1088,478,294,886,1890,7860
2212,400,130,5990,735,1313,0.559786747905,0,1,0.0,347,715,0.485314685314,482,782,1264,79,49,422,249,656,1817
2213,27,0,135,13,56,0.232142857142,0,6,0.0,6,12,0.5,5,22,27,8,0,6,10,19,32
2214,173,13,2013,218,457,0.477024070021,2,14,0.142857142857,45,88,0.511363636363,223,368,591,93,25,47,113,200,483
2215,735,477,14970,918,2234,0.410922112802,7,34,0.205882352941,778,1202,0.647254575707,915,1791,2706,626,368,359,605,2056,2621
2216,1116,883,34619,7436,15774,0.47140864714,199,729,0.272976680384,3507,4592,0.763719512195,3279,6929,10208,2049,834,301,2290,2629,18578
2217,816,549,18678,2110,3999,0.527631907976,0,4,0.0,1318,2246,0.586821015138,2081,2794,4875,442,320,1109,851,2043,5538
2218,25,0,122,11,47,0.234042553191,0,6,0.0,8,10,0.8,5,12,17,17,6,0,13,7,30
2219,82,4,1058,67,221,0.303167420814,13,44,0.295454545454,57,83,0.686746987951,67,124,191,67,48,12,41,94,204
2220,108,0,695,101,287,0.351916376306,25,75,0.333333333333,12,20,0.6,22,41,63,24,22,4,37,83,239
2221,113,26,2136,280,652,0.42944785276,45,130,0.346153846153,128,150,0.853333333333,31,163,194,428,84,5,221,278,733
2222,832,611,24733,3516,7492,0.469300587293,407,1303,0.312356101304,2494,3517,0.709127096957,1145,3693,4838,1725,1200,681,1486,1829,9933
2223,886,694,21645,2810,5393,0.521045800111,1,12,0.083333333333,1193,1689,0.706335109532,2289,4653,6942,465,437,1546,1271,2601,6814
2224,547,404,14444,1759,4481,0.392546306627,397,1326,0.299396681749,737,1029,0.716229348882,345,1260,1605,3330,776,155,1375,1306,4652
2225,1254,1151,38278,7777,15830,0.491282375236,519,1603,0.323767935121,3400,4525,0.751381215469,441,2955,3396,7036,1053,98,2865,2059,19473
2226,115,13,1595,218,576,0.378472222222,74,248,0.298387096774,74,107,0.691588785046,24,108,132,225,62,11,116,147,584
2228,73,0,519,70,138,0.507246376811,0,0,0.0,46,66,0.696969696969,35,89,124,11,6,8,37,115,186
2238,28,1,317,42,104,0.403846153846,7,23,0.304347826086,17,20,0.85,25,37,62,10,9,11,21,22,108
2239,644,428,16276,1549,3480,0.445114942528,95,299,0.317725752508,548,716,0.765363128491,541,1285,1826,1132,282,272,597,1399,3741
2240,552,455,19348,3722,8850,0.420564971751,1079,3077,0.350666233344,2879,3584,0.803292410714,444,1724,2168,2909,884,134,1744,1683,11402
2241,22,0,213,17,51,0.333333333333,0,5,0.0,3,6,0.5,5,8,13,46,16,1,16,20,37
2242,139,12,1934,209,514,0.406614785992,22,112,0.196428571428,32,45,0.711111111111,123,254,377,93,35,49,81,126,472
2243,520,61,6772,590,1512,0.390211640211,180,523,0.344168260038,234,299,0.782608695652,275,759,1034,436,157,121,341,819,1594
2244,31,0,268,34,101,0.336633663366,6,13,0.461538461538,14,20,0.7,17,26,43,22,19,4,25,20,88
2245,39,3,348,43,128,0.3359375,4,14,0.285714285714,18,27,0.666666666666,18,34,52,19,5,7,31,44,108
2246,634,460,18429,3028,6615,0.457747543461,596,1590,0.374842767295,1909,2396,0.79674457429,1261,3175,4436,1089,329,453,991,1815,8561
2248,878,227,19488,2112,5139,0.41097489784,502,1551,0.323662153449,867,1233,0.703163017031,462,1523,1985,3871,873,176,1548,1755,5593
2249,54,1,465,35,94,0.372340425531,8,32,0.25,11,28,0.392857142857,15,35,50,56,19,2,32,34,89
2250,466,228,11509,1551,3552,0.436655405405,378,955,0.395811518324,709,862,0.822505800464,559,1232,1791,710,396,83,522,1153,4189
2253,45,0,549,69,149,0.463087248322,0,4,0.0,65,94,0.691489361702,28,66,94,33,7,4,28,45,203
2254,215,47,2422,208,496,0.419354838709,1,7,0.142857142857,138,215,0.641860465116,263,419,682,74,55,128,138,278,555
2256,16,0,155,15,37,0.405405405405,0,0,0.0,2,6,0.333333333333,4,28,32,0,1,12,6,20,32
2257,44,1,274,14,38,0.368421052631,0,0,0.0,15,27,0.555555555555,22,35,57,6,4,17,14,40,43
2260,542,216,8542,682,1500,0.454666666666,0,5,0.0,731,1046,0.698852772466,645,934,1579,419,138,98,334,1316,2095
2261,75,10,1058,128,382,0.335078534031,12,55,0.218181818181,53,71,0.746478873239,33,62,95,176,51,3,96,79,321
2264,23,2,124,8,20,0.4,0,0,0.0,10,20,0.5,13,23,36,3,3,9,11,35,26
2349,286,155,5754,1101,2126,0.517873941674,18,63,0.285714285714,322,508,0.633858267716,446,938,1384,257,135,177,378,713,2542
2397,486,476,15818,3380,6445,0.524437548487,2,10,0.2,2485,2984,0.832774798927,1233,3261,4494,769,189,920,1311,1596,9247
2398,75,54,1961,273,685,0.398540145985,65,202,0.321782178217,103,161,0.639751552795,27,168,195,350,86,17,171,179,714
2399,986,585,27338,3935,8926,0.440846963925,1304,3460,0.376878612716,1874,2333,0.803257608229,698,3513,4211,2185,719,324,1369,1986,11048
2400,790,500,20129,3432,7435,0.461600537995,88,342,0.25730994152,1701,2239,0.759714158106,1878,3740,5618,896,544,474,1158,1957,8653
2401,172,16,1945,190,626,0.303514376996,43,183,0.234972677595,84,115,0.730434782608,109,198,307,114,46,50,126,227,507
2402,103,28,2201,354,967,0.36608066184,92,287,0.320557491289,164,213,0.769953051643,29,113,142,195,69,14,136,212,964
2403,965,626,25233,4175,7621,0.54782836898,7,53,0.132075471698,2552,3864,0.660455486542,1688,4140,5828,1719,1041,721,1688,2934,10909
2404,628,261,12474,2101,3884,0.540937178166,0,18,0.0,948,1474,0.643147896879,970,2106,3076,455,322,246,705,1517,5150
2405,846,696,26252,5911,11009,0.536924334635,30,127,0.23622047244,4142,5444,0.760837619397,2029,4603,6632,1050,636,1054,1953,2685,15994
2406,881,732,28330,4596,10592,0.433912386706,746,2144,0.347947761194,2492,2942,0.847042828008,1103,3284,4387,2007,1163,216,1594,2129,12430
2407,629,335,13576,1163,2728,0.426319648093,73,292,0.25,604,1036,0.583011583011,1166,1397,2563,798,435,323,674,1529,3003
2408,375,55,6003,783,1702,0.460047003525,0,3,0.0,426,682,0.624633431085,448,767,1215,261,99,209,392,765,1992
2409,89,8,852,125,286,0.437062937062,7,20,0.35,54,82,0.658536585365,51,80,131,16,15,34,39,100,311
2410,430,78,10298,1090,2651,0.411165597887,346,979,0.353421859039,680,841,0.808561236623,157,801,958,990,336,115,511,831,3206
2411,317,25,5628,744,1834,0.405670665212,325,867,0.374855824682,439,560,0.783928571428,126,710,836,283,135,84,280,698,2252
2412,247,102,4595,516,1280,0.403125,118,344,0.343023255813,369,491,0.751527494908,120,482,602,375,187,15,262,394,1519
2413,436,77,8509,1400,3393,0.412614205717,331,972,0.340534979423,547,657,0.832572298325,155,661,816,775,341,34,552,733,3678
2414,83,23,1116,96,228,0.421052631578,0,1,0.0,66,89,0.741573033707,99,179,278,64,14,46,70,200,258
2415,85,1,771,78,227,0.343612334801,0,3,0.0,41,76,0.53947368421,86,103,189,18,20,19,48,113,197
2416,346,78,5957,876,2189,0.400182731841,288,805,0.357763975155,173,246,0.70325203252,104,468,572,353,150,74,298,459,2213
2417,167,24,2058,281,621,0.452495974235,35,98,0.357142857142,94,156,0.602564102564,107,278,385,105,71,28,138,226,691
2418,287,14,5325,476,1210,0.393388429752,209,594,0.351851851851,327,425,0.769411764705,118,398,516,304,121,24,210,372,1488
2419,1017,902,31575,4583,10082,0.454572505455,569,1550,0.367096774193,1537,2033,0.756025577963,1125,3207,4332,2407,571,500,1064,1251,11272
2420,419,373,10548,1724,3493,0.493558545662,2,14,0.142857142857,760,1041,0.730067243035,772,1489,2261,346,162,286,497,1251,4210
2421,86,3,949,92,261,0.352490421455,24,80,0.3,45,54,0.833333333333,13,64,77,166,34,11,83,87,253
2422,895,429,23671,3007,6979,0.430864020633,726,1986,0.365558912386,1552,1942,0.799176107106,435,2168,2603,2183,756,239,1185,1667,8292
2423,72,12,863,102,266,0.383458646616,35,96,0.364583333333,42,63,0.666666666666,21,67,88,29,23,23,64,92,281
2424,300,57,4619,608,1517,0.400791034937,179,525,0.340952380952,350,421,0.831353919239,75,330,405,752,164,11,324,514,1745
2425,44,3,328,15,53,0.283018867924,0,0,0.0,21,49,0.428571428571,27,42,69,16,14,6,17,59,51
2427,518,103,9146,1196,2933,0.407773610637,594,1549,0.383473208521,303,350,0.865714285714,78,819,897,677,189,75,370,709,3289
2428,59,39,1379,168,428,0.392523364485,21,78,0.26923076923,49,62,0.790322580645,36,126,162,130,57,33,81,145,406
2429,527,164,7791,1049,2100,0.499523809523,0,8,0.0,367,737,0.497964721845,910,1416,2326,196,242,448,357,1250,2465
2430,861,775,26904,5847,11221,0.521076552891,1,14,0.071428571428,2281,3158,0.722292590246,2037,6155,8192,1928,765,346,1824,2612,13976
2431,103,0,1263,203,461,0.440347071583,35,101,0.346534653465,60,89,0.67415730337,74,218,292,57,20,21,59,159,501
2432,9,0,34,3,12,0.25,0,3,0.0,5,8,0.625,1,6,7,5,3,1,3,4,11
2434,82,30,2117,308,766,0.402088772845,156,432,0.361111111111,124,146,0.849315068493,34,176,210,177,48,1,134,94,896
2435,73,0,568,78,167,0.467065868263,0,1,0.0,42,66,0.636363636363,76,112,188,11,10,16,41,155,198
2436,487,92,11073,1806,4360,0.414220183486,328,1079,0.303985171455,877,1210,0.724793388429,192,814,1006,1096,404,100,742,795,4817
2437,162,5,1885,247,530,0.466037735849,1,5,0.2,142,216,0.657407407407,178,299,477,40,37,59,108,324,637
2440,929,359,21965,2788,6388,0.436443331246,982,2931,0.335039235755,1031,1384,0.744942196531,1066,3215,4281,1691,714,444,1172,2353,7589
2441,72,5,629,53,108,0.49074074074,0,1,0.0,36,67,0.537313432835,80,162,242,26,9,32,33,91,142
2442,1,0,6,2,3,0.666666666666,0,0,0.0,0,0,0.0,1,0,1,0,0,0,1,0,4
2443,495,79,9226,1449,2904,0.498966942148,3,19,0.157894736842,514,609,0.844006568144,553,1136,1689,589,324,106,486,1197,3415
2446,809,266,17220,2293,5686,0.403271192402,911,2520,0.361507936507,595,796,0.747487437185,297,1637,1934,658,288,408,528,1132,6092
2447,66,0,515,73,202,0.361386138613,13,49,0.265306122448,14,26,0.538461538461,24,46,70,31,26,4,39,71,173
2449,743,505,19001,3669,7442,0.493012631013,92,271,0.339483394833,1452,1961,0.740438551759,1335,3606,4941,1194,474,224,1121,2037,8882
2450,4,0,10,1,1,1.0,0,0,0.0,0,0,0.0,1,0,1,0,0,0,0,2,2
2451,10,0,110,10,31,0.322580645161,0,0,0.0,7,12,0.583333333333,12,13,25,3,3,4,2,19,27
2544,1622,1620,61028,15961,31502,0.506666243413,2636,7565,0.348446794448,8882,12051,0.737034271014,1842,10253,12095,12016,2417,1185,5650,2862,43440
2545,468,208,8637,1196,2602,0.459646425826,0,6,0.0,421,734,0.573569482288,628,1343,1971,405,206,613,573,1065,2813
2546,1260,1120,43513,10119,22643,0.446893079538,1731,4873,0.355222655448,6320,7764,0.814013395157,1983,5825,7808,3422,1223,644,3052,3543,28289
2547,893,881,31934,6209,12581,0.493521977585,305,910,0.335164835164,4466,5591,0.798783759613,1927,5665,7592,1795,730,932,1807,2159,17189
2548,1054,909,35777,8454,17617,0.479877391156,549,1874,0.292956243329,5708,7463,0.764839876725,1258,3675,4933,5701,1620,885,3326,2328,23165
2549,735,538,19641,3432,7023,0.48868005126,1,24,0.041666666666,1343,1808,0.742809734513,1487,4095,5582,921,322,931,1544,1968,8208
2550,879,665,27017,3503,8522,0.411053743252,1172,3122,0.375400384368,1416,1770,0.8,310,2266,2576,4245,972,243,1617,2487,9594
2551,429,306,11885,1829,4223,0.433104428131,127,439,0.289293849658,1012,1242,0.814814814814,296,1035,1331,2495,496,55,1047,972,4797
2552,233,73,3611,564,1164,0.484536082474,0,2,0.0,388,563,0.6891651865,400,645,1045,145,73,107,277,569,1516
2553,427,115,9899,1397,3363,0.415402914064,392,1101,0.356039963669,367,460,0.797826086956,244,1086,1330,459,312,56,374,852,3553
2554,557,172,11946,1625,3821,0.425281339963,679,1910,0.355497382198,700,1053,0.664767331433,440,1283,1723,445,371,230,576,1270,4629
2555,910,177,18599,2212,4146,0.5335262904,21,101,0.207920792079,914,1265,0.722529644268,1766,2935,4701,939,446,469,878,2507,5359
2556,348,37,5565,741,1715,0.432069970845,125,382,0.32722513089,454,591,0.768189509306,100,419,519,728,266,57,436,674,2061
2557,830,493,21624,2933,6803,0.431133323533,584,1674,0.348864994026,1290,1496,0.86229946524,363,1514,1877,3713,814,161,1349,1779,7740
2558,71,1,600,48,148,0.324324324324,7,26,0.26923076923,20,33,0.60606060606,9,44,53,50,17,3,26,40,123
2559,6,0,34,4,18,0.222222222222,0,4,0.0,3,3,1.0,3,1,4,4,1,0,6,6,11
2560,150,4,1551,234,548,0.42700729927,24,88,0.272727272727,148,202,0.732673267326,98,214,312,85,33,25,119,221,640
2561,1034,742,29139,5703,11519,0.495095060335,57,215,0.265116279069,2571,3148,0.816709021601,1784,4806,6590,2273,764,850,1660,2408,14034
2562,567,142,8886,1070,2651,0.40362127499,308,890,0.34606741573,339,504,0.672619047619,188,812,1000,517,272,98,460,1026,2787
2563,624,157,9801,1203,2739,0.439211391018,107,325,0.32923076923,840,1118,0.751341681574,252,830,1082,529,261,144,507,1206,3353
2564,1064,564,28772,3805,7711,0.493450914278,475,1413,0.336164189667,1054,1470,0.717006802721,1258,3376,4634,3684,648,510,1897,2269,9139
2565,148,10,1581,197,486,0.405349794238,37,128,0.2890625,130,192,0.677083333333,47,151,198,165,58,7,120,237,561
2566,622,98,13026,1994,4713,0.42308508381,344,1021,0.336924583741,941,1265,0.743873517786,480,1494,1974,514,331,381,512,1035,5273
2567,421,74,5647,915,2083,0.439270283245,262,686,0.38192419825,220,281,0.782918149466,308,807,1115,252,135,134,252,789,2312
2568,507,170,11582,1472,3669,0.401199236849,678,1856,0.365301724137,493,650,0.758461538461,287,1528,1815,887,461,88,509,827,4115
2569,19,0,86,17,35,0.485714285714,0,1,0.0,6,13,0.461538461538,8,11,19,4,1,5,6,13,40
2570,782,565,17161,1705,3219,0.529667598633,0,14,0.0,804,1353,0.594235033259,1305,3227,4532,813,263,903,1233,2142,4214
2571,850,112,18383,3403,7409,0.459306249156,988,2556,0.386541471048,1241,1511,0.821310390469,319,1401,1720,1775,693,121,1061,1651,9035
2572,507,403,15350,2759,6161,0.447816912838,342,1029,0.332361516034,1410,1830,0.770491803278,846,2040,2886,817,530,276,723,1297,7270
2573,64,0,631,94,231,0.406926406926,2,8,0.25,25,37,0.675675675675,37,105,142,22,8,10,35,81,215
2574,509,87,9071,1336,3026,0.441506939854,457,1054,0.43358633776,269,322,0.835403726708,165,679,844,417,180,25,327,777,3398
2575,564,138,9685,1050,2449,0.428746427113,182,558,0.326164874551,367,513,0.715399610136,481,1107,1588,1317,313,102,597,810,2649
2580,41,4,507,46,130,0.353846153846,9,30,0.3,22,27,0.814814814814,30,40,70,19,10,9,15,67,123
2581,870,347,20821,2061,5145,0.400583090379,1037,2709,0.382798080472,503,646,0.778637770897,250,1566,1816,3446,587,63,1222,1287,5662
2584,731,297,14784,2417,5682,0.425378387891,517,1494,0.346050870147,708,925,0.765405405405,242,1061,1303,1018,393,108,705,1259,6059
2585,1098,516,22234,2608,5559,0.46914912754,0,31,0.0,2198,2927,0.750939528527,2362,3953,6315,1433,768,378,1444,2738,7414
2586,671,333,14527,1482,3759,0.394253790901,714,2020,0.353465346534,579,809,0.715698393077,391,1426,1817,866,429,68,574,1223,4257
2588,792,112,13355,1749,3768,0.464171974522,797,1923,0.414456578263,337,432,0.780092592592,622,1749,2371,552,285,213,299,1307,4632
2590,818,525,23870,4051,9326,0.434377010508,1094,2891,0.378415773088,1563,1795,0.870752089136,407,1857,2264,3990,721,121,1849,2005,10759
2592,709,93,11096,1205,3003,0.401265401265,776,1937,0.400619514713,531,632,0.840189873417,226,1050,1276,366,226,218,231,930,3717
2594,1232,423,31183,4103,9278,0.442228928648,2450,5715,0.428696412948,1297,1479,0.876943881,345,3298,3643,2114,804,403,1290,2522,11953
2599,67,12,627,90,189,0.47619047619,0,3,0.0,40,82,0.487804878048,75,112,187,22,17,8,44,82,220
2602,2,0,5,1,3,0.333333333333,0,0,0.0,0,0,0.0,0,1,1,0,0,0,0,0,2
2730,1242,1078,39455,7051,12016,0.58680093209,22,103,0.213592233009,5361,9455,0.567001586462,4151,10476,14627,1676,1081,2228,3302,3912,19485
2731,616,603,19053,3004,5867,0.512016362706,0,2,0.0,1362,2325,0.585806451612,1954,4013,5967,520,414,1003,984,1696,7370
2732,744,269,20365,3931,9092,0.432358117025,1171,2921,0.400890106128,2051,2394,0.856725146198,333,1518,1851,1868,508,114,1551,1720,11084
2733,833,191,17188,2149,4419,0.48630911971,13,73,0.17808219178,920,1159,0.793787748058,491,1498,1989,2483,586,311,1034,1498,5231
2734,985,448,23961,3486,8072,0.431863230921,832,2558,0.325254104769,2793,3507,0.796407185628,290,1861,2151,3869,998,194,1682,2171,10597
2735,391,70,10432,1343,2571,0.522364838584,99,301,0.328903654485,763,980,0.778571428571,732,1118,1850,609,339,184,439,725,3548
2736,902,828,30940,5130,11257,0.455716443102,658,1982,0.331987891019,2443,3175,0.769448818897,1462,4006,5468,2042,880,444,1459,1499,13361
2737,139,75,1584,156,385,0.405194805194,1,4,0.25,76,112,0.678571428571,124,271,395,41,51,16,111,300,389
2738,1231,784,39505,5028,10870,0.4625574977,1081,3278,0.329774252593,2831,3994,0.708813219829,1118,4929,6047,5147,1765,633,2240,2180,13968
2739,73,3,724,84,235,0.35744680851,32,89,0.359550561797,52,71,0.732394366197,27,62,89,58,24,3,49,71,252
2740,516,311,11147,1432,2409,0.594437525944,0,2,0.0,383,766,0.5,1190,2441,3631,467,331,580,479,1626,3247
2741,97,34,1497,172,340,0.505882352941,0,0,0.0,72,118,0.610169491525,122,254,376,20,26,86,71,224,416
2742,564,193,12149,1542,3953,0.3900834809,361,1133,0.318623124448,738,950,0.776842105263,151,747,898,1960,413,75,859,1196,4183
2743,800,203,14232,2078,4486,0.463218903254,55,188,0.292553191489,1139,1626,0.70049200492,1387,2927,4314,556,326,454,691,1456,5350
2744,915,651,26298,6161,12344,0.499108878807,8,66,0.121212121212,2013,2833,0.710554182845,2054,5636,7690,1347,628,1093,1211,2347,14343
2745,211,71,3538,489,1116,0.43817204301,92,281,0.327402135231,263,376,0.699468085106,152,339,491,241,86,69,206,328,1333
2746,894,772,28997,5089,11247,0.452476215879,450,1578,0.285171102661,2368,3748,0.631803628601,1717,4936,6653,2789,1083,1713,2197,2461,12996
2747,977,395,26274,4380,10465,0.418537983755,1930,5178,0.372730784086,1458,1990,0.732663316582,494,2579,3073,2077,974,204,1315,2191,12148
2748,549,222,12282,1657,3908,0.424002047082,617,1691,0.364872856298,666,826,0.806295399515,375,1718,2093,850,418,271,475,790,4597
2749,878,640,24539,3790,8692,0.436033133916,1153,3134,0.367900446713,1207,1491,0.809523809523,426,2169,2595,4508,772,68,1831,2195,9940
2751,143,58,2349,251,567,0.442680776014,14,48,0.291666666666,127,193,0.658031088082,168,324,492,142,86,48,139,353,643
2753,432,258,11840,1601,3571,0.448333800056,376,1012,0.371541501976,620,751,0.825565912117,213,1052,1265,1540,465,179,702,828,4198
2754,820,441,18053,2588,5447,0.475123921424,125,444,0.281531531531,1353,1909,0.70874803562,1021,1863,2884,1077,1158,337,1118,1947,6654
2755,714,504,21558,3847,8797,0.43730817324,1141,2969,0.384304479622,3561,4091,0.870447323392,401,1877,2278,1352,643,78,1200,1361,12396
2756,581,58,8907,1075,2757,0.389916575988,533,1451,0.36733287388,411,479,0.858037578288,205,888,1093,748,336,34,328,880,3094
2757,831,272,18184,2740,5922,0.462681526511,465,1334,0.348575712143,1007,1209,0.832919768403,308,1404,1712,2858,576,71,1179,1275,6952
2758,189,33,2687,374,706,0.529745042492,0,0,0.0,201,383,0.524804177545,184,365,549,47,64,185,216,538,949
2760,632,209,15086,1808,3550,0.509295774647,1,43,0.023255813953,957,1518,0.630434782608,1511,3020,4531,737,537,407,593,1633,4574
2761,87,20,1111,108,265,0.407547169811,0,3,0.0,69,119,0.579831932773,97,164,261,51,37,30,85,183,285
2763,36,0,433,42,125,0.336,12,49,0.244897959183,15,24,0.625,4,27,31,51,13,0,24,30,111
2764,61,0,559,59,140,0.421428571428,8,26,0.307692307692,39,60,0.65,22,44,66,48,31,5,29,70,165
2766,81,1,790,79,204,0.38725490196,4,17,0.235294117647,24,42,0.571428571428,5,44,49,104,33,1,48,70,186
2767,492,114,6161,622,1531,0.406270411495,162,449,0.360801781737,235,333,0.705705705705,147,410,557,501,230,38,255,757,1641
2768,606,319,15526,1353,3440,0.393313953488,649,1788,0.362975391498,591,754,0.783819628647,200,1164,1364,2690,471,36,925,965,3946
2770,136,9,1435,174,431,0.403712296983,0,4,0.0,124,165,0.751515151515,76,110,186,68,31,19,79,219,472
2772,1118,769,32954,4135,9804,0.421766625866,1605,4579,0.350513212491,1718,2350,0.731063829787,1081,4275,5356,2379,1628,355,1473,2205,11593
2774,128,19,1909,212,508,0.417322834645,5,31,0.16129032258,147,187,0.786096256684,86,229,315,126,109,16,110,215,576
2775,46,4,315,28,54,0.518518518518,0,0,0.0,14,28,0.5,20,47,67,3,4,13,26,62,70
2776,76,29,879,79,190,0.415789473684,0,0,0.0,61,90,0.677777777777,78,136,214,12,34,24,41,166,219
2779,31,0,271,23,72,0.319444444444,5,29,0.172413793103,34,42,0.809523809523,5,17,22,28,7,1,29,33,85
2784,16,0,76,14,29,0.482758620689,5,10,0.5,2,2,1.0,1,2,3,11,2,0,11,9,35
76001,256,53,3200,620,1236,0.501618122977,0,3,0.0,225,321,0.700934579439,283,563,846,85,71,69,247,484,1465
76050,149,6,2143,383,746,0.513404825737,0,0,0.0,260,360,0.722222222222,311,310,621,67,51,24,85,284,1026
76079,21,0,87,12,32,0.375,0,0,0.0,13,20,0.65,8,12,20,10,2,1,10,7,37
76097,33,0,299,28,85,0.329411764705,1,10,0.1,16,23,0.695652173913,13,47,60,44,12,4,22,45,73
76123,134,17,1795,243,482,0.504149377593,4,30,0.133333333333,137,189,0.724867724867,138,189,327,106,98,31,91,214,627
76148,152,7,1886,221,536,0.412313432835,55,164,0.335365853658,41,56,0.732142857142,28,127,155,303,69,1,93,200,538
76183,142,2,1045,116,266,0.436090225563,19,75,0.253333333333,38,57,0.666666666666,31,79,110,117,39,8,63,122,289
76184,2,0,13,3,7,0.428571428571,0,0,0.0,0,0,0.0,2,1,3,1,2,0,1,1,6
76265,126,2,1031,172,429,0.400932400932,12,60,0.2,61,71,0.859154929577,40,101,141,48,18,6,69,84,417
76277,4,0,23,4,6,0.666666666666,1,3,0.333333333333,0,0,0.0,0,3,3,6,1,0,4,2,9
76288,16,0,128,15,30,0.5,0,0,0.0,7,18,0.388888888888,15,11,26,3,6,5,6,24,37
76308,23,0,143,22,55,0.4,0,0,0.0,12,23,0.521739130434,13,17,30,9,6,3,7,33,56
76433,116,25,1499,166,378,0.439153439153,0,6,0.0,86,164,0.524390243902,172,256,428,34,43,91,66,140,418
76450,112,1,1313,131,311,0.421221864951,21,78,0.26923076923,133,163,0.815950920245,27,102,129,243,73,4,120,159,416
76517,68,3,374,40,126,0.31746031746,1,3,0.333333333333,50,68,0.735294117647,21,34,55,22,16,4,19,34,131
76643,4,0,26,3,7,0.428571428571,0,2,0.0,1,3,0.333333333333,1,1,2,4,1,0,1,4,7
76672,151,18,3108,617,1418,0.435119887165,9,65,0.138461538461,259,333,0.777777777777,140,175,315,320,57,24,203,287,1502
76732,11,0,114,16,52,0.307692307692,1,10,0.1,2,4,0.5,8,12,20,10,3,0,9,7,35
76772,2,0,3,3,3,1.0,0,0,0.0,0,0,0.0,0,0,0,0,0,0,0,2,6
76801,177,14,2019,297,717,0.414225941422,1,14,0.071428571428,141,172,0.81976744186,65,115,180,325,76,11,157,182,736
76821,201,49,3347,686,1583,0.433354390397,26,110,0.236363636363,155,241,0.64315352697,228,284,512,298,130,58,179,361,1553
76852,53,0,382,59,146,0.404109589041,17,61,0.27868852459,22,29,0.758620689655,27,62,89,24,18,8,30,62,157
76875,84,0,671,153,396,0.386363636363,15,61,0.245901639344,31,50,0.62,36,49,85,45,33,13,63,63,352
76911,50,6,609,96,238,0.403361344537,3,23,0.130434782608,18,27,0.666666666666,9,46,55,89,16,3,37,57,213
77060,45,10,374,80,162,0.493827160493,0,4,0.0,42,69,0.608695652173,59,49,108,19,9,5,39,63,202
77096,87,8,849,165,350,0.471428571428,7,20,0.35,114,158,0.721518987341,56,67,123,73,44,3,59,77,451
77098,122,44,3049,381,833,0.457382953181,113,280,0.403571428571,221,277,0.797833935018,58,180,238,522,82,7,221,180,1096
77114,90,0,594,122,311,0.392282958199,13,47,0.27659574468,49,57,0.859649122807,31,46,77,61,23,1,45,63,306
77129,52,0,192,20,60,0.333333333333,0,2,0.0,13,20,0.65,29,38,67,2,2,8,6,33,53
77138,59,0,475,74,203,0.364532019704,3,15,0.2,53,80,0.6625,27,37,64,17,12,1,37,30,204
77251,210,24,2937,425,998,0.425851703406,10,24,0.416666666666,224,301,0.744186046511,258,493,751,81,39,71,192,451,1084
77260,105,22,1336,217,562,0.386120996441,25,86,0.290697674418,115,158,0.727848101265,58,104,162,98,41,14,98,205,574
77301,89,0,595,65,176,0.369318181818,10,38,0.263157894736,31,52,0.596153846153,35,60,95,30,19,4,34,82,171
77370,31,0,149,17,37,0.459459459459,0,1,0.0,10,20,0.5,13,21,34,2,4,10,9,31,44
77386,267,63,4568,783,1877,0.417155034629,66,194,0.340206185567,310,467,0.663811563169,418,507,925,244,189,73,264,495,1942
77387,237,51,4240,733,1595,0.459561128526,19,78,0.243589743589,385,488,0.788934426229,177,328,505,325,179,45,254,417,1870
77426,95,11,1143,123,282,0.436170212765,3,9,0.333333333333,61,84,0.72619047619,42,78,120,108,48,15,68,151,310
77460,29,0,194,18,70,0.257142857142,0,2,0.0,19,32,0.59375,18,14,32,12,7,3,17,17,55
77474,143,49,2685,384,921,0.416938110749,29,103,0.281553398058,159,229,0.694323144104,131,159,290,109,78,47,96,201,956
77486,98,5,1146,182,336,0.541666666666,0,3,0.0,115,168,0.684523809523,141,222,363,22,27,51,78,188,479
77496,115,64,2964,429,1047,0.409742120343,104,287,0.362369337979,311,415,0.749397590361,75,158,233,326,102,14,213,232,1273
77628,38,0,313,53,144,0.368055555555,6,27,0.222222222222,19,23,0.826086956521,12,21,33,27,12,2,23,19,131
77644,23,15,367,39,82,0.475609756097,0,0,0.0,18,30,0.6,31,50,81,15,14,2,19,70,96
77647,25,0,102,26,57,0.456140350877,0,0,0.0,3,4,0.75,6,6,12,4,3,1,8,14,55
77649,36,1,153,23,68,0.338235294117,2,7,0.285714285714,24,30,0.8,7,13,20,11,2,0,23,20,72
77720,20,0,109,14,39,0.358974358974,0,0,0.0,11,16,0.6875,8,18,26,5,3,1,7,15,39
77794,48,0,209,42,102,0.411764705882,0,1,0.0,16,24,0.666666666666,18,47,65,11,4,9,16,49,100
77822,144,13,1167,218,532,0.40977443609,17,58,0.293103448275,55,64,0.859375,45,125,170,61,38,22,67,129,508
77846,22,0,92,20,46,0.434782608695,7,15,0.466666666666,6,8,0.75,9,22,31,1,2,3,15,15,53
77893,138,5,1530,201,485,0.41443298969,28,86,0.325581395348,44,65,0.676923076923,90,134,224,76,41,25,72,159,474
78021,42,0,412,37,86,0.430232558139,0,1,0.0,7,14,0.5,44,76,120,20,8,13,16,70,81
78194,183,40,3131,485,1122,0.432263814616,31,104,0.298076923076,217,267,0.812734082397,90,181,271,394,142,15,216,372,1218
78197,141,10,1328,294,620,0.474193548387,9,60,0.15,101,121,0.834710743801,74,138,212,142,21,5,109,119,698
78201,66,9,384,39,99,0.393939393939,0,1,0.0,21,52,0.403846153846,55,65,120,5,16,7,16,63,99
78273,13,0,155,24,73,0.328767123287,2,15,0.133333333333,10,14,0.714285714285,9,6,15,14,9,1,17,15,60
78329,14,0,58,6,14,0.428571428571,0,1,0.0,1,2,0.5,7,6,13,3,0,2,5,11,13
78555,260,7,2918,547,1070,0.511214953271,0,14,0.0,153,225,0.68,315,378,693,161,76,166,136,366,1247
101106,706,661,19863,2986,5585,0.534646374216,3,25,0.12,833,1495,0.557190635451,1754,4358,6112,1546,442,1091,1204,2186,6808
101107,1072,828,30158,3928,8872,0.442741208295,1046,2894,0.361437456807,2063,2554,0.807752545027,1276,4270,5546,1373,824,577,1021,2155,10965
101108,1370,1314,45834,8165,17408,0.469037224264,1870,5059,0.369638268432,4858,5581,0.870453323777,798,5208,6006,12552,2728,222,3109,3208,23058
101109,971,659,28829,4105,9959,0.412189978913,925,2813,0.328830430145,1718,2175,0.789885057471,552,2315,2867,5096,1144,207,2008,1870,10853
101110,580,266,13915,1696,4062,0.417528311176,790,2067,0.382196419932,874,1105,0.790950226244,352,1459,1811,588,299,160,536,1055,5056
101111,656,163,13576,2652,6097,0.434968017057,716,2101,0.340790099952,788,1021,0.77179236043,795,2224,3019,549,329,349,650,1453,6808
101112,890,445,19775,2931,6655,0.440420736288,1049,2706,0.387657058388,875,1064,0.822368421052,767,3235,4002,864,457,540,787,2255,7786
101113,225,18,2795,488,958,0.509394572025,1,2,0.5,371,472,0.786016949152,275,414,689,69,36,65,200,425,1348
101114,845,771,28864,4874,10964,0.444545786209,1178,3296,0.357402912621,2878,3502,0.821816105082,353,2266,2619,6819,867,206,2402,2132,13804
101115,418,319,10690,1917,3446,0.556297156123,1,9,0.111111111111,987,1431,0.689727463312,1007,2214,3221,490,133,657,644,1028,4822
101117,34,0,167,13,46,0.282608695652,3,12,0.25,10,16,0.625,6,10,16,13,6,0,7,11,39
101118,119,25,1868,324,708,0.457627118644,3,13,0.230769230769,170,228,0.745614035087,155,326,481,115,53,47,134,236,821
101119,249,39,5036,923,2144,0.430503731343,292,793,0.368221941992,341,460,0.741304347826,114,392,506,331,183,61,362,584,2479
101120,297,96,5714,617,1499,0.411607738492,155,510,0.303921568627,225,334,0.67365269461,157,524,681,295,139,72,227,598,1614
101121,377,84,6116,857,1776,0.482545045045,54,180,0.3,471,578,0.814878892733,272,786,1058,207,134,43,309,804,2239
101122,586,431,18488,3332,7672,0.434306569343,1006,2644,0.380484114977,2185,2577,0.847885137757,674,2214,2888,1097,561,481,1098,1628,9855
101123,658,118,13025,2312,5546,0.416877028489,962,2668,0.360569715142,826,1010,0.817821782178,318,1321,1639,596,335,199,721,1228,6412
101124,526,108,10624,1776,3627,0.489660876757,21,110,0.190909090909,1374,1892,0.72621564482,692,1425,2117,400,218,154,624,969,4947
101125,23,1,97,11,25,0.44,0,0,0.0,6,12,0.5,7,8,15,18,6,0,11,13,28
101126,618,107,13879,2458,5811,0.422990879366,811,2255,0.359645232815,1080,1357,0.795873249815,385,1061,1446,1826,543,42,876,1482,6807
101127,867,399,24140,3374,7673,0.439723706503,620,1809,0.342730790491,1981,2316,0.855354058721,277,2210,2487,3952,683,107,1723,1583,9349
101128,549,137,11854,1564,3659,0.427439191035,581,1627,0.357098955132,614,768,0.799479166666,278,1122,1400,747,441,388,545,1229,4323
101129,348,82,7795,1025,2426,0.422506183017,451,1162,0.388123924268,341,441,0.773242630385,110,735,845,747,254,43,437,510,2842
101130,473,139,7262,976,2114,0.461684011352,2,13,0.153846153846,248,366,0.677595628415,536,1300,1836,227,193,234,374,1158,2202
101131,618,188,11377,1398,2823,0.495217853347,0,5,0.0,685,1214,0.564250411861,1048,1528,2576,266,230,490,487,1197,3481
101132,409,65,8185,1268,2912,0.435439560439,387,1154,0.335355285961,638,836,0.763157894736,388,1082,1470,321,159,73,409,886,3561
101133,618,133,10351,1201,2254,0.532830523513,8,50,0.16,799,1305,0.612260536398,937,1768,2705,357,357,443,601,1635,3209
101134,51,2,507,67,143,0.468531468531,0,0,0.0,35,41,0.853658536585,43,56,99,11,15,1,27,83,169
101135,829,505,24289,4587,8566,0.535489143123,1,29,0.03448275862,2057,2666,0.771567891972,2150,5170,7320,1825,625,329,1454,2170,11232
101136,157,1,2671,446,1097,0.406563354603,167,456,0.366228070175,201,228,0.881578947368,22,192,214,164,55,10,158,240,1260
101137,127,8,1683,162,416,0.389423076923,36,122,0.295081967213,71,91,0.780219780219,32,126,158,174,69,10,107,148,431
101138,758,283,16411,2558,5125,0.499121951219,12,58,0.206896551724,1447,1740,0.831609195402,1139,2309,3448,608,295,479,718,1375,6575
101139,849,303,17283,2883,7016,0.410917901938,1250,3487,0.358474333237,1092,1350,0.808888888888,363,1648,2011,914,601,254,724,1792,8108
101141,825,424,18958,3123,7047,0.443167305236,883,2409,0.366542133665,1235,1590,0.776729559748,1397,3264,4661,908,560,293,791,1994,8364
101142,473,105,8019,856,1607,0.532669570628,0,7,0.0,497,782,0.635549872122,520,1237,1757,618,181,593,358,1116,2209
101143,179,21,2660,298,768,0.388020833333,164,465,0.352688172043,94,111,0.846846846846,39,204,243,432,76,9,99,200,854
101144,200,14,2473,390,928,0.420258620689,102,314,0.324840764331,172,229,0.751091703056,38,196,234,146,73,19,128,155,1054
101145,833,713,29010,5723,12688,0.451056116015,737,2349,0.313750532141,2675,3463,0.772451631533,520,2354,2874,3856,1409,281,2246,1950,14858
101146,85,0,986,137,354,0.387005649717,14,74,0.189189189189,53,71,0.746478873239,27,51,78,165,31,2,66,83,341
101147,17,0,143,23,38,0.605263157894,0,0,0.0,1,6,0.166666666666,19,17,36,2,2,7,2,25,47
101148,5,0,5,0,3,0.0,0,0,0.0,0,0,0.0,0,1,1,0,0,0,3,1,0
101149,6,0,9,0,1,0.0,0,0,0.0,0,0,0.0,1,3,4,0,2,0,0,1,0
101150,1123,122,27102,5047,12045,0.41901203819,1457,4146,0.351423058369,4042,4803,0.841557359983,431,2053,2484,3789,952,192,1896,1439,15593
101152,26,0,325,45,111,0.405405405405,12,37,0.324324324324,27,34,0.794117647058,10,29,39,20,10,1,14,14,129
101153,145,27,2347,263,560,0.469642857142,43,136,0.316176470588,101,124,0.814516129032,107,223,330,115,50,35,92,186,670
101154,564,191,12462,2327,4981,0.46717526601,52,219,0.237442922374,1000,1380,0.724637681159,1043,1981,3024,798,492,458,914,1382,5706
101155,487,371,13463,1891,4249,0.445045893151,334,956,0.349372384937,810,1014,0.798816568047,617,1622,2239,712,351,78,550,942,4926
101158,131,7,1553,127,328,0.387195121951,11,52,0.211538461538,61,95,0.642105263157,49,146,195,155,98,15,144,228,326
101160,87,18,1149,114,252,0.45238095238,0,4,0.0,106,154,0.688311688311,127,183,310,35,44,15,41,163,334
101161,870,485,18321,2558,4490,0.569710467706,107,322,0.332298136645,879,1307,0.672532517214,1723,2969,4692,1073,524,839,932,2578,6102
101162,806,587,20689,3401,6168,0.551394293125,3,20,0.15,1146,1686,0.679715302491,1759,4648,6407,915,383,885,958,1775,7951
101165,30,0,234,34,92,0.369565217391,8,25,0.32,5,10,0.5,9,20,29,16,6,4,11,13,81
101166,20,0,71,14,26,0.538461538461,1,2,0.5,9,13,0.692307692307,7,7,14,1,1,2,9,11,38
200745,550,377,15806,2932,6676,0.439185140802,627,1771,0.35403726708,1382,1677,0.824090638044,530,2011,2541,653,207,470,851,1338,7873
200746,1076,997,36242,8311,16872,0.492591275486,227,710,0.319718309859,3709,4563,0.812842428227,2776,5960,8736,2076,758,1187,1643,2598,20558
200747,161,28,3277,467,1252,0.373003194888,124,375,0.330666666666,142,200,0.71,82,260,342,222,40,12,172,273,1200
200748,402,129,7932,1147,2620,0.437786259541,8,34,0.235294117647,791,1080,0.732407407407,550,1388,1938,347,328,525,527,989,3093
200749,361,104,5586,590,1276,0.462382445141,2,9,0.222222222222,436,589,0.740237691001,529,1033,1562,163,179,164,304,733,1618
200750,326,300,11560,2224,4849,0.458651268302,322,925,0.348108108108,1366,1707,0.800234329232,347,1041,1388,1517,335,76,595,630,6136
200751,752,433,19279,2704,6750,0.400592592592,1104,3017,0.36592641697,1217,1429,0.851644506648,245,1441,1686,2112,528,220,1106,1584,7729
200752,1120,779,34560,6670,14771,0.451560490149,1186,3429,0.345873432487,3116,3898,0.79938429964,1447,4836,6283,2280,1231,798,2245,2524,17642
200753,90,3,523,79,160,0.49375,0,3,0.0,28,48,0.583333333333,32,95,127,25,18,40,42,126,186
200754,47,3,259,35,82,0.426829268292,0,0,0.0,33,56,0.589285714285,28,47,75,1,4,22,15,44,103
200755,940,488,23965,4009,8976,0.44663547237,1950,4704,0.414540816326,2060,2310,0.891774891774,172,1731,1903,1862,420,88,1040,1417,12028
200756,292,40,3379,347,693,0.500721500721,2,7,0.285714285714,184,316,0.582278481012,292,474,766,102,90,142,230,544,880
200757,869,475,19060,1916,4264,0.449343339587,513,1468,0.349455040871,649,887,0.731679819616,626,2626,3252,1196,935,366,755,1418,4994
200758,502,304,11538,1554,3169,0.49037551278,90,355,0.25352112676,742,1099,0.675159235668,451,976,1427,828,622,120,390,545,3940
200759,75,4,705,70,171,0.409356725146,0,0,0.0,23,59,0.389830508474,55,86,141,14,11,32,30,91,163
200760,299,48,4598,675,1599,0.422138836772,200,591,0.338409475465,228,324,0.703703703703,164,424,588,132,159,100,157,420,1778
200761,314,58,5367,650,1612,0.403225806451,275,812,0.338669950738,194,257,0.754863813229,247,698,945,220,127,156,197,656,1769
200762,111,5,1044,160,414,0.386473429951,45,155,0.290322580645,73,92,0.793478260869,88,178,266,20,21,22,59,119,438
200763,143,0,1536,222,571,0.388791593695,68,218,0.311926605504,76,86,0.883720930232,34,118,152,93,50,21,87,128,588
200764,221,12,3064,368,721,0.51040221914,11,64,0.171875,147,271,0.542435424354,278,491,769,132,164,104,134,421,894
200765,957,733,28570,3886,8516,0.456317519962,449,1384,0.324421965317,1116,1826,0.611171960569,910,3439,4349,7584,1518,125,2586,1997,9337
200766,203,10,3094,427,1107,0.385727190605,126,392,0.321428571428,148,193,0.766839378238,56,305,361,574,87,7,295,197,1128
200767,256,88,4481,567,1042,0.54414587332,0,0,0.0,206,463,0.444924406047,484,774,1258,125,99,178,169,466,1340
200768,1187,898,36800,5254,12425,0.422857142857,2209,6022,0.366821653935,3656,4484,0.815343443354,892,4078,4970,7110,1501,353,2632,3169,16373
200769,408,60,7329,1198,2854,0.419761737911,276,831,0.332129963898,446,553,0.80650994575,177,583,760,458,284,90,378,538,3118
200770,504,40,9840,1460,3452,0.42294322132,583,1559,0.373957665169,385,521,0.738963531669,161,797,958,1453,391,56,695,713,3888
200771,353,52,5279,676,1651,0.409448818897,202,600,0.336666666666,193,261,0.739463601532,121,404,525,1183,212,13,491,441,1747
200772,82,4,505,64,189,0.338624338624,11,44,0.25,30,53,0.566037735849,8,38,46,19,6,6,29,65,169
200776,189,31,2770,296,778,0.380462724935,38,127,0.299212598425,112,187,0.598930481283,91,245,336,327,110,22,203,256,742
200777,151,9,1821,209,455,0.45934065934,0,2,0.0,59,81,0.728395061728,190,328,518,65,32,56,74,255,477
200778,67,18,583,71,162,0.438271604938,17,50,0.34,23,34,0.676470588235,8,60,68,35,17,6,25,53,182
200779,467,6,5657,751,1717,0.437390797903,575,1337,0.430067314884,100,114,0.877192982456,68,523,591,132,91,38,81,371,2177
200780,281,12,3092,301,645,0.466666666666,1,9,0.111111111111,236,329,0.717325227963,257,397,654,99,58,154,161,554,839
200781,82,2,701,88,219,0.401826484018,0,1,0.0,41,56,0.732142857142,74,84,158,32,22,15,30,105,217
200782,886,667,24994,2131,5018,0.424671183738,880,2404,0.366056572379,721,961,0.750260145681,1304,3474,4778,1225,943,263,816,2152,5863
200783,403,49,6825,1221,2207,0.553239691889,1,27,0.037037037037,637,963,0.66147455867,543,1024,1567,322,183,91,413,957,3080
200784,91,7,865,103,233,0.442060085836,19,62,0.306451612903,63,92,0.684782608695,51,98,149,44,26,4,46,144,288
200785,7,0,37,3,10,0.3,0,0,0.0,4,6,0.666666666666,6,7,13,1,0,2,1,6,10
200786,68,0,791,65,177,0.367231638418,17,53,0.320754716981,37,43,0.860465116279,42,81,123,65,25,9,40,77,184
200788,27,0,156,19,37,0.513513513513,0,0,0.0,4,8,0.5,17,16,33,4,5,2,6,20,42
200789,397,77,9315,1065,2646,0.402494331065,578,1419,0.407329105003,407,522,0.77969348659,142,650,792,775,243,86,373,811,3115
200790,26,0,172,16,35,0.457142857142,8,19,0.421052631578,10,18,0.555555555555,3,16,19,7,3,2,9,14,50
200792,102,25,1301,152,294,0.517006802721,0,0,0.0,135,201,0.671641791044,82,193,275,30,38,45,89,217,439
200793,68,11,710,50,147,0.340136054421,13,52,0.25,27,42,0.642857142857,15,54,69,119,32,7,48,79,140
200794,1085,746,30497,5455,11158,0.488886897293,541,1588,0.340680100755,3085,4190,0.736276849642,2343,5330,7673,2378,1327,1045,1829,3248,14536
200796,239,19,3319,490,952,0.514705882352,0,5,0.0,504,739,0.682002706359,380,531,911,78,69,82,189,503,1484
200797,518,76,6134,687,1177,0.583687340696,0,1,0.0,539,830,0.649397590361,457,683,1140,151,94,271,384,1037,1913
200798,22,0,114,9,36,0.25,0,3,0.0,4,9,0.444444444444,13,18,31,1,4,12,4,15,22
200799,6,0,17,1,4,0.25,0,1,0.0,3,5,0.6,2,0,2,1,0,0,0,0,5
200801,73,8,547,79,148,0.533783783783,0,1,0.0,27,42,0.642857142857,36,48,84,14,18,5,26,51,185
200806,30,0,170,19,52,0.365384615384,6,16,0.375,7,11,0.636363636363,11,20,31,6,3,1,15,22,51
200807,14,0,165,9,30,0.3,1,5,0.2,6,6,1.0,6,9,15,17,5,0,12,9,25
201141,105,66,2027,317,552,0.574275362318,0,0,0.0,206,313,0.658146964856,256,400,656,51,40,130,138,374,840
201142,1201,1198,44075,11258,22375,0.503150837988,2377,6070,0.391598023064,7704,8738,0.881666285191,781,7473,8254,5280,1236,1344,3800,2279,32597
201143,1183,1091,36886,6200,12224,0.507198952879,1050,2794,0.375805297065,1627,2130,0.763849765258,2213,6950,9163,3745,896,1351,1611,2467,15077
201144,1226,1143,37586,5856,13419,0.436396154706,1986,5131,0.387059052816,3017,3652,0.826122672508,576,2971,3547,6782,1638,256,2214,2354,16715
201145,1247,660,33434,5228,11624,0.449759119064,1213,3600,0.336944444444,2811,3495,0.804291845493,1010,3897,4907,1792,761,593,1586,2514,14480
201146,272,163,6037,813,2012,0.404075546719,75,225,0.333333333333,447,573,0.780104712041,379,960,1339,192,136,184,302,618,2148
201147,819,310,18772,2684,6314,0.425087108013,503,1774,0.283540022547,1226,1720,0.712790697674,613,1674,2287,1250,1023,222,950,1768,7097
201148,428,62,6948,1271,2095,0.606682577565,0,12,0.0,434,644,0.673913043478,586,974,1560,199,198,425,202,574,2976
201149,672,512,18644,2248,4574,0.49147354613,0,16,0.0,1385,1979,0.699848408287,2141,3917,6058,1907,534,874,1133,1874,5881
201150,684,368,15541,2451,5363,0.457020324445,359,1026,0.349902534113,671,937,0.716115261472,991,2902,3893,1271,264,652,971,1709,5932
201151,188,8,2384,263,637,0.412872841444,27,115,0.234782608695,172,221,0.778280542986,33,162,195,309,83,4,145,193,725
201152,1172,726,33013,6143,12202,0.503442058678,522,1593,0.327683615819,1417,2143,0.66122258516,2296,4318,6614,2135,1612,458,1641,2486,14225
201153,231,40,3048,397,795,0.499371069182,16,61,0.262295081967,97,166,0.584337349397,184,347,531,182,132,69,164,182,907
201154,296,167,8274,1368,3029,0.451634202707,78,266,0.293233082706,713,954,0.747379454926,392,841,1233,353,185,152,424,771,3527
201155,651,302,17889,2904,6870,0.42270742358,276,921,0.2996742671,2101,2551,0.823598588788,419,1493,1912,2333,568,94,1181,1346,8185
201156,720,201,16419,2894,6920,0.418208092485,1039,2764,0.375904486251,1367,1636,0.835574572127,260,1167,1427,687,394,135,711,1316,8194
201157,137,29,1979,229,448,0.511160714285,0,1,0.0,123,197,0.624365482233,183,289,472,47,47,162,120,324,581
201158,860,219,19546,2949,6959,0.423767782727,1216,3230,0.376470588235,1256,1485,0.845791245791,187,1582,1769,1429,488,65,850,1222,8370
201159,113,10,1852,229,518,0.442084942084,12,52,0.230769230769,125,196,0.63775510204,84,192,276,201,59,8,137,148,595
201160,616,104,10028,1572,3360,0.467857142857,84,252,0.333333333333,549,701,0.783166904422,656,1419,2075,453,208,408,507,1337,3777
201161,328,49,5993,758,2056,0.368677042801,442,1232,0.358766233766,156,192,0.8125,75,628,703,243,120,48,177,478,2114
201162,904,286,20116,2408,5197,0.463344237059,883,2247,0.392968402314,934,1276,0.73197492163,805,2044,2849,1395,710,167,763,1636,6633
201163,676,483,20285,3270,7382,0.44296938499,874,2560,0.34140625,1049,1363,0.769625825385,766,2808,3574,1205,470,414,931,1807,8463
201164,249,10,5964,740,1853,0.399352401511,413,1147,0.360069747166,361,430,0.83953488372,128,480,608,554,249,40,286,369,2254
201165,38,1,360,43,113,0.380530973451,7,24,0.291666666666,26,35,0.742857142857,10,36,46,12,12,4,19,42,119
201166,645,183,13439,2261,5478,0.412741876597,820,2218,0.369702434625,917,1095,0.837442922374,254,825,1079,1925,359,87,1000,1217,6259
201167,762,537,20828,2983,6633,0.449721091512,852,2205,0.386394557823,1380,1673,0.824865511057,334,1842,2176,1386,341,141,852,1481,8198
201168,355,153,6812,1073,1932,0.555383022774,2,14,0.142857142857,668,958,0.697286012526,576,1203,1779,423,198,209,384,685,2816
201169,51,1,425,77,182,0.423076923076,10,34,0.294117647058,47,60,0.783333333333,29,20,49,16,5,2,19,22,211
201171,513,93,11523,2086,3898,0.535146228835,9,30,0.3,1360,1732,0.785219399538,994,1539,2533,355,216,203,603,1208,5541
201172,62,0,460,45,140,0.321428571428,17,60,0.283333333333,18,23,0.782608695652,10,41,51,52,20,3,24,44,125
201173,13,0,39,7,22,0.318181818181,0,0,0.0,0,0,0.0,4,8,12,3,1,1,0,4,14
201174,26,0,268,46,82,0.560975609756,0,2,0.0,15,22,0.681818181818,34,55,89,11,8,11,13,25,107
201175,514,121,10865,1614,3611,0.446967599003,10,55,0.181818181818,873,1247,0.700080192461,731,1505,2236,457,357,173,528,1238,4111
201176,52,2,432,68,160,0.425,0,0,0.0,26,45,0.577777777777,31,65,96,14,9,18,22,58,162
201177,433,179,8271,914,1972,0.463488843813,196,576,0.340277777777,309,438,0.705479452054,468,1218,1686,901,222,194,381,817,2333
201178,135,7,1106,125,252,0.496031746031,0,2,0.0,55,134,0.410447761194,97,172,269,40,19,53,66,224,305
201180,10,0,28,3,11,0.272727272727,0,6,0.0,0,0,0.0,0,0,0,2,1,1,3,10,6
201181,70,3,780,56,116,0.482758620689,0,0,0.0,23,38,0.605263157894,71,123,194,25,18,16,38,133,135
201182,2,0,36,3,11,0.272727272727,0,6,0.0,4,4,1.0,6,5,11,1,2,0,0,2,10
201186,16,4,303,32,71,0.450704225352,0,0,0.0,19,32,0.59375,26,27,53,3,13,22,15,35,83
201187,342,84,5349,388,927,0.418554476806,3,16,0.1875,160,243,0.658436213991,344,825,1169,422,154,184,242,501,939
201188,891,866,28720,4635,9638,0.480908902261,431,1197,0.360066833751,2813,3625,0.776,1411,5193,6604,2996,792,1254,1755,2551,12514
201189,318,87,3850,440,864,0.509259259259,0,3,0.0,186,331,0.561933534743,431,759,1190,207,94,87,265,678,1066
201191,1,0,0,0,0,0.0,0,0,0.0,0,0,0.0,0,0,0,0,0,0,0,0,0
201192,17,0,73,7,25,0.28,2,11,0.181818181818,11,12,0.916666666666,0,10,10,11,2,0,9,5,27
201193,18,0,58,9,32,0.28125,3,15,0.2,1,2,0.5,0,7,7,2,0,4,4,5,22
201196,691,146,16117,2406,5539,0.434374435818,208,658,0.316109422492,2121,2681,0.791122715404,339,1501,1840,2807,472,52,1173,942,7141
201199,33,0,270,29,92,0.315217391304,6,25,0.24,9,19,0.473684210526,9,19,28,30,12,6,11,36,73
201446,51,5,770,110,267,0.411985018726,13,40,0.325,56,81,0.691358024691,22,65,87,106,36,0,73,84,289
201563,609,238,13903,3088,6644,0.464780252859,291,835,0.348502994011,1101,1450,0.759310344827,664,2197,2861,788,345,314,1025,1294,7568
201564,547,325,16920,2808,6547,0.428898732243,854,2287,0.373414954088,1104,1346,0.820208023774,285,1421,1706,1607,559,141,1130,1239,7574
201565,723,518,22052,4921,10798,0.455732543063,590,1866,0.316184351554,2141,2575,0.831456310679,553,1771,2324,3770,536,242,1746,887,12573
201566,1301,1133,43023,9786,22329,0.438264140803,1495,4856,0.307866556836,6109,7928,0.770560040363,2054,6971,9025,10351,2038,418,5038,3304,27176
201567,989,698,28117,5153,11783,0.437324959687,1727,4684,0.368701964133,3636,4390,0.828246013667,2271,7441,9712,2239,591,377,1709,1895,15669
201568,777,563,22408,3537,8266,0.427897411081,1456,3825,0.380653594771,3077,3511,0.876388493306,521,3097,3618,1469,551,268,908,1355,11607
201569,931,665,28959,4833,11235,0.430173564753,2092,5616,0.372507122507,2409,2976,0.809475806451,339,1776,2115,2511,780,326,1679,1613,14167
201570,67,0,745,103,251,0.410358565737,16,47,0.340425531914,60,86,0.697674418604,46,74,120,44,16,30,52,116,282
201571,976,334,22852,2994,7270,0.411829436038,1262,3311,0.38115372999,2009,2317,0.867069486404,292,1513,1805,3761,567,32,1428,1350,9259
201572,1180,1105,35157,6912,13989,0.494102509114,1189,3372,0.352609727164,3138,3939,0.796648895658,2208,4802,7010,1711,678,2147,1812,3022,18151
201573,586,99,12484,1719,4180,0.411244019138,499,1382,0.361070911722,972,1188,0.818181818181,176,1059,1235,1674,370,73,825,1206,4909
201574,588,412,14819,2112,4255,0.496357226792,6,42,0.142857142857,980,1492,0.656836461126,1264,2616,3880,635,283,414,747,1751,5210
201575,481,163,10564,1220,2861,0.426424327158,522,1300,0.401538461538,288,408,0.705882352941,187,1226,1413,468,222,262,400,620,3250
201576,252,43,3840,677,1494,0.453145917001,20,83,0.240963855421,415,561,0.739750445632,335,743,1078,187,150,224,298,456,1789
201577,992,607,20935,3484,6488,0.53699136868,57,192,0.296875,1301,1751,0.743003997715,2147,2513,4660,819,219,1045,1063,1858,8326
201578,705,78,10639,2181,4750,0.459157894736,232,651,0.356374807987,998,1252,0.797124600638,947,1928,2875,461,189,356,614,1564,5592
201579,662,586,16389,2622,5641,0.464811203687,6,24,0.25,1361,1802,0.755271920088,1527,2646,4173,885,241,1146,1038,2067,6611
201580,909,343,14676,2955,5110,0.578277886497,15,78,0.192307692307,982,1627,0.603564843269,1624,2953,4577,386,345,1258,896,1923,6907
201581,534,307,11926,2049,4056,0.505177514792,0,21,0.0,983,1593,0.61707470182,1173,2466,3639,449,274,309,774,1033,5081
201582,293,76,3903,645,1283,0.502727981293,12,42,0.285714285714,251,315,0.796825396825,346,804,1150,143,102,181,249,661,1553
201583,649,289,16768,2755,6533,0.42170518904,1325,3491,0.379547407619,1166,1366,0.853587115666,1247,2166,3413,586,332,217,606,1263,8001
201584,811,518,21939,2961,6567,0.450890817724,876,2259,0.387782204515,967,1134,0.852733686067,364,1763,2127,1353,809,213,762,1339,7765
201585,686,228,11272,1750,3277,0.534025022886,0,4,0.0,413,710,0.581690140845,1198,2254,3452,359,291,506,479,1398,3913
201586,919,697,25127,4575,8916,0.513122476446,614,1709,0.35927442949,1264,1669,0.757339724385,1894,4619,6513,749,373,1759,1187,2480,11028
201587,1205,877,33930,4091,9382,0.436047751012,1842,4971,0.370549185274,1529,1839,0.831430125067,1116,4540,5656,3612,1075,720,1703,2049,11553
201588,915,484,24500,3377,7393,0.456783443798,1066,2808,0.379629629629,1725,2141,0.805698271835,533,2198,2731,2807,806,233,1091,1759,9545
201589,503,106,8944,1381,3110,0.444051446945,161,458,0.351528384279,359,469,0.765458422174,547,1221,1768,409,309,307,422,1234,3282
201590,253,82,4260,585,1441,0.405968077723,165,542,0.30442804428,206,294,0.700680272108,140,460,600,183,111,116,222,373,1541
201591,138,11,2110,348,687,0.50655021834,1,3,0.333333333333,113,157,0.719745222929,117,320,437,80,39,57,65,199,810
201592,38,1,246,30,63,0.47619047619,0,10,0.0,13,23,0.565217391304,18,36,54,13,10,2,18,30,73
201593,271,194,6745,1314,2537,0.517934568387,0,0,0.0,777,1023,0.759530791788,803,1004,1807,199,140,151,414,632,3405
201594,8,0,19,4,11,0.363636363636,0,2,0.0,0,2,0.0,0,3,3,0,0,2,0,3,8
201595,130,26,1489,142,266,0.533834586466,0,1,0.0,60,160,0.375,198,315,513,55,67,44,86,256,344
201596,646,400,17245,1936,4641,0.417151475975,755,2153,0.350673478866,1116,1407,0.793176972281,211,1374,1585,2412,950,103,1202,1756,5743
201599,1123,798,28066,3877,5757,0.673441028313,2,13,0.153846153846,1780,3745,0.475300400534,3217,7644,10861,1056,575,1577,1451,2700,9536
201600,471,262,9217,947,1795,0.527576601671,0,1,0.0,585,1062,0.550847457627,1036,2326,3362,280,167,339,542,928,2479
201601,689,453,16038,1685,3708,0.454422869471,207,619,0.334410339256,803,1218,0.659277504105,962,1838,2800,588,612,263,646,1242,4380
201602,73,19,1379,134,304,0.440789473684,42,119,0.35294117647,53,72,0.736111111111,34,124,158,119,55,33,80,97,363
201603,183,47,3334,514,1106,0.464737793851,34,120,0.283333333333,127,181,0.701657458563,88,314,402,257,84,28,198,268,1189
201604,222,61,4379,574,1309,0.438502673796,84,255,0.329411764705,339,408,0.830882352941,83,389,472,254,128,55,200,287,1571
201605,45,2,430,50,115,0.434782608695,0,1,0.0,26,38,0.684210526315,50,56,106,24,10,9,29,61,126
201606,37,2,302,31,85,0.364705882352,10,25,0.4,18,21,0.857142857142,10,25,35,29,11,0,23,45,90
201607,7,0,19,0,5,0.0,0,2,0.0,3,4,0.75,1,1,2,2,0,1,1,1,3
201609,946,530,25602,4605,10029,0.459168411606,1150,3181,0.361521534108,2208,2883,0.765868886576,643,2173,2816,4405,876,167,2064,2119,12568
201611,181,35,3015,386,865,0.446242774566,190,515,0.368932038834,117,154,0.75974025974,55,346,401,153,93,27,142,375,1079
201612,62,0,472,64,125,0.512,2,12,0.166666666666,19,37,0.513513513513,24,53,77,29,10,16,23,48,149
201616,138,4,1037,123,274,0.448905109489,4,17,0.235294117647,58,90,0.644444444444,90,113,203,26,24,11,50,159,308
201619,25,0,95,9,17,0.529411764705,0,0,0.0,5,11,0.454545454545,12,14,26,3,4,5,7,11,23
201621,2,0,22,3,10,0.3,1,4,0.25,2,2,1.0,1,3,4,1,1,0,0,2,9
201623,69,17,927,101,185,0.545945945945,0,0,0.0,60,101,0.59405940594,57,133,190,29,25,29,50,164,262
201933,765,692,24385,5419,10988,0.493174372042,538,1639,0.328248932275,3137,4508,0.695874001774,1487,4622,6109,3055,626,359,1732,2058,14513
201934,224,20,2357,182,321,0.566978193146,0,0,0.0,119,206,0.577669902912,203,392,595,27,59,184,123,453,483
201935,1221,1007,42448,8661,19733,0.438909441037,3390,9323,0.363616861525,8627,10002,0.862527494501,911,5898,6809,8873,1794,683,4505,2994,29339
201936,594,426,18242,3510,7978,0.439959889696,500,1548,0.32299741602,1827,2415,0.75652173913,500,2220,2720,2852,734,222,1489,1308,9347
201937,698,603,20694,2468,6364,0.387806411062,637,1969,0.323514474352,1997,2370,0.842616033755,428,2402,2830,5160,1226,94,1768,1738,7570
201938,163,90,3738,551,1379,0.399564902102,118,349,0.338108882521,284,351,0.809116809116,44,263,307,634,122,7,382,179,1504
201939,1069,1061,36305,9022,19155,0.470999738971,4248,10073,0.421721433535,4236,4645,0.911948331539,686,4287,4973,6743,1602,282,3308,2385,26528
201941,409,120,7691,1357,2733,0.496523966337,3,22,0.136363636363,515,737,0.698778833107,879,1510,2389,322,150,272,426,875,3232
201942,1264,1252,43633,9563,20320,0.47062007874,662,2194,0.301731996353,6923,8209,0.843342672676,870,4564,5434,5185,1250,416,2475,2808,26711
201943,555,429,16842,2750,7099,0.387378504014,914,2648,0.345166163141,1387,1743,0.795754446356,329,1330,1659,3151,679,98,1203,996,7801
201944,153,9,2921,437,1061,0.411875589066,58,183,0.31693989071,153,232,0.65948275862,67,478,545,364,83,19,222,199,1085
201945,535,333,13854,2249,5111,0.440031305028,249,762,0.326771653543,1240,1564,0.79283887468,314,1402,1716,1009,358,183,639,930,5987
201946,428,50,7231,947,2156,0.439239332096,3,22,0.136363636363,984,1333,0.738184546136,745,1063,1808,181,207,91,319,869,2881
201947,261,54,3631,453,1125,0.402666666666,82,250,0.328,150,226,0.663716814159,195,583,778,134,83,136,175,323,1138
201948,293,29,4132,567,1410,0.402127659574,188,535,0.351401869158,200,257,0.778210116731,143,621,764,212,116,117,204,480,1522
201949,786,243,15561,2311,4881,0.473468551526,381,1271,0.299763965381,827,1220,0.677868852459,605,2111,2716,1610,581,655,1048,1749,5830
201950,1090,1007,35718,6754,14637,0.461433353829,1711,4621,0.370266176152,2068,2618,0.789915966386,1069,3516,4585,6762,1527,541,2819,2274,17287
201951,551,345,16087,2496,5424,0.46017699115,473,1319,0.35860500379,1512,1964,0.769857433808,351,1155,1506,3316,636,52,1159,898,6977
201952,826,600,22163,3548,7984,0.444388777555,708,1967,0.35993899339,2257,2673,0.844369622147,274,1715,1989,4585,936,277,1803,1542,10061
201953,267,2,3895,440,1122,0.392156862745,111,317,0.350157728706,150,208,0.721153846153,67,281,348,760,111,20,281,296,1141
201954,711,517,20833,3272,6944,0.471198156682,635,1613,0.393676379417,1682,1973,0.852508869741,332,1557,1889,3545,821,106,1383,1212,8861
201956,588,145,11961,1718,3781,0.454377148902,493,1339,0.368185212845,713,1052,0.677756653992,473,1882,2355,662,362,134,595,917,4642
201957,189,66,3446,557,1366,0.407759882869,111,348,0.318965517241,173,245,0.706122448979,200,590,790,153,74,98,187,335,1398
201958,182,54,2895,502,1143,0.439195100612,129,397,0.324937027707,153,189,0.809523809523,47,291,338,374,124,52,204,312,1286
201959,1012,462,23167,3490,6754,0.516730826177,58,213,0.272300469483,1393,1955,0.712531969309,2144,3610,5754,952,532,965,1046,2439,8431
201960,578,339,13674,1806,4204,0.429590865842,658,1839,0.357803153887,880,1188,0.74074074074,655,1799,2454,726,524,151,498,1127,5150
201961,770,206,16100,2233,5441,0.41040249954,1214,3175,0.382362204724,510,605,0.842975206611,238,1405,1643,852,412,66,508,884,6190
201962,394,65,7509,1093,2705,0.404066543438,444,1256,0.353503184713,379,460,0.823913043478,213,662,875,889,349,30,410,775,3009
201963,51,18,1049,136,331,0.41087613293,26,94,0.27659574468,22,36,0.611111111111,31,106,137,40,37,33,50,85,320
201964,80,16,1071,100,251,0.398406374501,34,116,0.293103448275,24,41,0.585365853658,43,135,178,56,30,16,58,103,258
201965,237,15,2322,287,519,0.552986512524,2,5,0.4,114,147,0.775510204081,196,436,632,99,37,66,132,360,690
201966,65,12,784,139,315,0.441269841269,19,67,0.283582089552,54,74,0.729729729729,47,61,108,48,24,8,65,54,351
201967,715,195,14875,1772,3777,0.46915541435,216,626,0.345047923322,373,575,0.648695652173,804,1872,2676,506,459,336,352,1227,4133
201969,83,7,819,103,268,0.384328358208,29,79,0.367088607594,43,67,0.641791044776,24,58,82,29,18,8,37,104,278
201970,249,52,3965,560,1266,0.442338072669,49,175,0.28,267,360,0.741666666666,163,410,573,180,134,57,204,311,1436
201971,424,179,7054,1242,2371,0.52382960776,0,9,0.0,381,627,0.607655502392,810,1343,2153,349,316,127,471,1003,2865
201972,150,10,1569,118,242,0.487603305785,0,1,0.0,84,136,0.617647058823,212,260,472,49,33,9,57,267,320
201973,635,119,11323,1465,3203,0.457383702778,400,1101,0.363306085376,589,765,0.769934640522,763,1759,2522,525,321,153,438,1225,3919
201974,171,18,2554,354,687,0.515283842794,13,41,0.317073170731,174,273,0.637362637362,167,246,413,119,89,32,109,208,895
201975,539,204,12110,1665,3969,0.419501133786,775,2078,0.372954764196,883,1004,0.879482071713,148,972,1120,583,413,36,410,632,4988
201976,666,518,17688,1929,4671,0.412973667308,973,2623,0.3709492947,689,906,0.760485651214,685,2044,2729,2245,708,343,792,1947,5520
201977,483,135,11297,2124,5003,0.424545272836,735,2051,0.358361774744,767,924,0.830086580086,407,941,1348,676,405,61,491,739,5750
201978,407,50,7998,1188,2766,0.429501084598,413,1172,0.352389078498,409,513,0.797270955165,238,1002,1240,473,213,65,310,485,3198
201979,129,7,2010,246,558,0.440860215053,30,104,0.288461538461,68,117,0.581196581196,42,201,243,353,129,13,162,217,590
201980,832,709,20898,2546,6047,0.421035224078,1577,3946,0.399645210339,535,665,0.804511278195,501,2326,2827,1277,853,634,825,1454,7204
201981,8,0,32,4,10,0.4,0,2,0.0,2,4,0.5,0,2,2,1,0,2,1,4,10
201985,261,25,3929,549,1444,0.380193905817,218,690,0.315942028985,207,279,0.74193548387,68,309,377,567,125,9,229,237,1523
201986,119,9,1414,169,394,0.428934010152,49,135,0.362962962962,66,79,0.835443037974,37,174,211,203,63,12,116,135,453
201988,921,112,18315,2855,6742,0.423464847226,1546,4012,0.385343968095,748,873,0.856815578465,268,1223,1491,2010,581,80,861,1164,8004
201991,57,0,594,95,253,0.375494071146,28,101,0.277227722772,50,62,0.806451612903,16,61,77,71,32,8,56,52,268
202322,647,604,22586,4373,10171,0.429947891062,651,2021,0.322117763483,2691,3468,0.775951557093,361,2343,2704,5735,1045,439,2412,1394,12088
202323,705,295,18938,2748,6331,0.434054651713,270,917,0.294438386041,1058,1353,0.781966001478,388,2890,3278,2462,532,184,1267,1380,6824
202324,790,503,19201,3420,6407,0.533791165912,38,192,0.197916666666,1476,2225,0.663370786516,1933,3675,5608,851,577,939,995,1976,8354
202325,609,334,13471,1629,4028,0.404419066534,614,1823,0.33680746023,363,490,0.74081632653,337,1587,1924,645,468,402,525,1168,4235
202326,654,561,19509,4562,9924,0.459693671906,426,1288,0.330745341614,3252,4411,0.737247789616,1692,4972,6664,1979,874,742,2149,2421,12802
202327,384,56,5693,519,1145,0.45327510917,0,4,0.0,315,439,0.717539863325,456,644,1100,260,177,429,222,714,1353
202328,646,417,17670,3371,6556,0.51418547895,1,17,0.058823529411,1659,2361,0.702668360864,1799,3494,5293,1376,680,373,1198,1435,8402
202329,711,445,17698,1948,4641,0.419737125619,543,1634,0.332313341493,911,1221,0.746109746109,982,3298,4280,879,678,397,863,1302,5350
202330,835,649,25653,4425,9725,0.45501285347,1111,3002,0.370086608927,2726,3317,0.821826952065,629,3069,3698,2940,808,321,1597,1420,12687
202331,945,897,31650,6625,15066,0.439731846541,2449,6382,0.38373550611,3639,4271,0.852025286818,770,5110,5880,3502,1601,417,2487,2502,19338
202332,339,23,3388,435,825,0.527272727272,0,0,0.0,180,244,0.737704918032,334,797,1131,183,137,233,199,509,1050
202333,185,23,2905,368,907,0.405733186328,41,126,0.325396825396,273,430,0.63488372093,81,270,351,120,100,23,139,264,1050
202334,722,106,13756,1773,3128,0.566815856777,0,4,0.0,745,1277,0.583398590446,1590,3026,4616,539,349,566,532,1749,4291
202335,719,104,14920,1871,4185,0.44707287933,630,1709,0.368636629607,410,543,0.755064456721,822,1977,2799,736,368,296,450,1116,4782
202336,238,113,4634,669,1395,0.479569892473,0,5,0.0,182,329,0.553191489361,475,870,1345,174,152,429,224,666,1520
202337,381,107,5332,650,1593,0.408035153797,394,979,0.402451481103,124,166,0.746987951807,111,735,846,224,89,58,165,520,1818
202338,423,34,6430,1134,2318,0.489214840379,0,7,0.0,248,347,0.71469740634,502,960,1462,246,88,304,449,903,2516
202339,756,568,21020,3689,8169,0.451585261353,854,2545,0.335559921414,2116,2698,0.7842846553,570,2367,2937,3545,1028,344,1888,1493,10348
202340,660,544,18151,2914,6716,0.433889219773,859,2353,0.365065873353,592,756,0.783068783068,397,1466,1863,1105,655,128,868,1427,7279
202341,247,83,4320,525,1276,0.411442006269,196,611,0.320785597381,176,233,0.755364806866,108,452,560,291,121,55,216,292,1422
202342,17,1,120,13,49,0.265306122448,3,14,0.214285714285,1,2,0.5,7,12,19,9,1,1,4,9,30
202343,109,2,1470,193,458,0.421397379912,54,174,0.310344827586,97,145,0.668965517241,38,123,161,94,45,6,78,158,537
202344,532,162,10873,1548,3003,0.515484515484,75,246,0.30487804878,508,799,0.635794743429,1029,1903,2932,565,355,277,540,1063,3679
202345,39,17,624,61,147,0.414965986394,0,6,0.0,28,42,0.666666666666,25,106,131,26,23,20,38,56,150
202346,80,4,741,83,227,0.365638766519,2,21,0.095238095238,78,107,0.728971962616,33,81,114,144,29,10,76,64,246
202347,355,48,5530,571,1351,0.422649888971,211,593,0.35581787521,256,343,0.746355685131,200,440,640,263,122,49,178,464,1609
202348,281,99,6843,1286,3130,0.410862619808,330,1041,0.317002881844,530,642,0.825545171339,153,550,703,883,196,23,529,437,3432
202349,401,157,9518,1378,3297,0.417955717318,412,1180,0.349152542372,423,518,0.816602316602,125,896,1021,1935,236,34,753,767,3591
202350,51,6,541,50,103,0.485436893203,0,1,0.0,43,72,0.597222222222,48,78,126,24,18,28,29,81,143
202351,72,0,591,70,202,0.346534653465,21,78,0.26923076923,46,60,0.766666666666,25,65,90,35,17,8,28,65,207
202353,12,0,81,11,25,0.44,0,2,0.0,2,2,1.0,6,9,15,2,1,2,8,19,24
202354,50,6,346,49,109,0.449541284403,0,0,0.0,18,33,0.545454545454,38,51,89,9,8,8,22,83,116
202355,511,332,12646,2687,4583,0.586297185249,8,26,0.307692307692,1068,1765,0.605099150141,1608,3915,5523,326,271,1143,756,1341,6450
202356,47,0,401,66,144,0.458333333333,6,15,0.4,19,28,0.678571428571,12,37,49,56,10,1,44,40,157
202357,449,162,9172,1279,2746,0.465768390386,498,1296,0.384259259259,356,469,0.759061833688,486,1565,2051,825,288,184,459,1058,3412
202360,5,0,24,3,7,0.428571428571,1,4,0.25,1,2,0.5,0,1,1,3,1,0,7,0,8
202361,255,176,6010,684,1446,0.473029045643,120,361,0.332409972299,243,365,0.665753424657,248,844,1092,419,212,45,270,310,1731
202362,554,200,12680,1885,4240,0.444575471698,373,1189,0.313708999158,595,857,0.694282380396,344,1907,2251,1621,357,76,908,1086,4738
202363,37,0,397,39,67,0.582089552238,0,0,0.0,29,56,0.517857142857,21,51,72,16,11,31,16,72,107
202365,63,15,710,82,213,0.384976525821,8,36,0.222222222222,52,72,0.722222222222,51,71,122,24,18,12,35,56,224
202366,65,0,490,67,127,0.527559055118,0,0,0.0,46,54,0.851851851851,66,66,132,17,9,21,24,73,180
202371,1,0,1,0,0,0.0,0,0,0.0,0,0,0.0,0,0,0,0,0,0,0,1,0
202374,26,0,181,16,51,0.313725490196,0,0,0.0,7,10,0.7,22,39,61,5,4,11,8,16,39
202376,70,1,871,102,271,0.376383763837,21,87,0.241379310344,28,38,0.736842105263,60,136,196,36,21,20,20,97,253
202377,3,0,20,2,6,0.333333333333,0,1,0.0,3,3,1.0,2,1,3,2,1,0,3,1,7
202378,19,0,133,13,35,0.371428571428,5,15,0.333333333333,6,8,0.75,1,11,12,27,6,0,8,16,37
202379,250,9,2626,364,640,0.56875,6,26,0.230769230769,145,211,0.687203791469,239,402,641,107,90,121,85,291,879
202380,33,0,157,7,15,0.466666666666,0,0,0.0,6,13,0.461538461538,7,18,25,3,2,9,6,33,20
202382,41,0,215,32,66,0.484848484848,0,0,0.0,17,23,0.739130434782,19,24,43,7,4,10,19,47,81
202681,779,779,26878,6787,14313,0.474184307971,1876,4763,0.393869410035,2983,3360,0.887797619047,638,2535,3173,4365,1022,337,1942,1770,18433
202682,428,112,8863,1329,3064,0.433746736292,251,838,0.299522673031,900,1267,0.710339384372,351,1342,1693,293,199,108,399,532,3809
202683,748,259,16100,3426,6254,0.547809401982,46,159,0.2893081761,1451,1868,0.776766595289,2223,3599,5822,638,296,363,1076,1606,8349
202684,819,478,20432,2758,5308,0.519593067068,10,42,0.238095238095,1296,2189,0.592051164915,2509,3919,6428,800,378,526,868,1750,6822
202685,1002,854,24429,5123,9129,0.561178661408,246,724,0.339779005524,2354,2969,0.792859548669,2659,6393,9052,1379,393,905,1604,2759,12846
202686,162,25,2455,263,505,0.520792079207,0,2,0.0,64,157,0.407643312101,225,337,562,96,107,84,123,384,590
202687,892,378,17053,1729,3220,0.536956521739,0,3,0.0,960,1740,0.551724137931,1654,3481,5135,587,237,1102,801,1901,4418
202688,451,349,13203,2260,5499,0.410983815239,715,2029,0.352390340068,1066,1321,0.806964420893,236,1149,1385,1777,386,75,1090,889,6301
202689,750,697,24809,4999,11954,0.418186381127,1670,4642,0.359758724687,2818,3354,0.840190816935,418,2413,2831,3938,923,282,1574,1111,14486
202690,241,7,3211,524,1282,0.408736349453,193,519,0.371868978805,197,224,0.879464285714,53,190,243,331,94,11,223,222,1438
202691,934,822,29303,6441,14385,0.447758081334,2899,7089,0.408943433488,1565,1825,0.857534246575,424,2760,3184,2084,759,465,1487,1775,17346
202692,791,158,17575,2756,6641,0.414997741304,975,2525,0.386138613861,1859,2309,0.805110437418,428,2214,2642,1521,532,159,903,1394,8346
202693,791,381,18461,3109,7015,0.443193157519,659,1931,0.34127395132,1199,1540,0.778571428571,890,2957,3847,1221,594,380,1121,2041,8076
202694,832,509,22093,3648,8393,0.434647920886,1300,3447,0.37713954163,1369,1768,0.774321266968,701,2989,3690,1235,545,238,942,1758,9965
202695,798,769,25367,5987,11994,0.499166249791,1359,3472,0.391417050691,3213,3722,0.863245566899,943,4132,5075,2470,1377,498,1345,1303,16546
202696,1036,957,32320,7524,15132,0.497224425059,998,2848,0.350421348314,1638,2119,0.773006134969,2559,8148,10707,3025,860,885,1755,2484,17684
202697,461,246,11470,1225,3130,0.391373801916,489,1450,0.33724137931,381,499,0.763527054108,324,1210,1534,845,514,120,530,1058,3320
202698,148,62,2604,233,620,0.375806451612,58,182,0.318681318681,88,139,0.633093525179,112,360,472,92,117,57,100,325,612
202699,1033,913,32473,6285,13152,0.477874087591,1391,3796,0.366438356164,2479,2959,0.837783034809,1025,5267,6292,2450,827,565,1407,2033,16440
202700,251,101,4564,731,1558,0.46919127086,121,404,0.299504950495,249,417,0.597122302158,298,654,952,269,118,82,287,538,1832
202701,84,4,828,109,294,0.370748299319,19,73,0.260273972602,40,56,0.714285714285,24,59,83,97,25,4,71,81,277
202702,478,385,11728,2190,4009,0.546270890496,10,45,0.222222222222,1040,1590,0.654088050314,1465,2419,3884,470,351,392,626,1180,5430
202703,319,95,7718,1303,3084,0.422503242542,614,1712,0.358644859813,690,854,0.807962529274,301,1593,1894,407,240,228,381,666,3910
202704,884,530,21858,4063,9603,0.42309694887,1171,3395,0.344918998527,1548,1813,0.853833425261,433,2030,2463,3606,593,110,1563,1677,10845
202705,200,50,3456,613,1371,0.44711889132,109,316,0.34493670886,257,342,0.751461988304,132,292,424,282,120,42,248,269,1592
202706,151,21,2100,342,839,0.407628128724,137,384,0.356770833333,69,103,0.669902912621,89,340,429,127,73,34,102,144,890
202707,36,0,298,54,121,0.446280991735,0,0,0.0,6,9,0.666666666666,20,38,58,6,5,14,14,25,114
202708,360,60,8019,1005,2469,0.407047387606,207,639,0.323943661971,289,389,0.742930591259,79,623,702,981,280,34,517,679,2506
202709,866,191,18296,2228,5061,0.440229203714,525,1501,0.349766822118,847,1078,0.785714285714,413,1681,2094,2517,626,183,850,1355,5828
202710,907,802,29970,5387,11371,0.473749010641,716,2169,0.330106039649,5168,6120,0.844444444444,1529,3329,4858,3957,1455,387,1459,1242,16658
202711,719,572,20889,3872,8424,0.459639126305,1511,3831,0.394413991125,1929,2245,0.859242761692,381,2178,2559,1194,398,55,1205,1185,11184
202712,22,0,150,18,53,0.339622641509,8,29,0.275862068965,1,3,0.333333333333,5,13,18,4,3,3,12,10,45
202713,356,172,7795,843,2015,0.418362282878,299,826,0.361985472154,341,434,0.785714285714,317,709,1026,272,203,110,278,734,2326
202714,456,56,8393,1165,2752,0.423328488372,302,916,0.329694323144,365,499,0.731462925851,118,776,894,1421,300,24,560,568,2997
202715,24,0,119,11,35,0.314285714285,1,5,0.2,5,7,0.714285714285,6,18,24,9,4,4,7,5,28
202716,43,5,634,77,152,0.506578947368,0,0,0.0,43,66,0.651515151515,66,90,156,11,21,15,23,61,197
202717,24,0,119,24,61,0.39344262295,4,13,0.307692307692,5,7,0.714285714285,4,20,24,3,3,3,6,10,57
202718,440,369,13247,2129,4611,0.461721969204,687,1844,0.372559652928,626,878,0.712984054669,356,1616,1972,1201,412,152,657,865,5571
202719,104,23,1034,157,349,0.449856733524,0,1,0.0,59,106,0.556603773584,98,171,269,25,23,42,68,164,373
202720,377,80,5944,979,2023,0.48393475037,125,381,0.328083989501,312,407,0.766584766584,357,1069,1426,301,137,102,259,583,2395
202721,132,17,1464,166,432,0.384259259259,47,146,0.321917808219,51,81,0.629629629629,40,86,126,189,45,2,112,127,430
202722,475,41,8544,1186,2810,0.422064056939,885,2234,0.396150402864,404,468,0.863247863247,147,1012,1159,448,205,167,250,770,3661
202723,36,12,533,52,136,0.382352941176,10,34,0.294117647058,26,37,0.702702702702,24,41,65,51,20,10,27,52,140
202724,110,29,1333,179,412,0.434466019417,4,22,0.181818181818,46,61,0.754098360655,16,84,100,214,48,8,81,107,408
202725,75,4,887,105,240,0.4375,33,95,0.347368421052,22,35,0.628571428571,80,147,227,26,30,36,33,96,265
202726,49,0,474,77,196,0.392857142857,29,84,0.345238095238,14,16,0.875,7,27,34,24,10,2,28,36,197
202727,10,0,45,5,14,0.357142857142,0,0,0.0,4,9,0.444444444444,6,3,9,5,2,2,2,4,14
202729,38,0,295,31,94,0.329787234042,3,21,0.142857142857,18,25,0.72,2,18,20,34,9,0,36,24,83
202730,388,87,6904,828,1758,0.470989761092,2,15,0.133333333333,189,277,0.682310469314,715,1128,1843,384,120,214,257,706,1847
202731,23,0,135,19,35,0.542857142857,0,0,0.0,8,14,0.571428571428,14,20,34,5,4,4,3,9,46
202732,177,24,1906,129,321,0.401869158878,43,122,0.352459016393,45,82,0.548780487804,47,205,252,122,108,31,86,201,346
202734,598,191,12563,1927,4236,0.454910292728,556,1432,0.388268156424,333,449,0.741648106904,282,926,1208,1055,395,131,534,946,4743
202738,556,362,15582,3170,7300,0.434246575342,1044,2880,0.3625,2339,2682,0.872110365398,283,1037,1320,2641,472,61,1242,1146,9723
203076,807,800,27740,7269,13923,0.522085757379,385,1306,0.294793261868,4462,5627,0.792962502221,2148,6488,8636,2065,1055,1848,1614,1882,19385
203077,446,356,10978,1462,3085,0.473905996758,28,103,0.271844660194,798,1116,0.71505376344,703,1717,2420,515,296,304,400,956,3750
203078,807,758,27680,6364,13712,0.464119019836,1724,4588,0.375762859633,2854,3475,0.821294964028,691,2560,3251,3442,885,339,1947,1819,17306
203079,419,211,11835,2106,5110,0.412133072407,575,1660,0.346385542168,718,1034,0.694390715667,166,942,1108,1163,391,113,761,813,5505
203080,313,12,4203,640,1361,0.470242468772,0,6,0.0,248,491,0.505091649694,542,965,1507,190,161,111,319,546,1528
203081,900,900,32610,7266,16568,0.438556253017,2804,7556,0.371095817893,5262,5853,0.89902614044,534,3311,3845,6069,874,267,2541,1708,22598
203082,733,187,17957,2940,7032,0.418088737201,1329,3673,0.361829567111,838,1001,0.837162837162,256,1805,2061,936,587,231,700,1230,8047
203083,967,688,25448,4899,9090,0.538943894389,50,230,0.217391304347,1848,3780,0.488888888888,3965,7548,11513,1187,1171,1197,1683,2724,11696
203084,1070,984,33022,5130,11161,0.459636233312,1578,4100,0.38487804878,2734,3373,0.810554402608,1076,3879,4955,1887,722,190,1185,1547,14572
203085,707,184,16856,2214,5289,0.418604651162,789,2260,0.349115044247,779,1193,0.652975691533,222,1220,1442,1513,494,112,732,1479,5996
203086,456,95,7271,972,2016,0.482142857142,334,856,0.390186915887,267,329,0.811550151975,333,1438,1771,396,85,127,315,981,2545
203087,573,136,11896,2127,4841,0.439372030572,601,1755,0.34245014245,950,1109,0.856627592425,303,1770,2073,904,417,218,466,924,5805
203088,160,57,3083,315,789,0.399239543726,128,346,0.369942196531,44,72,0.611111111111,23,230,253,779,107,10,285,180,802
203089,445,160,8752,1438,2661,0.540398346486,20,80,0.25,487,857,0.568261376896,802,1566,2368,496,211,642,496,998,3383
203090,621,372,14018,1686,3554,0.474395047833,378,1182,0.319796954314,509,816,0.623774509803,658,1540,2198,572,583,399,521,1265,4259
203091,3,0,8,0,1,0.0,0,0,0.0,0,0,0.0,0,0,0,0,0,0,0,2,0
203092,414,166,7253,1161,2284,0.508318739054,10,35,0.285714285714,541,708,0.764124293785,637,1183,1820,367,104,241,348,897,2873
203093,234,118,5563,985,1968,0.500508130081,93,313,0.297124600638,368,593,0.620573355817,395,939,1334,238,146,270,219,392,2431
203094,285,36,4079,708,1517,0.466710613052,87,271,0.321033210332,197,255,0.772549019607,188,669,857,126,74,95,212,458,1700
203095,704,504,19514,3447,7823,0.44062380161,1359,3631,0.374277058661,1354,1694,0.799291617473,277,1601,1878,1760,615,108,1083,1648,9607
203096,269,172,6531,1172,2685,0.436499068901,141,518,0.2722007722,408,564,0.723404255319,684,1322,2006,477,180,161,332,784,2893
203097,6,0,36,3,6,0.5,0,0,0.0,1,4,0.25,0,3,3,0,2,2,1,7,7
203098,171,8,2182,311,705,0.441134751773,117,319,0.366771159874,116,137,0.846715328467,36,214,250,138,31,14,95,95,855
203099,84,3,605,60,173,0.346820809248,19,62,0.306451612903,58,86,0.674418604651,6,50,56,39,21,2,32,72,197
203100,145,34,3075,575,1393,0.412778176597,84,363,0.231404958677,370,572,0.646853146853,106,257,363,437,137,28,375,268,1604
203101,346,168,5658,748,1381,0.541636495293,0,0,0.0,201,370,0.543243243243,547,1015,1562,178,153,256,308,540,1697
203102,59,2,728,94,172,0.546511627906,0,0,0.0,22,33,0.666666666666,87,93,180,12,25,14,26,65,210
203103,143,21,1675,195,464,0.420258620689,36,123,0.292682926829,62,94,0.659574468085,46,206,252,54,36,33,60,135,488
203104,91,3,908,85,248,0.342741935483,10,45,0.222222222222,37,56,0.660714285714,5,85,90,134,23,12,77,98,217
203105,170,61,2393,275,536,0.513059701492,0,0,0.0,162,291,0.556701030927,292,433,725,63,48,166,133,328,712
203106,132,50,2567,299,731,0.40902872777,82,257,0.319066147859,127,191,0.664921465968,80,183,263,107,72,21,92,234,807
203107,388,182,8616,997,2132,0.467636022514,237,670,0.353731343283,445,543,0.819521178637,312,805,1117,1586,309,60,513,658,2676
203108,92,13,760,76,153,0.496732026143,0,3,0.0,51,75,0.68,85,127,212,13,17,61,34,105,203
203109,812,436,20159,2590,6194,0.418146593477,1232,3546,0.347433728144,1103,1420,0.77676056338,558,2833,3391,1281,789,269,674,1633,7515
203110,949,794,27150,3036,6790,0.447128129602,843,2628,0.320776255707,1320,1859,0.710059171597,1019,5443,6462,5324,1244,930,2208,2733,8235
203111,103,1,1112,117,327,0.357798165137,47,151,0.311258278145,48,66,0.727272727272,33,147,180,69,20,14,48,86,329
203112,337,60,5392,583,1314,0.443683409436,183,523,0.349904397705,293,386,0.759067357512,309,870,1179,217,140,135,219,665,1642
203113,69,16,934,107,306,0.349673202614,33,113,0.29203539823,48,68,0.705882352941,41,128,169,37,30,37,54,82,295
203114,839,721,25263,4915,10727,0.45818961499,1476,3830,0.385378590078,2235,2545,0.878192534381,533,3398,3931,3242,944,160,1724,2094,13541
203115,679,286,17115,2824,6561,0.430422191739,893,2516,0.354928457869,1084,1377,0.78721859114,471,2321,2792,1817,504,272,948,1050,7625
203116,61,3,490,63,178,0.353932584269,9,25,0.36,39,57,0.684210526315,5,28,33,57,25,1,56,54,174
203117,100,0,1272,123,323,0.38080495356,50,127,0.393700787401,49,70,0.7,16,79,95,75,24,1,53,106,345
203118,555,34,9182,1434,3168,0.452651515151,494,1365,0.361904761904,374,494,0.757085020242,378,1349,1727,499,183,74,357,822,3736
203119,41,0,406,42,112,0.375,14,50,0.28,21,29,0.724137931034,8,29,37,26,16,3,19,46,119
203120,113,21,1961,268,577,0.464471403812,68,220,0.30909090909,83,104,0.798076923076,132,271,403,91,61,73,73,169,687
203121,271,28,5358,545,1300,0.41923076923,344,898,0.383073496659,163,194,0.840206185567,51,396,447,367,123,66,171,523,1597
203122,17,0,52,7,28,0.25,1,5,0.2,0,0,0.0,0,4,4,2,1,0,3,4,15
203123,69,7,1089,93,263,0.3536121673,41,138,0.297101449275,22,32,0.6875,47,111,158,101,42,18,76,95,249
203124,472,65,6713,1085,2099,0.516912815626,31,142,0.218309859154,367,496,0.739919354838,628,1538,2166,643,189,453,458,960,2568
203126,10,0,53,2,14,0.142857142857,0,3,0.0,5,8,0.625,1,6,7,1,3,0,2,3,9
203128,41,9,540,40,78,0.51282051282,0,5,0.0,13,27,0.481481481481,78,98,176,28,17,16,17,96,93
203129,45,0,247,23,51,0.450980392156,1,8,0.125,12,24,0.5,13,26,39,17,6,2,23,29,59
203133,98,9,1396,146,349,0.418338108882,48,140,0.342857142857,39,45,0.866666666666,66,200,266,50,32,11,28,143,379
203135,189,35,2745,318,729,0.436213991769,0,1,0.0,151,225,0.671111111111,212,381,593,126,56,110,102,336,787
203136,37,0,164,13,25,0.52,0,0,0.0,9,15,0.6,17,21,38,8,5,5,15,30,35
203318,16,1,151,14,52,0.26923076923,6,24,0.25,9,13,0.692307692307,6,18,24,9,6,1,11,18,43
203457,467,223,10280,1375,2518,0.546068308181,3,15,0.2,585,893,0.65509518477,898,1936,2834,501,588,683,593,1192,3338
203458,690,244,11755,1780,3491,0.509882555141,112,348,0.321839080459,936,1380,0.678260869565,1186,2438,3624,589,248,615,738,1615,4608
203459,381,113,9125,1226,2888,0.424515235457,617,1596,0.386591478696,384,462,0.831168831168,109,964,1073,434,223,104,285,764,3453
203460,307,269,6801,573,1211,0.473162675474,112,443,0.252821670428,124,265,0.467924528301,362,868,1230,265,268,199,185,658,1382
203461,151,4,1904,251,641,0.391575663026,36,138,0.260869565217,120,179,0.670391061452,132,340,472,77,58,27,99,206,658
203462,165,15,2395,367,856,0.428738317757,45,191,0.23560209424,261,373,0.699731903485,86,245,331,206,69,38,206,192,1040
203463,556,268,12533,1768,4270,0.414051522248,868,2392,0.36287625418,611,783,0.780332056194,222,1047,1269,563,353,106,608,1175,5015
203467,7,0,38,7,14,0.5,2,5,0.4,3,4,0.75,1,5,6,4,0,0,4,4,19
203468,863,750,27527,6396,14120,0.452974504249,2180,5521,0.394856004347,1866,2344,0.796075085324,570,2549,3119,3298,768,361,1561,1801,16838
203469,552,275,11509,1649,3172,0.519861286254,33,150,0.22,1045,1438,0.726703755215,1067,2058,3125,740,332,330,552,1359,4376
203471,913,441,24720,4551,10580,0.430151228733,1135,3328,0.341045673076,2257,2700,0.835925925925,386,2238,2624,4438,749,132,2010,1861,12494
203475,52,1,452,66,175,0.377142857142,15,52,0.288461538461,12,14,0.857142857142,10,27,37,42,13,0,14,30,159
203476,628,209,12626,1736,3500,0.496,196,552,0.355072463768,923,1167,0.790916880891,1048,2486,3534,837,468,549,687,1339,4591
203477,235,77,4797,616,1661,0.370860927152,366,1042,0.351247600767,315,377,0.835543766578,63,375,438,454,145,23,259,364,1913
203479,24,0,174,17,41,0.414634146341,6,13,0.461538461538,2,2,1.0,5,20,25,9,4,3,14,27,42
203481,207,15,2072,249,474,0.525316455696,2,14,0.142857142857,166,232,0.715517241379,181,337,518,64,56,156,76,229,666
203482,842,283,18360,2959,6093,0.485639258165,932,2528,0.368670886075,1422,1790,0.794413407821,999,3201,4200,2024,647,373,1310,2319,8272
203484,963,784,28122,3777,8845,0.427020915771,1588,4356,0.364554637281,1458,1765,0.826062322946,542,2291,2833,1791,1100,273,984,1743,10600
203485,103,7,1183,123,338,0.363905325443,18,106,0.169811320754,29,41,0.70731707317,28,123,151,183,61,15,74,101,293
203486,880,481,18965,2731,4583,0.595897883482,2,51,0.039215686274,1485,2573,0.577147298872,1783,4037,5820,2065,606,703,1210,2302,6949
203487,395,217,9943,1498,3730,0.401608579088,183,716,0.255586592178,861,1221,0.705159705159,379,1339,1718,1708,498,215,916,964,4040
203488,548,45,8239,1144,2538,0.450748620961,519,1390,0.373381294964,399,481,0.829521829521,428,1271,1699,464,174,248,302,780,3206
203489,84,31,1574,191,452,0.422566371681,18,69,0.260869565217,61,96,0.635416666666,42,143,185,209,43,17,70,86,461
203490,527,319,13400,2088,4376,0.477148080438,684,1724,0.396751740139,559,701,0.797432239657,602,1997,2599,783,586,221,399,919,5419
203491,24,0,224,18,57,0.315789473684,7,25,0.28,11,15,0.733333333333,2,12,14,34,9,1,18,27,54
203492,154,46,2806,374,916,0.408296943231,71,212,0.334905660377,101,142,0.711267605633,78,228,306,368,79,27,148,190,920
203493,556,294,12557,1441,3395,0.424447717231,879,2284,0.384851138353,278,336,0.82738095238,188,1263,1451,647,318,81,301,783,4039
203495,28,0,277,38,113,0.33628318584,13,35,0.371428571428,20,26,0.76923076923,16,22,38,21,7,1,28,23,109
203497,905,813,27810,4238,6441,0.657972364539,0,22,0.0,2811,4439,0.633250732146,3103,7469,10572,1251,634,1842,1443,2408,11287
203498,278,16,4771,940,1988,0.472837022132,123,386,0.31865284974,501,667,0.751124437781,294,476,770,151,81,24,183,283,2504
203499,256,41,4879,545,1290,0.422480620155,117,348,0.336206896551,192,247,0.777327935222,83,407,490,737,243,24,301,375,1399
203500,796,655,20469,2874,4925,0.583553299492,1,17,0.058823529411,1181,2210,0.534389140271,2910,3481,6391,1193,668,723,1118,1863,6930
203501,893,428,24390,4208,10037,0.419248779515,2068,5659,0.365435589326,1746,2143,0.814745683621,274,2270,2544,1594,537,118,842,1410,12230
203502,21,0,79,5,12,0.416666666666,1,1,1.0,11,19,0.578947368421,15,11,26,2,6,3,4,9,22
203503,601,310,13092,1335,3097,0.431062318372,728,1848,0.393939393939,274,324,0.845679012345,172,1199,1371,669,266,138,329,846,3672
203504,498,130,10400,1847,4500,0.410444444444,564,1637,0.344532681734,534,659,0.810318664643,164,714,878,1522,274,52,555,641,4792
203506,504,397,16247,3118,7152,0.43596196868,814,2349,0.346530438484,1453,1843,0.788388497015,289,1956,2245,1970,805,230,1266,1202,8503
203507,895,830,29273,7898,14266,0.553624001121,557,1953,0.285202252944,5178,7491,0.69122947537,1697,7185,8882,4484,995,1088,2701,2617,21531
203508,95,22,1110,96,243,0.395061728395,31,110,0.281818181818,64,76,0.842105263157,30,110,140,87,32,4,57,94,287
203511,8,0,50,7,26,0.26923076923,1,15,0.066666666666,1,1,1.0,2,7,9,3,2,2,3,11,16
203512,141,10,1753,182,288,0.631944444444,9,34,0.264705882352,73,114,0.640350877192,120,268,388,72,89,144,75,221,446
203513,24,0,62,3,13,0.230769230769,0,3,0.0,0,0,0.0,2,6,8,2,0,4,2,7,6
203516,395,140,8022,907,1985,0.456926952141,317,880,0.360227272727,498,625,0.7968,393,913,1306,373,244,113,303,792,2629
203517,24,0,142,8,39,0.205128205128,3,18,0.166666666666,7,8,0.875,3,12,15,13,0,1,13,13,26
203518,174,16,2777,305,789,0.386565272496,219,595,0.36806722689,95,108,0.879629629629,49,199,248,88,92,22,72,291,924
203524,448,189,9654,843,2175,0.387586206896,362,1093,0.331198536139,405,508,0.797244094488,289,1110,1399,662,307,99,377,765,2453
203526,435,99,6764,935,2041,0.45810877021,258,714,0.361344537815,342,421,0.812351543942,96,562,658,913,279,34,398,569,2470
203527,163,59,3125,324,857,0.378063010501,102,323,0.315789473684,231,290,0.796551724137,77,427,504,215,79,84,106,309,981
203530,208,18,2823,477,995,0.479396984924,49,172,0.28488372093,156,217,0.718894009216,239,550,789,180,55,34,165,286,1159
203648,232,11,1668,215,425,0.505882352941,9,67,0.134328358208,89,166,0.536144578313,140,197,337,130,68,37,117,226,528
203798,111,54,2000,232,677,0.342688330871,119,404,0.294554455445,81,100,0.81,47,219,266,59,53,24,63,198,664
203893,27,0,131,15,47,0.31914893617,3,16,0.1875,20,26,0.76923076923,2,13,15,19,8,1,19,18,53
203894,345,55,5986,808,2034,0.397246804326,345,1000,0.345,472,579,0.815198618307,104,553,657,849,286,48,452,404,2433
203895,123,9,1696,302,724,0.417127071823,83,234,0.3547008547,159,206,0.771844660194,34,191,225,167,45,30,87,147,846
203897,693,602,22685,5114,10878,0.470123184408,1632,4176,0.390804597701,2478,2967,0.835187057633,301,2472,2773,2684,599,193,1799,1457,14338
203898,186,21,2337,320,763,0.419397116644,66,208,0.317307692307,73,95,0.768421052631,48,202,250,359,98,18,171,233,779
203900,113,35,1795,205,539,0.380333951762,56,190,0.294736842105,118,151,0.781456953642,40,194,234,132,69,27,83,157,584
203901,524,404,13894,2126,4788,0.4440267335,191,668,0.285928143712,678,1089,0.62258953168,538,1548,2086,3033,612,162,1143,1036,5121
203902,64,1,972,77,223,0.34529147982,12,63,0.190476190476,17,31,0.548387096774,19,68,87,130,28,7,43,79,183
203903,825,232,22102,4728,10820,0.436968576709,1472,4383,0.335843029888,1723,2078,0.8291626564,709,1941,2650,2307,644,125,1479,1389,12651
203906,44,7,456,35,115,0.304347826086,12,54,0.222222222222,15,40,0.375,11,58,69,29,22,3,16,39,97
203909,148,16,2092,278,675,0.411851851851,70,241,0.290456431535,156,201,0.776119402985,96,228,324,95,70,94,151,205,782
203910,28,0,262,26,75,0.346666666666,5,21,0.238095238095,17,25,0.68,13,26,39,11,7,3,19,34,74
203912,66,0,375,50,135,0.37037037037,19,57,0.333333333333,13,16,0.8125,6,25,31,30,15,4,18,30,132
203914,666,448,17327,2417,5422,0.445776466248,939,2536,0.370268138801,795,981,0.810397553516,365,1111,1476,1192,694,148,652,1119,6568
203915,621,345,17221,2625,6335,0.414364640883,967,2900,0.333448275862,1861,2337,0.796320068463,254,1597,1851,3153,448,167,1007,1345,8078
203917,343,63,6700,770,1981,0.388692579505,400,1131,0.353669319186,350,431,0.812064965197,78,613,691,515,139,80,340,426,2290
203918,448,253,10977,1688,4023,0.419587372607,647,1770,0.365536723163,633,753,0.840637450199,158,1002,1160,736,301,80,426,855,4656
203919,32,0,263,37,92,0.402173913043,10,26,0.384615384615,17,28,0.607142857142,9,21,30,19,19,7,16,26,101
203921,56,9,800,88,254,0.346456692913,26,99,0.262626262626,39,52,0.75,26,97,123,42,26,15,49,73,241
203922,304,105,5299,689,1508,0.456896551724,193,518,0.372586872586,233,299,0.779264214046,204,572,776,238,149,58,155,281,1804
203923,95,0,812,77,210,0.366666666666,38,137,0.277372262773,27,48,0.5625,19,77,96,28,24,5,15,58,219
203924,776,472,21748,3543,7890,0.449049429657,1077,2937,0.366700715015,2325,3063,0.759059745347,660,2364,3024,1272,527,784,1033,1783,10488
203925,504,283,12299,1891,3949,0.478855406432,1026,2354,0.43585386576,377,489,0.770961145194,264,1257,1521,790,241,95,522,1009,5185
203926,726,97,14011,2302,4918,0.468076453843,1032,2517,0.410011918951,526,653,0.805513016845,267,1225,1492,686,152,67,449,1014,6162
203928,58,1,581,84,189,0.444444444444,2,16,0.125,35,60,0.583333333333,53,108,161,16,10,22,20,69,205
203932,756,655,22079,3894,8035,0.484629744866,823,2459,0.334688897925,1728,2477,0.697618086394,1310,3373,4683,2035,543,455,1106,1468,10339
203933,385,236,10365,2274,4502,0.505108840515,271,772,0.35103626943,678,869,0.780207134637,480,1035,1515,446,353,181,365,867,5497
203934,40,0,435,31,95,0.326315789473,13,55,0.236363636363,18,25,0.72,5,52,57,45,10,2,27,51,93
203935,697,441,20495,2456,6319,0.38866909321,1099,3387,0.324475937407,1303,1672,0.779306220095,541,1813,2354,3080,1081,251,1290,1773,7314
203937,757,313,16178,2017,4198,0.480466888994,295,868,0.339861751152,813,1137,0.715039577836,595,2622,3217,2104,744,467,753,1204,5142
203939,768,266,13469,1827,3017,0.605568445475,126,429,0.293706293706,1184,1614,0.733581164807,1187,2065,3252,800,450,330,507,1667,4964
203940,107,24,1403,174,429,0.405594405594,15,59,0.254237288135,66,97,0.680412371134,79,236,315,66,45,27,90,203,429
203943,362,172,5854,651,1417,0.459421312632,93,303,0.306930693069,290,419,0.692124105011,488,1302,1790,264,139,144,278,645,1685
203944,789,709,25348,5476,11591,0.472435510309,959,2889,0.331948771201,3273,4312,0.759044526901,1541,5483,7024,3108,572,302,2211,2375,15184
203946,36,3,166,16,54,0.296296296296,1,5,0.2,11,13,0.846153846153,10,26,36,7,4,4,7,27,44
203948,147,19,1684,213,530,0.401886792452,18,50,0.36,65,98,0.663265306122,129,223,352,69,32,19,77,199,509
203950,28,2,151,25,43,0.581395348837,0,0,0.0,17,32,0.53125,18,22,40,7,7,5,7,29,67
203952,834,822,27951,5653,12534,0.451013243976,1285,3552,0.361768018018,2623,3604,0.727802441731,1112,2642,3754,1937,818,587,1528,1809,15214
203953,310,190,8537,1767,3579,0.493713327745,212,651,0.325652841781,634,853,0.74325908558,449,1254,1703,610,271,118,534,627,4380
203954,490,490,15608,4458,8909,0.500392861151,585,1727,0.338737695425,4043,4873,0.829673712292,1083,4197,5280,1808,432,784,1656,1451,13544
203956,52,2,557,99,188,0.52659574468,0,6,0.0,29,50,0.58,57,126,183,17,17,18,38,82,227
203957,320,102,6005,734,1688,0.434834123222,243,708,0.343220338983,280,366,0.765027322404,120,503,623,728,135,52,379,548,1991
203962,76,10,1067,71,205,0.346341463414,39,125,0.312,6,25,0.24,48,132,180,23,16,48,29,85,187
203967,498,230,11119,1827,4122,0.443231441048,639,1774,0.360202931228,825,985,0.837563451776,679,1953,2632,942,278,97,723,988,5118
203991,739,590,18329,3588,5855,0.612809564474,1,8,0.125,1059,1941,0.545595054095,2592,4738,7330,726,486,1014,745,1632,8236
203992,526,200,14751,2664,6115,0.435650040883,1266,3319,0.381440192829,750,888,0.844594594594,252,1486,1738,1667,515,131,746,1116,7344
203994,631,526,15430,2919,5820,0.501546391752,154,523,0.294455066921,1446,2189,0.660575605299,1581,4063,5644,1664,588,669,1362,1990,7438
203995,101,37,1960,254,643,0.395023328149,88,279,0.315412186379,95,116,0.818965517241,34,143,177,390,46,7,176,113,691
203996,20,1,156,13,37,0.351351351351,3,13,0.230769230769,7,8,0.875,2,29,31,10,6,3,11,11,36
203998,105,20,1293,162,402,0.402985074626,62,201,0.308457711442,56,67,0.835820895522,82,186,268,72,36,59,69,135,442
203999,810,769,25910,6880,12274,0.560534463092,926,2559,0.361860101602,3323,4030,0.824565756823,2175,6802,8977,6080,1041,589,2419,2168,18009
204001,533,523,16173,3626,7874,0.460502921005,1004,2757,0.364163946318,2116,2549,0.830129462534,908,3147,4055,994,383,947,876,1587,10372
204002,13,0,100,15,24,0.625,0,0,0.0,3,11,0.272727272727,11,21,32,4,1,12,7,11,33
1626143,248,116,4829,1092,2016,0.541666666666,6,27,0.222222222222,376,556,0.676258992805,377,793,1170,226,73,195,347,515,2566
1626144,302,165,7185,1222,3051,0.400524418223,276,855,0.322807017543,579,778,0.744215938303,138,746,884,1143,215,88,670,492,3299
1626145,749,230,15402,2109,4782,0.441028858218,732,1970,0.37157360406,498,607,0.820428336079,203,1247,1450,3181,704,68,582,552,5448
1626147,242,30,3280,454,1106,0.410488245931,159,545,0.291743119266,217,280,0.775,141,480,621,184,105,80,141,291,1284
1626148,41,11,761,58,177,0.327683615819,28,98,0.285714285714,17,20,0.85,17,86,103,28,19,6,21,49,161
1626149,515,36,10544,2506,4050,0.618765432098,9,83,0.108433734939,1199,1807,0.66353071389,930,1658,2588,675,269,404,550,1058,6220
1626150,145,64,2985,314,842,0.372921615201,95,323,0.294117647058,289,371,0.778975741239,52,235,287,399,95,49,178,366,1012
1626153,548,92,11174,1337,2994,0.446559786239,362,1039,0.348411934552,620,776,0.798969072164,426,1224,1650,1636,655,188,477,562,3656
1626154,45,1,394,49,132,0.371212121212,26,88,0.295454545454,9,11,0.818181818181,3,43,46,19,18,4,13,39,133
1626155,201,8,3097,451,944,0.477754237288,89,309,0.288025889967,103,170,0.605882352941,191,416,607,160,101,37,98,201,1094
1626156,655,539,19239,4002,9383,0.426516039646,1609,4433,0.362959621024,1519,1915,0.79321148825,310,1867,2177,3690,678,209,1695,1231,11132
1626157,720,720,24292,5977,11456,0.521735335195,1230,3097,0.397158540523,3200,3811,0.839674626082,2035,5990,8025,2263,588,811,1932,2452,16384
1626158,489,178,9357,1715,2834,0.605151729004,49,182,0.26923076923,685,912,0.751096491228,854,1752,2606,479,243,449,406,1202,4164
1626159,344,128,8907,1121,2718,0.412435614422,229,728,0.31456043956,358,561,0.638146167557,364,1396,1760,890,307,137,500,794,2829
1626161,422,255,9274,1552,2853,0.543988783736,6,32,0.1875,565,923,0.612134344528,694,1776,2470,598,349,335,384,974,3675
1626162,705,352,19317,3412,7749,0.440314879339,1068,3264,0.327205882352,1509,2007,0.751868460388,750,2534,3284,827,754,350,797,1854,9401
1626163,413,49,8159,1306,3034,0.430454845088,428,1226,0.349102773246,590,791,0.745891276864,300,1279,1579,651,174,146,314,609,3630
1626164,737,712,25295,6295,13588,0.46327642037,1546,4394,0.351843422849,3984,4562,0.873301183691,472,2494,2966,3908,628,208,2236,2140,18120
1626166,499,72,8730,1456,3488,0.41743119266,579,1583,0.365761212886,375,448,0.837053571428,137,858,995,1585,326,105,538,831,3866
1626167,713,680,20366,3620,7329,0.493928230317,903,2472,0.365291262135,1734,2255,0.768957871396,981,3746,4727,916,490,1527,992,2066,9877
1626168,650,131,11971,1772,4018,0.441015430562,646,1864,0.346566523605,745,1005,0.741293532338,584,2242,2826,697,260,229,517,918,4935
1626169,449,104,8877,1028,2630,0.390874524714,340,1114,0.305206463195,410,548,0.748175182481,253,1151,1404,679,383,106,480,871,2806
1626170,279,61,4998,593,1442,0.411234396671,174,539,0.322820037105,332,431,0.770301624129,92,437,529,805,205,33,274,411,1692
1626171,721,162,16526,3532,7374,0.478980200705,872,2221,0.392615938766,797,1047,0.761222540592,1325,3788,5113,955,436,259,782,1376,8733
1626172,620,270,10615,1283,2249,0.570475767007,14,78,0.179487179487,456,748,0.609625668449,1328,2181,3509,990,313,332,359,1336,3036
1626173,139,8,1671,161,478,0.336820083682,83,265,0.313207547169,18,26,0.692307692307,18,140,158,75,53,29,48,120,423
1626175,64,4,482,62,138,0.449275362318,2,17,0.117647058823,26,43,0.60465116279,37,91,128,17,9,27,28,53,152
1626176,30,0,225,21,45,0.466666666666,0,0,0.0,21,29,0.724137931034,27,30,57,4,3,6,8,38,63
1626177,31,6,161,22,39,0.564102564102,0,0,0.0,11,20,0.55,16,18,34,8,6,8,3,27,55
1626178,305,154,6760,1004,2238,0.448614834673,44,208,0.211538461538,708,963,0.735202492211,440,1244,1684,579,278,162,392,620,2760
1626179,665,381,18359,3363,8046,0.417971662938,1356,3755,0.361118508655,1170,1412,0.828611898016,442,2168,2610,2337,614,164,897,973,9252
1626181,675,311,16655,3271,6948,0.470782959124,1215,3069,0.395894428152,1661,2015,0.824317617866,243,1608,1851,1084,571,176,884,1270,9418
1626183,6,0,28,2,5,0.4,0,0,0.0,1,1,1.0,2,2,4,0,0,1,0,2,5
1626185,184,40,2926,376,867,0.433679354094,63,182,0.346153846153,183,239,0.765690376569,189,450,639,114,67,73,144,411,998
1626191,59,4,532,78,183,0.426229508196,15,49,0.306122448979,23,42,0.547619047619,41,71,112,15,30,19,20,54,194
1626192,637,72,11735,1347,3075,0.438048780487,702,1965,0.357251908396,293,382,0.767015706806,421,1663,2084,847,294,160,340,707,3689
1626195,344,48,5148,974,1827,0.533114395183,37,121,0.305785123966,539,756,0.712962962962,709,1273,1982,364,145,134,347,573,2524
1626196,554,322,15814,2327,5433,0.428308485183,873,2405,0.362993762993,854,1009,0.846382556987,378,1307,1685,1463,566,297,732,1230,6381
1626199,91,3,859,104,276,0.376811594202,31,102,0.303921568627,56,75,0.746666666666,7,78,85,71,22,3,51,74,295
1626202,127,1,1076,168,427,0.39344262295,40,135,0.296296296296,53,69,0.768115942028,19,111,130,119,33,1,64,74,429
1626204,581,140,13036,1779,3328,0.534555288461,262,745,0.351677852348,515,744,0.692204301075,1034,2400,3434,1051,642,274,524,1207,4335
1626209,330,69,6107,854,2047,0.417195896433,266,833,0.319327731092,310,382,0.811518324607,147,879,1026,415,243,80,371,549,2284
1626224,476,186,10816,1605,3711,0.432497978981,714,1998,0.357357357357,503,707,0.711456859971,216,1195,1411,933,312,71,483,908,4427
1627732,383,344,11909,2076,3720,0.558064516129,5,36,0.138888888888,864,1459,0.592186429061,641,2199,2840,2754,568,255,1151,1059,5021
1627733,187,67,3754,373,934,0.399357601713,183,567,0.322751322751,85,130,0.653846153846,113,607,720,237,54,106,202,372,1014
1627734,665,521,20462,4188,7487,0.559369573928,315,920,0.342391304347,2011,2757,0.729416031918,1813,5283,7096,3240,514,301,1713,2084,10702
1627735,56,1,579,60,169,0.355029585798,9,36,0.25,45,58,0.775862068965,14,55,69,78,21,10,57,63,174
1627736,578,209,13738,2429,5702,0.425990880392,1453,3715,0.391117092866,427,555,0.769369369369,249,1363,1612,789,387,67,474,779,6738
1627737,292,147,5337,830,1822,0.455543358946,161,555,0.29009009009,385,577,0.667244367417,362,1004,1366,298,187,227,348,738,2206
1627738,107,6,1299,200,334,0.598802395209,0,1,0.0,54,85,0.635294117647,105,241,346,47,21,61,43,177,454
1627739,489,290,11727,1498,3384,0.442671394799,341,1013,0.336623889437,375,506,0.741106719367,269,1357,1626,1912,728,185,745,1303,3712
1627740,83,2,787,121,326,0.371165644171,49,146,0.335616438356,51,66,0.772727272727,28,178,206,49,13,3,41,63,342
1627741,765,437,20999,4030,9313,0.43272844411,2201,5569,0.395223558987,861,1006,0.855864811133,554,2498,3052,1846,653,236,1203,1503,11122
1627742,572,533,18919,4142,8829,0.469135802469,822,2245,0.366146993318,2205,2785,0.791741472172,424,2572,2996,2414,416,335,1455,1346,11311
1627743,26,0,136,18,37,0.486486486486,4,14,0.285714285714,8,12,0.666666666666,9,10,19,17,7,1,11,11,48
1627744,21,0,107,22,49,0.448979591836,0,1,0.0,3,5,0.6,10,24,34,3,11,7,6,13,47
1627745,279,75,3779,536,817,0.656058751529,26,74,0.351351351351,268,375,0.714666666666,292,577,869,193,92,182,175,530,1366
1627746,155,43,2644,437,886,0.49322799097,32,91,0.351648351648,181,242,0.747933884297,227,446,673,156,55,100,152,318,1087
1627747,584,223,15705,2855,6550,0.435877862595,839,2437,0.344275748871,1168,1593,0.733207784055,392,1706,2098,2264,599,239,1000,1125,7717
1627748,263,65,3624,425,976,0.435450819672,130,397,0.327455919395,236,347,0.680115273775,218,508,726,161,96,173,142,460,1216
1627749,517,446,15134,3194,7035,0.454015636105,623,1838,0.338955386289,1026,1294,0.792890262751,459,2541,3000,2807,764,142,1108,934,8037
1627750,611,536,19448,4208,9159,0.459438803362,1391,3567,0.389963554807,1721,1970,0.873604060913,437,1911,2348,3044,608,226,1257,1113,11528
1627751,641,385,14468,2565,4033,0.636002975452,3,7,0.428571428571,671,1200,0.559166666666,1718,2758,4476,1176,421,789,778,1624,5804
1627752,608,351,15014,2128,4966,0.428513894482,1049,2714,0.386514369933,679,836,0.812200956937,266,1906,2172,1051,491,230,834,1237,5984
1627753,19,0,124,7,33,0.212121212121,2,19,0.105263157894,8,12,0.666666666666,6,16,22,2,2,14,10,14,24
1627754,7,0,24,3,13,0.230769230769,0,0,0.0,4,4,1.0,1,5,6,0,0,1,2,5,10
1627755,133,58,2782,398,988,0.402834008097,63,225,0.28,139,172,0.808139534883,44,179,223,537,118,12,204,193,998
1627756,256,45,4817,680,1728,0.393518518518,361,1004,0.359561752988,74,94,0.787234042553,101,756,857,466,159,31,228,412,1795
1627757,19,0,107,10,31,0.322580645161,0,0,0.0,3,5,0.6,11,24,35,4,2,5,3,17,23
1627759,674,567,20907,5034,10532,0.477971895176,1284,3588,0.357859531772,2122,2872,0.738857938718,687,3013,3700,1953,684,255,1536,1709,13474
1627761,296,55,5670,720,1519,0.473996050032,106,375,0.282666666666,204,334,0.610778443113,185,765,950,533,291,120,367,533,1750
1627762,18,0,90,12,22,0.545454545454,1,5,0.2,6,12,0.5,10,17,27,2,3,2,4,4,31
1627763,463,296,13480,2601,5621,0.46272905177,752,1940,0.387628865979,1123,1285,0.873929961089,363,1554,1917,2156,370,108,789,846,7077
1627767,183,3,2184,401,673,0.595839524517,2,7,0.285714285714,154,199,0.773869346733,179,580,759,78,56,73,117,273,958
1627770,58,0,525,83,228,0.364035087719,11,41,0.268292682926,46,61,0.754098360655,6,53,59,78,21,8,46,49,223
1627771,9,0,31,1,10,0.1,0,4,0.0,2,2,1.0,2,1,3,2,0,0,0,2,4
1627772,25,3,231,28,71,0.394366197183,10,28,0.357142857142,3,6,0.5,10,42,52,30,7,1,18,21,69
1627773,22,0,163,17,42,0.404761904761,5,10,0.5,9,20,0.45,8,28,36,4,1,13,10,21,48
1627774,243,49,3099,458,996,0.459839357429,131,437,0.299771167048,128,178,0.719101123595,102,315,417,127,99,71,122,254,1175
1627775,199,43,3373,292,696,0.419540229885,92,302,0.304635761589,84,107,0.785046728971,64,255,319,270,139,31,123,233,760
1627777,544,32,9495,1455,3272,0.444682151589,883,2214,0.398825654923,253,297,0.851851851851,172,1182,1354,534,176,78,379,983,4046
1627778,6,1,73,7,12,0.583333333333,0,0,0.0,4,4,1.0,3,11,14,4,3,1,7,10,18
1627779,5,0,28,4,14,0.285714285714,2,8,0.25,2,2,1.0,0,4,4,3,0,0,0,0,12
1627781,70,4,624,67,187,0.358288770053,28,93,0.301075268817,36,46,0.782608695652,10,60,70,24,16,2,26,63,198
1627783,691,597,21694,4891,9841,0.49700233716,797,2332,0.341766723842,2231,2960,0.753716216216,1046,3548,4594,2497,638,399,1270,1842,12810
1627785,89,26,1823,244,594,0.410774410774,51,167,0.305389221556,104,132,0.787878787878,36,174,210,212,50,38,166,198,643
1627788,328,49,5446,778,1917,0.40584246218,405,1138,0.355887521968,283,372,0.760752688172,85,561,646,391,178,43,214,329,2244
1627789,328,60,5253,648,1657,0.391068195534,320,956,0.334728033472,321,387,0.829457364341,124,532,656,293,132,42,232,605,1937
1627790,113,27,1516,273,470,0.580851063829,0,0,0.0,128,180,0.711111111111,150,296,446,64,22,40,82,170,674
1627820,112,19,1714,223,528,0.422348484848,17,82,0.20731707317,103,157,0.656050955414,44,192,236,127,58,22,94,192,566
1627823,339,76,5268,590,1379,0.427846265409,266,777,0.342342342342,265,392,0.676020408163,268,863,1131,216,131,71,167,365,1711
1627824,211,67,3387,468,1013,0.461994076999,194,535,0.362616822429,184,254,0.724409448818,230,504,734,242,96,52,155,300,1314
1627826,632,498,14878,2745,4470,0.614093959731,1,12,0.083333333333,1139,1572,0.724554707379,1698,3553,5251,899,236,615,791,1487,6630
1627834,39,0,476,74,144,0.513888888888,0,2,0.0,12,14,0.857142857142,37,86,123,29,7,23,32,56,160
1627835,98,30,1667,169,455,0.371428571428,70,209,0.334928229665,50,65,0.76923076923,28,228,256,82,35,31,83,164,458
1627846,202,8,2582,333,778,0.428020565552,125,350,0.357142857142,135,188,0.718085106382,52,324,376,110,76,55,133,245,926
1628365,260,164,6158,1126,2400,0.469166666666,83,296,0.280405405405,325,444,0.731981981981,218,600,818,1119,288,70,455,466,2660
1628366,322,256,9692,1259,3209,0.392334060454,702,1975,0.355443037974,202,335,0.602985074626,313,1392,1705,1814,483,188,730,648,3422
1628367,291,92,6718,1222,2939,0.415787682885,263,901,0.291897891231,569,837,0.679808841099,250,909,1159,534,251,169,536,733,3276
1628368,603,589,19891,4719,10006,0.471617029782,946,2862,0.330538085255,2351,3146,0.747298156389,372,1980,2352,3707,845,240,1613,1545,12735
1628369,601,601,20706,4907,10716,0.457913400522,1593,4324,0.368408880666,2725,3246,0.839494762784,520,3933,4453,2328,661,387,1428,1258,14132
1628370,585,86,13307,2598,5984,0.43415775401,1062,2994,0.354709418837,958,1126,0.85079928952,207,1287,1494,1842,354,198,935,963,7216
1628371,328,109,6161,821,1860,0.441397849462,228,722,0.315789473684,361,493,0.732251521298,424,1067,1491,244,283,391,233,474,2231
1628372,326,152,7602,1224,3009,0.406779661016,270,906,0.298013245033,442,656,0.673780487804,212,755,967,1381,377,109,633,678,3160
1628373,321,65,5453,575,1558,0.369062901155,206,643,0.320373250388,179,235,0.761702127659,98,465,563,693,210,66,330,602,1535
1628374,492,466,15399,3208,7012,0.457501426126,1257,3399,0.369814651368,1650,1894,0.871172122492,715,2775,3490,746,356,243,688,919,9323
1628378,609,601,20586,5398,11915,0.45304238355,1842,5035,0.365839126117,2634,3122,0.843689942344,485,2155,2640,2928,844,193,1645,1463,15272
1628379,538,127,12439,1840,3951,0.465704884839,1020,2307,0.442132639791,469,530,0.884905660377,172,1311,1483,1219,304,64,509,716,5169
1628380,388,83,7320,1184,2442,0.484848484848,250,749,0.333778371161,492,643,0.765163297045,577,1306,1883,700,162,259,525,965,3110
1628381,541,466,15609,3300,6039,0.546448087431,581,1575,0.368888888888,1307,1656,0.789251207729,1155,3017,4172,767,348,529,819,1623,8488
1628382,280,61,4885,638,1508,0.423076923076,236,739,0.319350473612,164,206,0.796116504854,117,537,654,285,94,43,118,291,1676
1628383,22,6,295,36,89,0.404494382022,10,40,0.25,4,6,0.666666666666,17,43,60,19,15,14,6,44,86
1628384,559,485,17078,2771,5825,0.475708154506,1020,2706,0.376940133037,889,1149,0.773716275021,634,1861,2495,976,741,337,772,1337,7451
1628385,165,17,1934,379,746,0.508042895442,11,45,0.244444444444,119,180,0.661111111111,152,421,573,180,63,56,143,338,888
1628386,624,559,17539,3249,5070,0.640828402366,20,126,0.15873015873,1630,2291,0.711479703186,1763,3952,5715,1048,426,750,842,1208,8148
1628387,14,0,35,4,12,0.333333333333,0,0,0.0,5,6,0.833333333333,6,6,12,1,1,4,3,1,13
1628388,146,2,1238,204,415,0.49156626506,31,91,0.340659340659,38,65,0.584615384615,95,188,283,43,26,28,32,103,477
1628389,640,536,19718,3934,7534,0.522166179984,229,725,0.315862068965,2294,3021,0.759351208209,1415,4341,5756,2276,693,538,1338,1490,10391
1628390,204,124,4000,334,827,0.403869407496,195,583,0.33447684391,61,81,0.753086419753,75,188,263,144,92,43,93,476,924
1628391,148,6,1818,248,588,0.421768707482,98,296,0.331081081081,63,102,0.617647058823,81,373,454,110,40,45,79,176,657
1628392,426,160,8513,1260,2113,0.596308566019,27,113,0.238938053097,469,695,0.674820143884,997,1869,2866,923,320,387,494,1080,3016
1628393,56,4,842,92,267,0.344569288389,15,57,0.263157894736,38,49,0.775510204081,10,86,96,110,39,6,50,105,237
1628394,28,0,443,61,117,0.521367521367,0,4,0.0,34,58,0.586206896551,43,65,108,19,9,12,29,77,156
1628395,161,17,1937,257,466,0.551502145922,4,20,0.2,75,118,0.635593220338,153,344,497,201,62,122,118,200,593
1628396,234,22,2558,439,710,0.618309859154,9,19,0.473684210526,128,187,0.684491978609,355,532,887,118,50,115,124,320,1015
1628397,85,18,1236,202,364,0.554945054945,3,15,0.2,78,105,0.742857142857,123,241,364,86,29,27,70,145,485
1628398,610,451,18661,3842,8479,0.453119471635,1128,3366,0.335115864527,1294,1794,0.721293199554,606,3120,3726,1630,350,309,1293,1256,10106
1628399,26,0,95,9,18,0.5,4,10,0.4,1,3,0.333333333333,7,11,18,6,2,0,4,10,23
1628400,284,24,4111,331,862,0.383990719257,189,549,0.344262295081,124,173,0.71676300578,145,468,613,126,76,19,93,300,975
1628401,571,455,16704,2650,6045,0.438378825475,1153,3200,0.3603125,1213,1412,0.859065155807,382,1765,2147,2479,493,544,828,1154,7666
1628402,214,31,3873,656,1557,0.421323057161,247,743,0.332436069986,257,327,0.785932721712,82,310,392,222,84,16,169,311,1816
1628403,75,4,655,70,160,0.4375,2,17,0.117647058823,27,44,0.613636363636,59,159,218,56,14,11,73,127,169
1628404,596,341,18122,2303,4845,0.475335397316,752,2147,0.350256171401,907,1210,0.749586776859,777,3415,4192,2005,630,192,864,1407,6265
1628407,207,80,4011,571,1419,0.402396053558,127,404,0.314356435643,234,300,0.78,58,479,537,230,96,14,124,273,1503
1628409,20,0,224,28,74,0.378378378378,18,58,0.310344827586,8,10,0.8,8,29,37,12,2,2,4,13,82
1628410,161,41,2256,356,758,0.469656992084,87,255,0.341176470588,198,244,0.811475409836,51,193,244,182,91,34,133,242,997
1628411,226,51,3828,345,845,0.408284023668,74,253,0.292490118577,225,282,0.797872340425,115,440,555,208,102,51,120,341,989
1628412,103,3,1616,247,624,0.395833333333,53,176,0.301136363636,148,196,0.755102040816,44,160,204,272,55,15,117,124,695
1628413,51,10,685,84,173,0.485549132947,34,100,0.34,15,31,0.483870967741,50,124,174,40,20,41,38,109,217
1628414,160,18,1721,138,339,0.407079646017,35,103,0.339805825242,90,134,0.671641791044,41,165,206,111,76,35,82,183,401
1628415,548,521,16204,3005,7132,0.421340437464,1019,2883,0.353451266042,1072,1324,0.809667673716,424,1373,1797,1081,506,133,802,1809,8101
1628416,107,16,1680,255,651,0.391705069124,117,333,0.351351351351,83,124,0.669354838709,45,200,245,135,31,7,64,116,710
1628417,27,4,439,47,106,0.443396226415,10,39,0.25641025641,10,13,0.76923076923,26,72,98,13,7,8,11,20,114
1628418,393,147,6643,1310,2286,0.573053368328,217,623,0.348314606741,491,629,0.780604133545,526,1381,1907,359,133,260,262,608,3328
1628420,426,166,9874,1569,3317,0.473017787157,472,1216,0.388157894736,388,471,0.823779193205,143,853,996,1519,304,74,308,431,3998
1628422,213,49,4241,603,1446,0.417012448132,253,733,0.345156889495,135,190,0.710526315789,58,474,532,315,109,20,151,255,1594
1628425,268,29,4459,531,1267,0.419100236779,248,683,0.363103953147,121,152,0.796052631578,154,737,891,268,140,47,177,379,1431
1628426,42,0,511,84,191,0.439790575916,45,120,0.375,12,15,0.8,30,66,96,19,20,7,12,42,225
1628427,143,11,1527,180,381,0.472440944881,64,181,0.35359116022,61,72,0.847222222222,54,197,251,123,39,22,74,137,485
1628430,10,0,49,5,16,0.3125,2,7,0.285714285714,2,2,1.0,2,4,6,6,3,1,3,6,14
1628432,122,7,1299,136,333,0.408408408408,67,174,0.385057471264,34,51,0.666666666666,28,184,212,92,50,15,47,122,373
1628443,47,2,639,90,207,0.434782608695,22,63,0.349206349206,56,74,0.756756756756,14,57,71,109,24,8,43,68,258
1628444,13,1,114,15,26,0.576923076923,3,7,0.428571428571,6,13,0.461538461538,6,13,19,8,3,1,8,7,39
1628960,454,279,11695,1685,3807,0.442605726293,1014,2519,0.40254069075,707,825,0.856969696969,242,1129,1371,1007,362,125,482,753,5091
1628961,22,0,86,6,16,0.375,0,0,0.0,9,19,0.473684210526,6,17,23,3,4,4,13,10,21
1628962,84,10,723,116,153,0.75816993464,0,0,0.0,24,54,0.444444444444,64,171,235,14,9,36,37,85,256
1628963,349,141,7669,1656,3116,0.531450577663,149,483,0.308488612836,645,941,0.685441020191,814,1441,2255,338,158,224,392,659,4106
1628964,368,101,6158,958,2009,0.476854156296,291,818,0.355745721271,264,387,0.682170542635,565,1437,2002,307,132,463,289,755,2471
1628966,283,67,4566,634,1337,0.474195961106,146,438,0.333333333333,283,377,0.750663129973,208,640,848,241,146,99,154,242,1697
1628969,638,571,21206,3531,7281,0.484960857025,1133,3051,0.371353654539,1190,1414,0.841584158415,569,1950,2519,1821,757,379,774,1192,9385
1628970,501,396,15458,2972,6441,0.461419034311,880,2600,0.338461538461,1132,1372,0.825072886297,544,2533,3077,1381,368,328,782,921,7956
1628971,539,272,13372,1828,3844,0.475546305931,340,989,0.343781597573,698,910,0.767032967032,561,1686,2247,1291,503,243,595,1265,4694
1628972,356,99,6776,824,1949,0.422780913288,306,873,0.350515463917,242,309,0.783171521035,257,1031,1288,508,235,42,235,461,2196
1628973,561,411,16830,3930,8106,0.484826054774,973,2526,0.385193982581,1915,2317,0.826499784203,258,1538,1796,2952,408,56,1025,1065,10748
1628975,465,50,7146,904,2287,0.395277656318,550,1460,0.376712328767,126,158,0.79746835443,138,638,776,738,282,109,276,565,2484
1628976,461,423,12735,2049,4021,0.509574732653,350,1106,0.316455696202,1039,1404,0.740028490028,1042,2708,3750,919,307,330,683,1375,5487
1628977,265,44,4917,908,1834,0.495092693565,76,277,0.274368231046,380,610,0.622950819672,269,740,1009,283,225,76,280,580,2272
1628978,498,282,13106,1922,4545,0.422882288228,1161,3059,0.379535796011,464,605,0.76694214876,445,1674,2119,1512,599,146,714,942,5469
1628980,59,2,621,63,187,0.336898395721,17,54,0.314814814814,25,30,0.833333333333,15,51,66,54,16,15,36,69,168
1628981,220,21,2325,351,646,0.54334365325,6,49,0.122448979591,164,251,0.653386454183,235,477,712,161,58,102,160,362,872
1628982,32,0,289,35,103,0.339805825242,9,43,0.209302325581,8,15,0.533333333333,10,18,28,5,11,2,9,25,87
1628983,530,521,17549,4674,9193,0.508430327423,729,2027,0.359644795263,3334,3857,0.864402385273,389,2114,2503,2810,761,422,1223,1183,13411
1628984,336,171,8358,1189,3202,0.371330418488,767,2167,0.353945546838,588,724,0.812154696132,135,623,758,1448,258,53,470,428,3733
1628985,11,0,80,6,30,0.2,4,17,0.235294117647,4,8,0.5,2,5,7,13,4,1,5,6,20
1628987,10,0,52,7,27,0.259259259259,3,20,0.15,0,0,0.0,1,11,12,5,1,1,0,4,17
1628988,505,67,8147,1159,2756,0.420537010159,495,1289,0.384018619084,396,465,0.851612903225,140,627,767,960,289,85,425,717,3209
1628989,551,395,15116,2382,5384,0.442421991084,1123,3051,0.368076040642,407,534,0.762172284644,309,1569,1878,1592,507,199,655,1196,6294
1628990,103,25,1789,216,489,0.441717791411,34,110,0.30909090909,92,143,0.643356643356,55,321,376,79,62,18,76,140,558
1628991,455,446,13094,3000,6419,0.467362517526,788,2243,0.351315202853,1661,2094,0.793218720152,590,1940,2530,696,467,846,869,1664,8449
1628993,76,1,567,76,158,0.481012658227,5,22,0.227272727272,32,45,0.711111111111,77,151,228,32,15,10,32,56,189
1628994,5,0,25,0,5,0.0,0,4,0.0,1,2,0.5,0,6,6,0,0,0,1,4,1
1628995,320,77,5606,825,2097,0.393419170243,340,1001,0.33966033966,332,459,0.72331154684,172,721,893,233,121,83,259,488,2322
1628998,263,54,5732,610,1404,0.434472934472,168,550,0.305454545454,212,322,0.658385093167,253,722,975,582,260,106,246,407,1600
1629001,405,172,9272,1367,3338,0.409526662672,614,1715,0.358017492711,485,615,0.788617886178,304,1170,1474,1113,579,192,579,819,3833
1629002,260,38,3565,589,1191,0.494542401343,107,359,0.298050139275,237,301,0.787375415282,174,734,908,197,139,95,199,325,1522
1629003,359,47,6698,1076,2386,0.450963956412,298,833,0.357743097238,449,545,0.823853211009,171,612,783,856,164,73,365,594,2899
1629004,381,110,6542,936,2259,0.414342629482,542,1472,0.368206521739,224,288,0.777777777777,154,559,713,555,203,36,332,377,2638
1629006,494,199,9306,977,2390,0.408786610878,333,1068,0.311797752808,707,960,0.736458333333,529,901,1430,549,451,192,387,817,2994
1629008,397,343,11725,2567,5205,0.493179634966,1019,2559,0.398202422821,703,866,0.811778290993,543,2033,2576,643,261,214,524,782,6856
1629010,135,12,1685,198,548,0.361313868613,80,269,0.297397769516,69,97,0.711340206185,21,193,214,136,52,29,83,194,545
1629011,397,215,9294,1278,1820,0.702197802197,0,0,0.0,420,827,0.507859733978,1484,1680,3164,264,362,690,275,1060,2976
1629012,475,357,13770,3144,6663,0.471859522737,723,1857,0.389337641357,1697,2019,0.840515106488,398,901,1299,1728,393,63,1092,1064,8708
1629013,449,109,9560,1271,3057,0.41576709192,823,2134,0.385660731021,423,519,0.815028901734,115,639,754,669,221,65,294,748,3788
1629014,444,218,11791,2354,5452,0.431768158473,1113,2918,0.381425633995,801,909,0.881188118811,164,944,1108,1399,227,56,695,801,6622
1629015,13,2,142,17,45,0.377777777777,6,19,0.315789473684,8,12,0.666666666666,3,12,15,12,5,2,8,12,48
1629016,95,14,1690,225,539,0.417439703153,87,238,0.365546218487,105,137,0.766423357664,149,264,413,94,59,49,85,130,642
1629017,39,2,409,59,152,0.388157894736,24,76,0.315789473684,18,24,0.75,12,27,39,36,19,11,13,39,160
1629018,480,231,13074,2214,5274,0.419795221843,1138,2941,0.386943216592,661,807,0.819083023543,162,888,1050,678,514,78,326,737,6227
1629020,374,173,7305,847,1550,0.546451612903,78,269,0.289962825278,324,512,0.6328125,702,1516,2218,520,381,149,351,722,2096
1629021,399,57,6477,1270,2454,0.517522412387,282,872,0.323394495412,753,932,0.807939914163,395,1156,1551,466,200,111,437,849,3575
1629022,342,95,7025,1268,3007,0.421682740272,497,1396,0.356017191977,385,484,0.795454545454,88,703,791,518,184,93,306,453,3418
1629023,446,373,13651,2205,4919,0.448261841837,756,2135,0.354098360655,748,1061,0.704995287464,557,2119,2676,976,433,442,721,1093,5914
1629027,498,498,17005,3946,9112,0.433055311676,1304,3708,0.351672060409,3293,3776,0.872086864406,303,1414,1717,4868,518,76,2090,874,12489
1629028,470,463,14229,3308,5527,0.598516374163,28,122,0.229508196721,795,1073,0.74091332712,1404,3338,4742,708,333,450,771,1208,7439
1629029,514,514,17999,5052,10778,0.468732603451,1632,4632,0.352331606217,3285,4349,0.755346056564,468,3908,4376,4230,661,237,2032,1181,15021
1629034,16,3,166,27,51,0.529411764705,0,4,0.0,4,14,0.285714285714,17,35,52,5,9,10,12,26,58
1629035,72,1,705,98,269,0.364312267657,46,155,0.296774193548,25,33,0.757575757575,11,68,79,52,21,5,27,63,267
1629048,383,100,5576,838,1494,0.560910307898,64,280,0.228571428571,367,547,0.670932358318,638,1001,1639,454,174,396,272,723,2107
1629053,2,0,15,1,4,0.25,1,4,0.25,0,0,0.0,1,1,2,0,0,0,0,0,3
1629057,294,101,5762,928,1289,0.719937936384,10,30,0.333333333333,222,336,0.660714285714,729,1289,2018,385,207,475,253,519,2088
1629058,49,0,526,73,194,0.376288659793,20,88,0.227272727272,45,62,0.725806451612,22,69,91,45,17,1,40,31,211
1629059,108,19,1676,186,471,0.394904458598,64,203,0.31527093596,87,118,0.737288135593,28,160,188,242,56,11,107,163,523
1629060,405,264,11271,1998,4007,0.498627402046,492,1248,0.39423076923,610,805,0.757763975155,383,1481,1864,496,248,122,344,666,5098
1629066,131,55,2101,292,658,0.44376899696,97,295,0.328813559322,99,134,0.738805970149,86,320,406,113,75,34,136,252,780
1629067,143,57,1870,156,361,0.432132963988,39,130,0.3,88,116,0.758620689655,102,218,320,118,73,37,88,238,439
1629083,2,0,5,0,1,0.0,0,1,0.0,0,0,0.0,0,0,0,0,0,0,0,1,0
1629118,11,0,36,7,13,0.538461538461,3,7,0.428571428571,1,2,0.5,0,4,4,5,0,0,1,3,18
1629346,29,1,222,31,67,0.462686567164,7,23,0.304347826086,18,25,0.72,16,27,43,17,6,9,16,25,87
1629604,88,28,1366,146,374,0.39037433155,44,160,0.275,71,99,0.717171717171,77,182,259,97,41,22,61,143,407
1629608,6,0,28,5,14,0.357142857142,1,2,0.5,3,5,0.6,5,9,14,3,1,0,3,6,14
1629611,475,220,10630,1448,2917,0.496400411381,385,1038,0.370905587668,505,646,0.78173374613,472,1179,1651,980,268,106,388,927,3786
1629614,265,232,7436,1124,2458,0.457282343368,311,905,0.343646408839,395,488,0.809426229508,130,586,716,1384,263,38,476,597,2954
1629617,36,1,397,72,157,0.458598726114,7,37,0.189189189189,19,28,0.678571428571,42,78,120,26,15,12,26,73,170
1629618,126,22,1594,190,447,0.425055928411,98,253,0.387351778656,24,31,0.774193548387,34,165,199,243,36,10,67,93,502
1629621,4,0,27,3,12,0.25,2,6,0.333333333333,3,4,0.75,1,6,7,1,0,1,3,4,11
1629625,4,0,45,7,20,0.35,2,10,0.2,3,4,0.75,0,5,5,7,2,0,3,5,19
1629626,202,45,2750,504,925,0.544864864864,98,295,0.33220338983,137,183,0.748633879781,130,579,709,126,55,153,178,183,1243
1629627,276,269,8555,2525,4275,0.590643274853,33,102,0.323529411764,1498,2155,0.695127610208,612,1156,1768,1119,279,172,734,624,6581
1629628,444,443,14540,3053,6835,0.446671543525,739,2139,0.345488546049,1546,2209,0.699864191942,413,2037,2450,1465,301,126,969,1044,8391
1629629,254,116,5876,742,1865,0.397855227882,277,861,0.321718931475,390,475,0.821052631578,144,534,678,297,261,90,277,439,2151
1629630,327,325,10369,2639,5666,0.465760677726,435,1397,0.311381531853,1618,2092,0.773422562141,296,1217,1513,2428,335,92,1108,555,7331
1629631,372,271,10995,1903,4254,0.447343676539,662,1818,0.364136413641,986,1195,0.82510460251,238,1283,1521,587,254,103,523,1008,5454
1629632,472,251,13816,2556,5885,0.43432455395,1100,2985,0.36850921273,1061,1240,0.85564516129,175,1534,1709,1818,317,77,880,1006,7273
1629633,144,43,2479,367,915,0.401092896174,92,333,0.276276276276,108,212,0.509433962264,127,275,402,173,100,54,136,239,934
1629634,309,50,6412,1341,2218,0.604598737601,51,192,0.265625,411,590,0.696610169491,560,1129,1689,410,224,246,221,595,3144
1629635,96,30,1639,204,526,0.387832699619,55,215,0.255813953488,79,114,0.69298245614,61,206,267,66,47,19,81,175,542
1629636,427,421,14036,2944,6490,0.453620955315,1019,2621,0.388782907287,1142,1318,0.866464339908,212,910,1122,2859,490,52,1257,787,8049
1629637,433,96,7227,1165,1753,0.664575014261,33,118,0.279661016949,628,911,0.689352360043,589,1125,1714,318,198,299,294,870,2991
1629638,459,139,10544,1728,4048,0.426877470355,811,2183,0.37150710032,615,762,0.807086614173,215,1001,1216,1168,358,192,608,791,4882
1629639,394,245,12794,2787,6189,0.450315075133,1068,2796,0.381974248927,1022,1164,0.878006872852,168,1792,1960,1596,286,82,875,553,7664
1629640,452,232,12511,2541,5347,0.475219749392,679,1923,0.353094123764,1081,1410,0.766666666666,583,1849,2432,908,304,104,564,869,6842
1629641,141,32,2267,253,589,0.429541595925,55,191,0.287958115183,89,135,0.659259259259,114,184,298,97,60,42,67,171,650
1629642,237,36,3735,479,1060,0.451886792452,172,521,0.330134357005,183,249,0.734939759036,162,526,688,170,73,93,123,310,1313
1629643,198,58,4027,454,1173,0.387041773231,227,708,0.320621468926,107,136,0.786764705882,154,597,751,291,178,86,131,207,1242
1629644,98,12,965,85,208,0.408653846153,28,98,0.285714285714,24,36,0.666666666666,40,108,148,47,23,26,28,125,222
1629645,309,186,8671,1600,3646,0.438837081733,500,1437,0.347947112038,740,977,0.757420675537,237,1081,1318,1523,380,93,810,715,4440
1629646,126,3,1409,245,386,0.634715025906,3,13,0.230769230769,71,108,0.657407407407,199,341,540,100,47,108,93,206,564
1629647,237,118,5535,773,1869,0.413590155163,234,757,0.309114927344,333,492,0.676829268292,194,1050,1244,282,138,177,292,230,2113
1629648,24,0,248,28,74,0.378378378378,12,42,0.285714285714,0,0,0.0,4,24,28,26,3,0,5,17,68
1629649,64,1,837,122,293,0.416382252559,39,124,0.314516129032,35,51,0.686274509803,36,86,122,58,14,7,31,73,318
1629651,380,297,9943,1728,2777,0.622254231184,11,59,0.186440677966,557,1003,0.555333998005,855,2020,2875,788,266,611,437,887,4024
1629655,433,259,8683,1660,2364,0.70219966159,0,1,0.0,701,1040,0.674038461538,952,1553,2505,455,232,653,423,1076,4021
1629656,318,146,8151,1223,2743,0.445862194677,599,1637,0.365913255956,486,613,0.79282218597,193,827,1020,732,251,94,399,617,3531
1629657,53,0,430,57,158,0.36075949367,27,89,0.303370786516,24,32,0.75,9,44,53,50,13,1,24,33,165
1629659,305,55,5942,1036,2426,0.427040395713,249,833,0.298919567827,488,633,0.77093206951,145,655,800,852,237,110,424,546,2809
1629660,244,25,4477,831,1807,0.459878251245,327,848,0.385613207547,292,342,0.85380116959,105,404,509,733,182,26,252,362,2281
1629661,394,235,10668,1740,3810,0.456692913385,899,2270,0.39603524229,676,796,0.849246231155,310,1238,1548,796,322,127,359,703,5055
1629662,55,0,380,49,128,0.3828125,22,73,0.301369863013,23,27,0.851851851851,18,63,81,19,12,15,18,48,143
1629667,252,45,4550,635,1414,0.449080622347,174,540,0.322222222222,255,328,0.77743902439,178,651,829,292,165,84,215,485,1699
1629669,205,4,3518,697,1577,0.441978440076,197,624,0.315705128205,224,283,0.791519434628,92,353,445,380,99,34,147,281,1815
1629670,206,30,3358,580,1341,0.432513049962,237,631,0.37559429477,167,207,0.806763285024,125,534,659,216,92,52,200,222,1564
1629671,80,1,672,49,140,0.35,38,115,0.330434782608,9,12,0.75,29,79,108,37,15,10,21,77,145
1629672,158,31,3085,580,1173,0.494458653026,95,291,0.326460481099,297,392,0.757653061224,140,369,509,214,53,25,164,244,1552
1629673,451,257,12282,2508,5999,0.418069678279,1111,3232,0.34375,1339,1526,0.87745740498,162,1025,1187,1671,378,130,1025,1134,7466
1629674,186,81,3270,548,853,0.64243845252,1,11,0.090909090909,200,283,0.706713780918,391,645,1036,198,92,173,135,397,1297
1629676,151,64,2858,440,908,0.484581497797,94,268,0.350746268656,185,274,0.675182481751,185,482,667,216,106,78,188,325,1159
1629677,86,16,921,138,336,0.410714285714,36,146,0.246575342465,72,102,0.705882352941,39,171,210,55,19,19,60,98,384
1629678,131,3,1372,154,369,0.417344173441,75,230,0.326086956521,43,55,0.781818181818,50,165,215,78,21,14,49,178,426
1629680,377,124,7750,700,1600,0.4375,336,964,0.348547717842,136,199,0.683417085427,217,552,769,415,602,295,227,689,1872
1629682,40,4,406,52,147,0.353741496598,21,71,0.295774647887,24,25,0.96,5,32,37,85,30,3,46,34,149
1629683,42,0,272,33,73,0.45205479452,3,16,0.1875,19,23,0.826086956521,6,26,32,24,12,4,18,41,88
1629684,416,111,9421,1024,2277,0.449714536671,498,1318,0.37784522003,430,553,0.777576853526,408,1127,1535,608,220,218,418,1030,2976
1629685,101,0,1090,111,261,0.425287356321,61,176,0.34659090909,36,45,0.8,44,168,212,78,36,15,51,90,319
1629686,23,0,159,15,50,0.3,11,35,0.314285714285,3,6,0.5,0,35,35,6,5,1,5,13,44
1629712,12,1,185,15,46,0.326086956521,11,31,0.354838709677,2,2,1.0,6,14,20,8,4,2,8,18,43
1630162,442,423,15399,3802,8398,0.452726839723,1314,3557,0.369412426201,1936,2413,0.802320762536,317,2002,2319,1826,587,282,1273,888,10854
1630163,303,280,9391,2222,5317,0.417904833552,977,2674,0.365370231862,883,1042,0.847408829174,354,1372,1726,2224,427,93,971,922,6304
1630164,152,56,2857,575,1026,0.560428849902,16,61,0.262295081967,197,289,0.681660899653,243,595,838,113,30,103,182,380,1363
1630165,239,153,6046,731,1939,0.37699845281,191,683,0.279648609077,232,293,0.79180887372,90,601,691,1202,270,101,455,583,1885
1630166,425,275,11878,1933,4181,0.462329586223,542,1629,0.332719459791,1235,1601,0.77139287945,416,2274,2690,1450,338,200,852,1063,5643
1630167,386,50,6662,1291,2478,0.520984665052,412,1160,0.355172413793,359,457,0.78555798687,278,1059,1337,483,170,132,282,504,3353
1630168,381,139,9207,1593,2781,0.57281553398,219,616,0.355519480519,678,897,0.755852842809,899,1721,2620,625,287,407,416,1098,4083
1630169,333,294,10996,2110,4423,0.477051774813,856,2184,0.391941391941,766,896,0.854910714285,210,1008,1218,2947,490,199,711,440,5842
1630170,370,251,10446,1932,4362,0.442916093535,782,2103,0.371849738468,566,701,0.807417974322,176,1237,1413,955,376,157,393,576,5212
1630171,397,300,10442,1187,2550,0.465490196078,392,1129,0.347209920283,526,710,0.740845070422,377,726,1103,636,309,155,309,913,3292
1630172,348,217,8952,1165,2660,0.437969924812,434,1138,0.38137082601,377,495,0.761616161616,299,1042,1341,509,282,216,433,569,3141
1630173,393,129,8140,1300,2629,0.494484594903,148,495,0.298989898989,408,685,0.595620437956,788,1517,2305,414,246,259,379,691,3156
1630174,333,190,7510,1121,2476,0.452746365105,515,1343,0.383469843633,434,524,0.828244274809,253,880,1133,391,216,137,293,871,3191
1630175,355,125,8462,1513,3611,0.418997507615,457,1334,0.342578710644,766,911,0.840834248079,243,1216,1459,1344,242,146,661,826,4249
1630176,37,5,187,27,57,0.473684210526,1,7,0.142857142857,17,26,0.653846153846,17,33,50,5,5,8,10,22,72
1630177,177,64,3752,467,1255,0.372111553784,182,588,0.309523809523,257,324,0.793209876543,63,426,489,518,131,34,283,275,1373
1630178,388,315,12849,2929,6348,0.461405166981,916,2427,0.377420683971,1408,1613,0.872907625542,135,1107,1242,1864,420,162,620,785,8182
1630179,13,0,59,6,17,0.35294117647,0,7,0.0,1,3,0.333333333333,0,6,6,6,5,0,2,3,13
1630180,364,287,11049,1808,4327,0.417841460596,801,2258,0.35473870682,957,1137,0.841688654353,536,1396,1932,720,314,61,349,544,5374
1630181,170,20,3116,417,1021,0.408423114593,133,394,0.337563451776,188,277,0.67870036101,72,394,466,307,90,32,185,221,1155
1630182,349,129,7323,819,1707,0.47978910369,327,845,0.38698224852,225,319,0.705329153605,276,603,879,495,259,52,298,642,2190
1630183,439,363,12766,1911,3908,0.488996929375,548,1527,0.358873608382,498,643,0.774494556765,481,1355,1836,761,415,379,547,1356,4868
1630184,131,0,1744,263,663,0.396681749622,72,245,0.29387755102,89,105,0.847619047619,35,134,169,233,68,15,84,142,687
1630185,30,1,363,39,114,0.342105263157,22,60,0.366666666666,23,28,0.821428571428,6,40,46,70,16,1,31,29,123
1630186,39,1,349,57,137,0.41605839416,16,59,0.271186440677,17,25,0.68,10,35,45,21,12,2,15,28,147
1630187,33,0,188,25,58,0.431034482758,1,6,0.166666666666,12,17,0.705882352941,22,31,53,10,4,9,9,25,63
1630188,324,77,5463,1059,2115,0.500709219858,313,916,0.341703056768,400,532,0.751879699248,536,1251,1787,287,95,229,255,595,2831
1630189,18,0,70,7,22,0.318181818181,1,4,0.25,3,5,0.6,8,11,19,3,0,1,3,6,18
1630190,54,4,498,57,174,0.327586206896,33,118,0.279661016949,10,13,0.76923076923,7,60,67,28,15,9,23,40,157
1630191,365,194,8858,1254,2439,0.514145141451,227,662,0.342900302114,477,647,0.737248840803,800,1667,2467,473,142,430,421,976,3212
1630192,303,15,3632,466,927,0.502696871628,115,333,0.345345345345,196,292,0.671232876712,262,440,702,129,98,140,129,427,1243
1630193,394,168,10524,1905,4477,0.42550815278,857,2287,0.374726716222,1025,1203,0.852036575228,185,1194,1379,1618,329,48,518,768,5692
1630194,325,39,4162,760,1344,0.565476190476,45,145,0.310344827586,214,310,0.690322580645,549,771,1320,288,252,247,218,602,1779
1630195,49,2,309,20,74,0.27027027027,5,22,0.227272727272,11,13,0.846153846153,20,30,50,28,9,1,20,36,56
1630197,168,65,3429,482,1234,0.39059967585,171,563,0.303730017761,118,168,0.70238095238,165,613,778,327,94,136,255,226,1253
1630198,392,38,6944,1062,2434,0.436318816762,765,1882,0.406482465462,330,386,0.854922279792,145,679,824,455,218,57,199,507,3219
1630199,33,1,248,32,89,0.359550561797,7,30,0.233333333333,17,19,0.894736842105,13,26,39,5,6,4,7,31,88
1630200,362,175,8196,1316,2615,0.503250478011,182,583,0.31217838765,583,694,0.840057636887,220,810,1030,1740,330,46,412,430,3397
1630201,217,21,3076,427,1103,0.387126019945,188,564,0.333333333333,142,190,0.747368421052,59,317,376,414,120,23,148,248,1184
1630202,426,67,9563,1657,3628,0.456725468577,873,2217,0.393775372124,311,358,0.868715083798,331,933,1264,1291,243,46,387,544,4498
1630203,7,0,27,8,12,0.666666666666,2,4,0.5,0,0,0.0,0,1,1,3,1,0,1,0,18
1630206,24,1,235,37,89,0.415730337078,10,32,0.3125,13,17,0.764705882352,4,32,36,10,10,3,17,16,97
1630208,305,114,5363,829,1336,0.620508982035,6,23,0.260869565217,490,677,0.723781388478,582,1179,1761,172,70,253,299,617,2154
1630214,290,61,4354,607,1199,0.506255212677,64,260,0.246153846153,155,271,0.571955719557,360,661,1021,330,222,131,179,384,1433
1630215,148,19,2045,377,837,0.450418160095,119,349,0.340974212034,117,143,0.818181818181,40,177,217,417,93,29,168,207,990
1630216,29,0,137,18,44,0.40909090909,10,23,0.434782608695,9,10,0.9,0,10,10,19,2,1,8,17,55
1630217,395,343,12030,2628,5538,0.474539544962,979,2406,0.406899418121,992,1114,0.890484739676,316,1460,1776,1517,398,154,741,1007,7227
1630218,25,0,87,10,36,0.277777777777,2,10,0.2,5,10,0.5,9,18,27,5,1,4,2,7,27
1630219,105,16,1111,173,389,0.44473007712,50,145,0.344827586206,55,64,0.859375,27,95,122,182,48,7,49,61,451
1630224,339,334,10866,2359,5594,0.421701823382,850,2505,0.339321357285,1173,1474,0.79579375848,178,1248,1426,1121,274,99,801,518,6741
1630225,18,1,135,10,45,0.222222222222,5,26,0.192307692307,4,8,0.5,5,19,24,8,5,2,6,8,29
1630228,294,98,6503,1368,2726,0.501834189288,238,716,0.332402234636,689,985,0.699492385786,321,918,1239,539,187,121,429,617,3663
1630231,309,77,6674,1059,1943,0.545033453422,186,566,0.328621908127,348,517,0.673114119922,350,897,1247,371,144,145,245,550,2652
1630240,134,8,1942,237,563,0.420959147424,35,129,0.271317829457,188,256,0.734375,60,200,260,378,94,29,123,165,697
1630241,225,45,4196,602,1419,0.424242424242,471,1185,0.39746835443,121,136,0.889705882352,95,361,456,371,117,26,108,346,1796
1630245,348,173,9694,1526,3020,0.505298013245,433,1139,0.380158033362,393,489,0.803680981595,199,849,1048,1161,291,127,475,765,3878
1630249,203,46,3941,471,1029,0.457725947521,283,721,0.392510402219,95,126,0.753968253968,88,395,483,371,120,59,145,373,1320
1630250,16,0,54,6,22,0.272727272727,2,9,0.222222222222,9,13,0.692307692307,6,6,12,0,1,1,2,11,23
1630525,2,0,1,0,1,0.0,0,1,0.0,0,0,0.0,0,0,0,0,0,0,0,0,0
1630526,219,69,3834,484,1114,0.434470377019,174,520,0.334615384615,150,185,0.81081081081,315,633,948,216,111,38,137,275,1292
1630527,147,11,2346,407,989,0.411526794742,109,332,0.328313253012,178,228,0.780701754385,71,256,327,176,99,30,119,177,1101
1630528,152,4,2189,388,860,0.451162790697,79,289,0.273356401384,132,179,0.737430167597,72,194,266,231,103,31,180,158,987
1630529,296,287,8843,1060,2315,0.45788336933,329,940,0.35,480,584,0.821917808219,338,767,1105,748,463,200,389,913,2929
1630530,317,206,9196,1646,3587,0.458879286311,814,2131,0.381980290943,762,868,0.877880184331,258,1095,1353,712,318,141,334,535,4868
1630531,110,6,967,112,274,0.408759124087,24,101,0.237623762376,68,88,0.772727272727,57,95,152,85,67,24,54,123,316
1630532,325,323,10417,2307,4857,0.474984558369,472,1456,0.324175824175,1165,1369,0.850986121256,325,1260,1585,1180,328,111,619,734,6251
1630533,269,108,5767,823,1951,0.421834956432,348,1081,0.32192414431,342,415,0.824096385542,168,641,809,319,223,76,270,521,2336
1630534,263,108,5562,731,1633,0.447642375995,278,820,0.339024390243,163,216,0.754629629629,224,496,720,295,145,106,190,434,1903
1630535,70,6,772,97,229,0.423580786026,21,71,0.295774647887,53,86,0.616279069767,43,120,163,42,30,33,46,108,268
1630536,54,1,738,130,261,0.498084291187,30,82,0.365853658536,50,60,0.833333333333,18,73,91,129,16,5,66,62,340
1630537,177,62,3232,483,1190,0.405882352941,199,571,0.348511383537,183,225,0.813333333333,91,376,467,231,109,27,158,247,1348
1630538,257,13,4351,814,1979,0.411318847902,440,1189,0.370058873002,298,358,0.832402234636,67,463,530,676,168,60,307,449,2366
1630539,107,6,1080,163,243,0.670781893004,6,26,0.230769230769,45,66,0.681818181818,80,179,259,44,33,55,55,123,377
1630540,277,43,5133,707,1728,0.409143518518,393,1051,0.373929590865,168,215,0.781395348837,119,334,453,520,203,42,134,391,1975
1630541,315,106,5769,873,1955,0.446547314578,438,1159,0.377911993097,331,428,0.773364485981,213,557,770,325,184,106,202,425,2515
1630543,219,45,3346,615,1017,0.604719764011,7,37,0.189189189189,303,455,0.665934065934,391,596,987,168,129,263,193,544,1540
1630544,234,60,4525,752,1869,0.402354200107,300,870,0.344827586206,194,244,0.795081967213,104,501,605,501,170,35,277,342,1998
1630545,75,3,876,132,285,0.463157894736,42,107,0.392523364485,73,91,0.802197802197,20,76,96,70,21,6,39,77,379
1630547,79,0,900,136,375,0.362666666666,63,188,0.335106382978,48,63,0.761904761904,31,102,133,73,22,7,49,81,383
1630549,253,21,3931,726,1287,0.564102564102,32,117,0.273504273504,293,445,0.658426966292,661,831,1492,375,157,159,311,540,1777
1630550,185,11,2260,224,535,0.418691588785,80,252,0.31746031746,71,109,0.651376146788,110,279,389,90,49,70,78,169,599
1630552,256,166,6866,1410,2835,0.497354497354,268,799,0.335419274092,556,740,0.751351351351,290,1605,1895,1036,253,150,501,473,3644
1630553,161,68,3099,474,1250,0.3792,192,592,0.324324324324,186,243,0.765432098765,101,328,429,313,132,49,210,326,1326
1630554,21,0,194,24,60,0.4,5,21,0.238095238095,0,2,0.0,8,31,39,43,4,1,12,10,53
1630556,178,45,2256,247,577,0.428076256499,107,297,0.360269360269,44,56,0.785714285714,98,292,390,111,72,54,75,213,645
1630557,350,113,8642,1350,2852,0.47335203366,666,1751,0.38035408338,395,492,0.802845528455,179,775,954,523,150,70,312,489,3761
1630558,371,139,8651,1163,2574,0.451825951825,395,1114,0.354578096947,211,307,0.687296416938,135,584,719,1448,256,69,455,704,2932
1630560,257,88,5860,1333,3064,0.435052219321,362,1066,0.339587242026,794,933,0.851018220793,78,546,624,550,122,37,378,346,3822
1630563,56,16,1068,111,299,0.371237458193,45,150,0.3,51,68,0.75,35,92,127,99,21,26,72,87,318
1630564,4,0,74,16,29,0.551724137931,5,12,0.416666666666,2,2,1.0,5,11,16,13,1,2,5,5,39
1630567,356,355,12204,2412,5076,0.475177304964,366,1217,0.300739523418,1014,1311,0.773455377574,773,1892,2665,1842,445,383,849,804,6204
1630568,193,11,2091,423,800,0.52875,104,283,0.367491166077,211,290,0.727586206896,297,232,529,119,49,40,96,312,1161
1630572,271,28,3949,698,1412,0.49433427762,246,672,0.366071428571,243,329,0.738601823708,320,676,996,332,116,91,162,322,1885
1630574,79,6,715,66,111,0.594594594594,1,4,0.25,32,46,0.695652173913,70,140,210,40,10,41,53,99,165
1630575,2,0,6,0,0,0.0,0,0,0.0,1,2,0.5,0,0,0,1,1,0,0,0,1
1630578,358,296,10498,2368,4572,0.517935258092,142,506,0.280632411067,1171,1676,0.698687350835,1040,2046,3086,1605,374,322,921,1130,6049
1630579,258,56,3901,350,472,0.741525423728,0,1,0.0,92,153,0.601307189542,434,691,1125,208,63,105,171,418,792
1630580,38,0,254,23,70,0.328571428571,17,55,0.30909090909,7,13,0.538461538461,4,14,18,12,4,3,3,17,70
1630581,334,330,9927,1914,4150,0.461204819277,422,1251,0.337330135891,611,800,0.76375,551,1997,2548,2197,298,167,948,554,4861
1630583,278,82,6517,1088,2349,0.463175819497,396,1144,0.346153846153,323,471,0.685774946921,351,1162,1513,570,183,172,271,413,2895
1630586,105,3,1227,106,227,0.466960352422,29,80,0.3625,35,56,0.625,144,253,397,82,55,43,55,165,276
1630587,130,33,2398,223,558,0.39964157706,135,384,0.3515625,65,83,0.78313253012,77,232,309,108,67,48,73,211,646
1630591,268,230,7153,1199,2836,0.422778561354,459,1385,0.331407942238,527,665,0.792481203007,188,734,922,1010,388,166,623,710,3384
1630592,176,27,3555,432,1077,0.401114206128,200,588,0.340136054421,242,307,0.788273615635,139,376,515,240,73,11,136,297,1306
1630595,272,272,9186,2278,5068,0.449486977111,524,1543,0.339598185353,1039,1237,0.839935327405,215,1261,1476,2164,307,179,1030,778,6119
1630596,334,332,10819,2241,4094,0.547386419149,214,692,0.309248554913,896,1329,0.674191121143,761,2233,2994,1018,270,532,636,799,5592
1630598,339,100,6892,1140,2341,0.486971379752,378,995,0.379899497487,304,388,0.783505154639,301,767,1068,477,245,90,315,478,2962
1630600,23,0,173,24,59,0.406779661016,7,21,0.333333333333,5,7,0.714285714285,8,26,34,14,7,4,3,17,60
1630604,46,5,425,63,132,0.477272727272,21,67,0.31343283582,25,30,0.833333333333,17,66,83,28,9,13,19,58,172
1630611,147,32,2349,340,694,0.489913544668,122,352,0.34659090909,132,179,0.737430167597,164,323,487,253,90,34,151,256,934
1630625,222,19,3202,542,1351,0.40118430792,159,524,0.303435114503,232,317,0.731861198738,122,365,487,433,119,82,242,227,1475
1630699,149,13,1661,237,550,0.430909090909,103,293,0.351535836177,74,104,0.711538461538,78,212,290,92,47,19,100,152,651
1630700,272,179,7491,1083,2219,0.488057683641,171,573,0.298429319371,218,355,0.614084507042,406,987,1393,1080,506,122,406,541,2555
1630702,235,19,3503,703,1655,0.424773413897,324,839,0.386174016686,239,316,0.756329113924,55,340,395,313,83,22,252,323,1969
1630703,158,52,4272,737,1824,0.404057017543,249,727,0.342503438789,409,510,0.801960784313,123,349,472,783,143,35,462,461,2132
1631093,218,169,6090,1130,2625,0.430476190476,357,1007,0.3545183714,616,822,0.749391727493,223,544,767,870,169,83,557,566,3233
1631094,270,270,9311,2060,4592,0.448606271777,375,1183,0.316990701606,1536,2068,0.742746615087,302,1698,2000,1292,218,154,805,554,6031
1631095,289,271,9295,1428,3265,0.437366003062,533,1536,0.347005208333,578,726,0.796143250688,474,1639,2113,425,176,247,359,742,3967
1631096,183,183,5286,1106,2073,0.5335262904,261,708,0.368644067796,544,693,0.784992784992,307,1213,1520,378,119,392,294,427,3017
1631097,263,110,7530,1391,3144,0.442430025445,353,1050,0.33619047619,1128,1346,0.838038632986,289,939,1228,500,173,64,502,578,4263
1631098,112,11,1277,160,403,0.397022332506,38,139,0.273381294964,37,66,0.560606060606,38,137,175,71,43,24,37,123,395
1631099,256,253,8373,1287,2877,0.447340980187,574,1573,0.364907819453,263,326,0.806748466257,374,1056,1430,374,225,206,211,595,3411
1631100,92,12,1572,266,595,0.447058823529,111,298,0.372483221476,44,49,0.897959183673,39,132,171,78,43,14,50,93,687
1631101,234,134,6561,1373,3054,0.449574328749,412,1241,0.331990330378,518,663,0.781297134238,224,713,937,518,198,58,452,442,3676
1631102,74,2,695,87,244,0.356557377049,28,115,0.243478260869,13,24,0.541666666666,8,61,69,85,27,5,22,41,215
1631103,216,61,3846,670,1520,0.440789473684,218,644,0.33850931677,168,200,0.84,75,349,424,344,81,20,216,259,1726
1631104,187,4,2588,308,740,0.416216216216,59,201,0.293532338308,142,230,0.617391304347,55,221,276,440,107,25,205,236,817
1631105,276,239,7457,1507,2311,0.652098658589,0,6,0.0,722,1010,0.714851485148,963,1885,2848,569,188,254,487,820,3736
1631106,221,55,5216,897,1988,0.45120724346,233,666,0.349849849849,261,349,0.747851002865,493,894,1387,288,296,144,267,514,2288
1631107,154,57,3064,442,1041,0.424591738712,196,575,0.340869565217,192,254,0.755905511811,85,471,556,333,96,46,177,248,1272
1631108,263,114,5828,719,1662,0.432611311672,363,940,0.386170212765,305,353,0.864022662889,75,649,724,378,140,82,232,303,2106
1631109,166,132,3923,810,1287,0.62937062937,1,5,0.2,379,499,0.759519038076,486,926,1412,207,131,174,193,381,2000
1631110,228,149,5483,905,1926,0.469885773624,142,497,0.285714285714,298,411,0.72506082725,396,834,1230,559,167,97,342,499,2250
1631111,96,3,786,90,194,0.463917525773,16,65,0.246153846153,24,29,0.827586206896,35,96,131,70,35,13,40,52,220
1631112,21,0,102,12,22,0.545454545454,0,3,0.0,6,10,0.6,5,6,11,8,4,0,4,18,30
1631113,47,2,636,96,220,0.436363636363,17,53,0.320754716981,34,56,0.607142857142,15,60,75,132,23,7,41,38,243
1631114,248,235,7671,1731,3401,0.508967950602,323,863,0.374275782155,679,840,0.808333333333,207,933,1140,1105,333,135,459,589,4464
1631116,102,8,928,132,326,0.40490797546,82,218,0.37614678899,30,45,0.666666666666,35,176,211,48,30,26,40,92,376
1631117,201,125,5090,831,1220,0.681147540983,17,64,0.265625,231,424,0.544811320754,685,1177,1862,241,99,474,226,453,1910
1631119,230,57,3872,443,1035,0.428019323671,258,666,0.387387387387,167,217,0.769585253456,160,935,1095,464,109,110,173,415,1311
1631120,64,0,416,49,129,0.37984496124,17,64,0.265625,22,32,0.6875,9,57,66,69,14,10,26,28,137
1631121,160,34,2580,299,683,0.437774524158,98,279,0.351254480286,205,266,0.770676691729,51,235,286,169,64,24,94,213,901
1631124,172,18,2789,441,1027,0.429406037,193,557,0.346499102333,153,191,0.801047120418,34,283,317,191,81,29,116,278,1228
1631127,12,0,60,7,10,0.7,1,2,0.5,0,0,0.0,5,7,12,4,3,0,2,4,15
1631128,281,131,6911,1043,1982,0.526236125126,229,627,0.365231259968,389,513,0.758284600389,286,822,1108,516,198,101,214,511,2704
1631132,122,23,1500,143,290,0.493103448275,2,25,0.08,57,88,0.647727272727,150,194,344,65,43,96,48,220,345
1631133,252,30,3830,532,1149,0.463011314186,117,362,0.323204419889,262,355,0.738028169014,330,712,1042,176,108,54,156,432,1443
1631157,155,86,3334,639,1348,0.474035608308,239,586,0.407849829351,180,225,0.8,80,391,471,538,163,52,278,299,1697
1631159,76,12,802,164,297,0.552188552188,34,109,0.311926605504,48,63,0.761904761904,62,150,212,48,21,17,39,72,410
1631169,142,11,1297,205,414,0.495169082125,84,212,0.396226415094,85,102,0.833333333333,69,178,247,77,68,47,59,127,579
1631170,216,38,5602,1018,2074,0.490838958534,160,504,0.31746031746,415,533,0.77861163227,262,688,950,713,189,55,360,385,2611
1631172,166,22,2438,347,820,0.423170731707,133,424,0.313679245283,72,100,0.72,76,341,417,250,64,36,138,175,899
1631200,188,50,3721,391,921,0.424538545059,110,425,0.258823529411,102,170,0.6,251,361,612,229,139,60,145,250,994
1631204,166,17,2618,425,985,0.431472081218,192,498,0.385542168674,116,135,0.859259259259,36,197,233,444,101,20,175,216,1158
1631207,218,7,2432,289,652,0.443251533742,85,271,0.313653136531,104,163,0.638036809815,105,255,360,266,111,53,119,268,767
1631209,21,0,269,42,108,0.388888888888,13,34,0.382352941176,25,34,0.735294117647,14,18,32,28,11,0,18,21,122
1631211,11,0,22,4,16,0.25,3,13,0.230769230769,0,0,0.0,0,4,4,0,1,0,0,0,11
1631212,225,64,4927,726,1515,0.479207920792,180,499,0.360721442885,315,452,0.696902654867,160,632,792,302,142,253,215,416,1947
1631213,122,17,2157,307,765,0.401307189542,153,454,0.337004405286,67,88,0.761363636363,97,250,347,202,60,15,116,112,834
1631216,186,23,2491,240,604,0.397350993377,193,510,0.378431372549,54,64,0.84375,86,183,269,98,51,18,51,197,727
1631217,177,56,3399,430,709,0.606488011283,2,10,0.2,204,322,0.63354037267,506,641,1147,205,114,121,145,304,1066
1631218,183,54,2593,478,758,0.630606860158,1,5,0.2,171,308,0.555194805194,323,474,797,225,69,138,116,226,1128
1631222,218,49,4630,555,1258,0.441176470588,215,612,0.351307189542,291,385,0.755844155844,276,500,776,382,207,77,236,446,1616
1631223,173,20,2918,417,984,0.423780487804,135,448,0.301339285714,115,166,0.692771084337,124,384,508,178,74,40,138,206,1084
1631243,116,36,1784,211,484,0.435950413223,64,220,0.290909090909,77,110,0.7,143,293,436,100,94,76,49,195,563
1631246,134,51,2859,351,878,0.399772209567,164,509,0.322200392927,164,206,0.796116504854,124,434,558,400,94,59,200,272,1030
1631247,24,0,190,14,56,0.25,1,25,0.04,11,11,1.0,17,27,44,17,8,5,11,12,40
1631248,108,22,1813,190,443,0.428893905191,123,325,0.378461538461,37,43,0.860465116279,76,258,334,149,59,8,58,130,540
1631255,104,9,1702,277,470,0.589361702127,59,156,0.378205128205,64,85,0.75294117647,136,302,438,96,47,95,77,211,677
1631321,109,26,1690,162,397,0.4080604534,63,223,0.282511210762,73,112,0.651785714285,78,131,209,135,61,29,84,211,460
1641705,181,172,5499,1512,3123,0.484149855907,392,1147,0.341761115954,822,1006,0.817097415506,373,1624,1997,641,206,627,564,414,4238
1641706,166,160,5274,1128,2618,0.430863254392,492,1319,0.373009855951,410,475,0.863157894736,155,610,765,490,161,106,371,438,3158
1641707,102,43,2049,275,613,0.448613376835,119,336,0.354166666666,75,105,0.714285714285,116,305,421,89,83,64,79,184,744
1641708,210,144,6567,1184,2187,0.541380887059,58,265,0.218867924528,579,792,0.73106060606,575,1012,1587,848,294,175,418,483,3005
1641709,195,158,4806,781,1517,0.514831905075,38,186,0.204301075268,271,452,0.599557522123,390,733,1123,482,312,168,274,537,1871
1641710,211,83,4961,722,1639,0.440512507626,199,589,0.337860780984,368,508,0.724409448818,132,481,613,567,212,114,327,446,2011
1641711,190,72,3921,615,1476,0.416666666666,258,753,0.342629482071,254,294,0.863945578231,113,359,472,217,127,19,176,308,1742
1641712,155,20,2165,235,616,0.381493506493,88,273,0.322344322344,84,109,0.770642201834,98,252,350,155,83,16,116,217,642
1641713,132,49,2869,570,1276,0.446708463949,198,574,0.344947735191,256,344,0.744186046511,129,394,523,169,71,73,181,169,1594
1641715,119,5,2060,468,1039,0.450433108758,160,459,0.348583877995,153,215,0.711627906976,99,290,389,97,76,38,110,133,1249
1641716,184,46,3480,522,1203,0.43391521197,230,596,0.385906040268,191,261,0.731800766283,86,597,683,342,132,62,234,268,1465
1641717,227,114,5614,701,1515,0.462706270627,273,730,0.373972602739,114,142,0.802816901408,186,468,654,493,346,100,177,428,1789
1641718,196,133,5917,1080,2615,0.413001912045,455,1308,0.347859327217,759,886,0.856659142212,64,599,663,1041,140,30,537,322,3374
1641720,36,0,423,47,143,0.328671328671,16,61,0.262295081967,30,41,0.731707317073,5,35,40,45,8,9,27,38,140
1641721,62,1,430,49,129,0.37984496124,20,59,0.338983050847,9,13,0.692307692307,20,39,59,25,11,8,24,34,127
1641722,174,20,3173,475,1269,0.374310480693,266,765,0.3477124183,170,205,0.829268292682,74,320,394,178,62,40,132,153,1386
1641723,43,1,439,67,189,0.354497354497,18,85,0.211764705882,28,38,0.736842105263,12,55,67,54,12,10,23,38,180
1641724,133,0,1462,213,543,0.39226519337,116,356,0.325842696629,55,66,0.833333333333,44,120,164,95,25,24,54,138,597
1641726,98,75,2242,366,505,0.724752475247,0,2,0.0,95,164,0.579268292682,253,432,685,158,60,144,101,265,827
1641727,28,2,452,77,194,0.396907216494,52,137,0.379562043795,9,14,0.642857142857,6,51,57,24,10,2,25,35,215
1641729,178,48,3778,754,1674,0.450418160095,353,929,0.379978471474,268,315,0.850793650793,114,429,543,308,113,26,278,297,2129
1641730,135,84,3192,433,1096,0.3950729927,228,686,0.332361516034,268,334,0.80239520958,121,414,535,166,82,82,163,298,1362
1641731,178,130,5130,681,1597,0.426424546023,192,613,0.313213703099,362,493,0.734279918864,195,598,793,454,210,143,293,406,1916
1641732,70,0,713,88,203,0.433497536945,18,73,0.246575342465,29,46,0.630434782608,38,93,131,66,33,18,33,67,223
1641733,141,28,2472,405,1018,0.397838899803,201,538,0.373605947955,67,76,0.881578947368,34,189,223,235,36,15,142,162,1078
1641734,25,0,207,28,87,0.321839080459,21,63,0.333333333333,1,4,0.25,1,20,21,18,2,3,10,9,78
1641735,10,0,64,8,24,0.333333333333,1,8,0.125,6,7,0.857142857142,6,3,9,7,3,0,4,2,23
1641737,129,29,2138,266,412,0.645631067961,2,7,0.285714285714,147,213,0.69014084507,220,332,552,59,56,151,117,278,681
1641738,145,10,1628,197,433,0.454965357967,72,213,0.338028169014,53,68,0.779411764705,107,205,312,129,42,22,74,141,519
1641739,230,209,7018,917,2045,0.448410757946,412,1124,0.366548042704,263,362,0.726519337016,441,773,1214,463,276,118,337,641,2509
1641740,108,5,1409,155,348,0.44540229885,55,152,0.361842105263,73,104,0.701923076923,80,93,173,69,83,11,31,148,438
1641744,77,66,1699,313,531,0.58945386064,19,57,0.333333333333,115,159,0.723270440251,275,395,670,77,43,106,114,219,760
1641747,25,6,209,31,61,0.508196721311,20,45,0.444444444444,11,14,0.785714285714,8,27,35,16,1,6,12,19,93
1641748,172,52,1960,183,416,0.439903846153,62,182,0.340659340659,40,67,0.597014925373,133,234,367,176,69,24,117,249,468
1641749,9,0,66,5,16,0.3125,1,3,0.333333333333,0,0,0.0,4,6,10,4,1,0,4,5,11
1641750,69,31,1479,219,291,0.752577319587,0,5,0.0,83,116,0.715517241379,167,210,377,54,32,101,62,107,521
1641752,20,0,113,15,37,0.405405405405,6,18,0.333333333333,1,5,0.2,6,20,26,13,5,1,7,19,37
1641753,45,1,213,24,56,0.428571428571,1,16,0.0625,16,21,0.761904761904,13,46,59,11,8,0,11,27,65
1641754,9,0,51,4,17,0.235294117647,3,13,0.230769230769,3,4,0.75,1,6,7,0,0,0,1,6,14
1641755,25,0,184,22,54,0.407407407407,8,25,0.32,4,7,0.571428571428,11,25,36,22,10,1,12,28,56
1641757,105,1,1773,275,542,0.5073800738,47,150,0.313333333333,166,212,0.783018867924,76,169,245,170,62,16,90,90,763
1641763,167,7,1872,211,485,0.435051546391,82,256,0.3203125,91,118,0.771186440677,102,152,254,62,67,34,48,191,595
1641764,220,104,6017,945,2092,0.4517208413,358,955,0.374869109947,314,415,0.756626506024,255,916,1171,797,218,42,294,353,2562
1641765,145,29,1903,302,628,0.480891719745,85,244,0.348360655737,163,231,0.705627705627,128,264,392,113,73,23,69,131,852
1641767,185,30,3434,378,903,0.418604651162,201,587,0.342419080068,86,104,0.826923076923,102,359,461,252,110,22,78,327,1043
1641771,25,6,347,38,83,0.457831325301,15,42,0.357142857142,12,17,0.705882352941,8,56,64,38,21,15,19,35,103
1641774,94,17,1336,301,626,0.480830670926,98,282,0.347517730496,156,200,0.78,64,249,313,107,39,63,114,167,856
1641775,129,27,1698,172,365,0.471232876712,65,189,0.343915343915,52,71,0.732394366197,113,248,361,78,66,43,55,178,461
1641780,11,0,54,4,24,0.166666666666,0,5,0.0,2,6,0.333333333333,7,9,16,4,3,2,3,7,10
1641783,151,72,3528,478,1103,0.433363553943,200,560,0.357142857142,139,158,0.879746835443,131,398,529,237,101,43,125,211,1295
1641794,61,3,590,53,142,0.373239436619,17,68,0.25,21,32,0.65625,32,96,128,62,19,4,28,60,144
1641796,125,62,2631,366,762,0.480314960629,94,287,0.327526132404,225,292,0.770547945205,97,239,336,301,81,23,125,239,1051
1641803,9,0,28,5,17,0.294117647058,2,8,0.25,3,4,0.75,4,3,7,2,2,0,2,4,15
1641810,54,6,727,123,268,0.45895522388,58,142,0.408450704225,28,35,0.8,20,51,71,42,22,4,31,43,332
1641816,90,4,609,67,192,0.348958333333,34,121,0.280991735537,32,41,0.780487804878,30,93,123,39,13,7,21,67,200
1641817,9,0,22,4,9,0.444444444444,0,1,0.0,0,0,0.0,1,2,3,2,1,0,2,3,8
1641824,157,108,3759,698,1518,0.459815546772,269,761,0.353482260183,275,346,0.794797687861,132,594,726,237,84,191,233,305,1940
1641842,159,7,2816,432,960,0.45,86,349,0.246418338108,212,271,0.782287822878,123,410,533,177,141,44,168,324,1162
1641890,35,0,287,45,100,0.45,23,65,0.353846153846,10,14,0.714285714285,18,40,58,9,9,4,14,24,123
1642258,142,119,3346,601,1315,0.457034220532,217,602,0.360465116279,164,239,0.686192468619,157,368,525,168,111,73,150,296,1583
1642259,115,115,3118,642,1484,0.432614555256,155,491,0.315682281059,213,311,0.684887459807,229,561,790,291,83,196,196,251,1652
1642260,10,2,160,22,51,0.431372549019,6,15,0.4,2,5,0.4,7,12,19,44,5,0,25,13,52
1642261,132,17,2046,344,748,0.459893048128,166,451,0.368070953436,80,106,0.754716981132,51,240,291,87,35,19,60,138,934
1642262,117,62,2690,321,766,0.419060052219,63,266,0.236842105263,113,159,0.710691823899,88,223,311,196,74,42,117,217,818
1642263,134,24,2801,491,1185,0.414345991561,275,718,0.383008356545,82,102,0.803921568627,44,272,316,352,157,71,160,219,1339
1642264,149,114,4199,808,1805,0.447645429362,176,577,0.305025996533,531,728,0.729395604395,187,472,659,834,152,41,394,386,2323
1642265,114,1,1485,256,623,0.410914927768,67,207,0.323671497584,49,70,0.7,31,150,181,241,67,7,153,151,628
1642266,124,37,2576,339,797,0.425345043914,175,455,0.384615384615,137,173,0.79190751445,115,230,345,167,116,24,87,257,990
1642267,164,105,4728,614,1489,0.412357286769,307,821,0.373934226552,150,196,0.765306122448,66,551,617,745,106,38,332,374,1685
1642268,130,65,3356,489,1070,0.457009345794,69,269,0.256505576208,256,363,0.705234159779,53,332,385,869,132,36,356,287,1303
1642269,74,12,1095,168,419,0.400954653937,48,175,0.274285714285,93,138,0.673913043478,55,146,201,142,55,13,72,89,477
1642270,144,114,3417,536,1018,0.52652259332,98,295,0.33220338983,200,307,0.651465798045,564,855,1419,239,78,240,167,371,1370
1642271,149,68,3322,583,1175,0.496170212765,151,448,0.337053571428,252,355,0.709859154929,256,736,992,338,121,61,227,403,1569
1642272,90,11,1751,330,754,0.437665782493,150,390,0.384615384615,100,115,0.869565217391,36,157,193,150,50,5,93,118,910
1642273,116,86,3193,456,1123,0.40605520926,213,614,0.346905537459,175,224,0.78125,92,438,530,383,116,93,222,370,1300
1642274,139,81,3252,429,786,0.545801526717,0,2,0.0,184,306,0.601307189542,438,548,986,183,57,199,136,258,1042
1642275,97,10,1819,194,504,0.38492063492,94,288,0.326388888888,93,134,0.694029850746,96,333,429,101,45,21,84,138,575
1642276,141,70,3126,601,1113,0.539982030548,127,344,0.369186046511,117,163,0.717791411042,333,834,1167,116,98,155,119,230,1446
1642277,85,21,1022,105,241,0.435684647302,38,121,0.314049586776,35,57,0.614035087719,55,169,224,60,38,18,41,106,283
1642278,103,1,1023,135,330,0.40909090909,58,161,0.360248447204,27,37,0.729729729729,24,101,125,240,34,8,73,91,355
1642279,7,0,32,2,5,0.4,0,0,0.0,1,2,0.5,4,4,8,2,0,1,2,5,5
1642281,113,45,2230,394,819,0.481074481074,153,356,0.429775280898,98,131,0.748091603053,155,279,434,191,67,31,125,214,1039
1642285,97,21,1966,297,638,0.465517241379,165,377,0.437665782493,145,153,0.9477124183,52,161,213,434,61,12,99,126,904
1642345,143,30,2853,352,553,0.636528028933,0,3,0.0,82,167,0.491017964071,204,436,640,256,101,86,140,320,786
1642346,144,60,2765,369,839,0.439809296781,138,433,0.318706697459,42,86,0.488372093023,191,373,564,159,104,69,96,292,918
1642347,157,23,3319,389,1008,0.385912698412,156,485,0.321649484536,144,185,0.778378378378,56,202,258,760,134,25,229,320,1078
1642349,93,17,2069,377,774,0.487080103359,84,236,0.355932203389,170,197,0.862944162436,58,200,258,270,96,22,110,187,1008
1642353,68,0,538,60,163,0.368098159509,14,62,0.225806451612,40,54,0.74074074074,22,68,90,37,21,4,24,23,174
1642354,56,17,1099,138,400,0.345,45,170,0.264705882352,52,68,0.764705882352,48,98,146,155,50,6,81,74,373
1642355,69,2,556,68,182,0.373626373626,31,89,0.348314606741,17,21,0.809523809523,9,32,41,73,28,7,38,41,184
1642358,77,11,1091,139,389,0.357326478149,36,147,0.244897959183,66,77,0.857142857142,22,92,114,123,23,6,65,80,380
1642359,47,0,246,26,79,0.32911392405,13,51,0.254901960784,13,17,0.764705882352,7,38,45,17,6,3,7,15,78
1642363,75,28,1881,249,596,0.417785234899,77,231,0.333333333333,70,97,0.721649484536,65,217,282,179,68,24,116,156,645
1642364,50,7,1032,132,296,0.445945945945,47,158,0.29746835443,57,82,0.695121951219,49,145,194,67,54,25,40,129,368
1642366,109,49,1845,316,713,0.44319775596,166,456,0.364035087719,55,70,0.785714285714,103,314,417,150,42,53,89,208,853
1642367,103,18,1534,182,400,0.455,17,71,0.239436619718,69,96,0.71875,128,251,379,171,66,42,84,162,450
1642377,148,143,3864,588,1374,0.427947598253,267,757,0.352708058124,245,306,0.800653594771,148,340,488,246,105,17,143,294,1688
1642383,69,6,1410,177,461,0.383947939262,75,244,0.30737704918,109,121,0.90082644628,25,114,139,279,44,19,116,119,538
1642402,26,1,218,20,45,0.444444444444,3,14,0.214285714285,16,23,0.695652173913,13,27,40,11,5,6,8,26,59
1642404,34,0,262,28,89,0.314606741573,19,67,0.283582089552,5,6,0.833333333333,8,15,23,17,7,0,3,12,80
1642843,70,70,2343,559,1194,0.468174204355,72,244,0.295081967213,283,342,0.827485380116,86,380,466,316,84,64,161,142,1473
1642844,69,4,1557,331,656,0.504573170731,61,178,0.342696629213,90,119,0.756302521008,54,180,234,266,54,24,99,139,813
1642845,75,75,2623,451,1030,0.437864077669,149,421,0.353919239904,148,181,0.817679558011,122,301,423,315,107,39,137,214,1199
1642846,72,61,1987,395,892,0.442825112107,137,398,0.344221105527,66,88,0.75,104,198,302,131,60,49,107,193,993
1642847,82,49,2111,437,1006,0.43439363817,101,306,0.330065359477,194,246,0.788617886178,60,240,300,279,97,30,178,151,1169
1642848,60,42,1442,271,647,0.418856259659,115,321,0.358255451713,76,87,0.87356321839,29,141,170,122,33,18,93,122,733
1642849,56,31,1243,182,479,0.379958246346,61,192,0.317708333333,74,94,0.787234042553,14,85,99,213,45,23,129,119,499
1642851,81,80,2550,515,1084,0.475092250922,273,642,0.425233644859,195,226,0.862831858407,97,335,432,274,57,19,161,169,1498
1642852,81,48,2023,354,748,0.473262032085,23,88,0.261363636363,217,273,0.794871794871,136,436,572,298,84,74,190,215,948
1642853,55,1,673,87,215,0.40465116279,45,130,0.346153846153,19,34,0.558823529411,57,67,124,16,22,21,29,64,238
1642854,44,2,499,91,169,0.538461538461,29,75,0.386666666666,16,29,0.551724137931,44,52,96,26,16,15,23,65,227
1642855,2,0,6,0,3,0.0,0,2,0.0,0,0,0.0,0,0,0,0,1,0,0,1,0
1642856,52,45,1308,179,449,0.398663697104,124,322,0.385093167701,54,65,0.830769230769,21,144,165,173,42,17,86,93,536
1642857,53,12,944,102,238,0.428571428571,66,156,0.423076923076,58,66,0.878787878787,43,95,138,137,33,7,50,99,328
1642859,54,0,586,89,188,0.473404255319,28,79,0.354430379746,33,46,0.717391304347,21,42,63,58,19,2,25,53,239
1642860,74,18,1632,271,618,0.43851132686,78,247,0.315789473684,144,180,0.8,56,156,212,146,54,9,94,91,764
1642862,31,0,367,38,95,0.4,24,60,0.4,32,39,0.820512820512,13,60,73,24,5,3,13,36,132
1642863,46,1,411,56,105,0.533333333333,5,21,0.238095238095,22,31,0.709677419354,49,84,133,6,5,33,25,43,139
1642864,74,3,1083,117,246,0.475609756097,42,116,0.362068965517,13,26,0.5,62,184,246,40,42,21,38,124,289
1642866,40,3,314,65,98,0.663265306122,0,0,0.0,26,37,0.702702702702,45,47,92,12,7,26,11,47,156
1642867,57,22,1245,198,342,0.578947368421,17,50,0.34,71,108,0.657407407407,133,152,285,106,52,53,59,147,484
1642868,71,0,817,108,265,0.407547169811,52,155,0.335483870967,30,42,0.714285714285,38,140,178,47,16,23,33,94,298
1642869,59,2,757,82,203,0.403940886699,30,93,0.322580645161,33,48,0.6875,67,120,187,70,30,18,42,70,227
1642873,22,2,145,10,20,0.5,0,0,0.0,10,14,0.714285714285,9,31,40,10,3,10,11,19,30
1642874,57,15,1187,178,440,0.404545454545,68,211,0.322274881516,84,109,0.770642201834,57,224,281,127,30,32,73,126,508
1642875,74,56,1963,383,671,0.570789865871,24,74,0.324324324324,132,168,0.785714285714,142,414,556,100,38,39,94,170,922
1642876,25,0,148,16,31,0.516129032258,1,3,0.333333333333,14,22,0.636363636363,9,19,28,10,7,2,9,19,47
1642877,61,4,912,106,275,0.385454545454,28,108,0.259259259259,22,29,0.758620689655,46,71,117,61,43,9,20,96,262
1642878,50,1,545,93,225,0.413333333333,46,131,0.351145038167,40,45,0.888888888888,11,53,64,74,25,0,40,59,272
1642879,44,11,916,120,303,0.39603960396,19,90,0.211111111111,73,88,0.829545454545,20,72,92,145,38,8,99,81,332
1642880,37,7,616,68,169,0.402366863905,22,75,0.293333333333,4,8,0.5,15,45,60,119,18,0,36,39,162
1642883,82,19,1843,138,372,0.370967741935,83,236,0.351694915254,82,98,0.836734693877,49,238,287,163,52,20,65,148,441
1642885,69,7,634,90,213,0.422535211267,48,130,0.36923076923,18,24,0.75,15,79,94,53,17,6,30,50,246
1642886,12,0,83,15,36,0.416666666666,13,30,0.433333333333,2,2,1.0,1,7,8,10,1,0,4,6,45
1642905,43,1,299,31,100,0.31,5,42,0.119047619047,28,34,0.823529411764,20,46,66,22,3,10,32,43,95
1642907,62,47,1597,305,648,0.470679012345,93,275,0.338181818181,140,166,0.843373493975,83,281,364,171,40,27,105,126,843
1642910,6,0,41,4,14,0.285714285714,3,10,0.3,4,4,1.0,0,6,6,2,2,0,0,5,15
1642911,5,0,36,5,8,0.625,0,0,0.0,4,4,1.0,2,12,14,2,0,5,1,3,14
1642914,41,12,829,134,288,0.465277777777,60,142,0.422535211267,68,82,0.829268292682,36,92,128,151,34,9,56,65,396
1642917,11,1,36,2,8,0.25,1,4,0.25,2,2,1.0,3,3,6,2,1,0,3,10,7
1642918,23,0,145,16,50,0.32,4,21,0.190476190476,15,19,0.78947368421,9,12,21,12,8,4,8,12,51
1642920,68,16,1351,179,384,0.466145833333,80,196,0.408163265306,57,69,0.826086956521,29,124,153,109,49,10,81,146,495
1642942,31,7,673,77,195,0.394871794871,19,75,0.253333333333,19,35,0.542857142857,23,58,81,69,37,14,49,67,192
1642949,41,0,423,64,100,0.64,1,5,0.2,47,62,0.758064516129,37,80,117,12,5,30,23,66,176
1642950,37,2,344,36,77,0.467532467532,2,19,0.105263157894,15,40,0.375,45,67,112,42,12,8,16,49,89
1642954,69,21,1376,162,346,0.468208092485,71,212,0.334905660377,46,54,0.851851851851,67,105,172,93,80,9,53,131,441
1642962,63,24,1319,144,358,0.402234636871,51,182,0.280219780219,69,77,0.896103896103,21,90,111,91,36,14,60,89,408
1642964,40,0,347,27,71,0.38028169014,7,24,0.291666666666,7,10,0.7,19,59,78,22,11,5,10,27,68
1643007,38,0,492,60,158,0.379746835443,41,125,0.328,10,16,0.625,10,49,59,40,26,4,27,38,171
